864,Nicholas Parsons
777,Paul Merton
569,Alan Coren
547,Clement Freud
475,Ian Hislop
446,Graeme Garden
434,Barry Cryer
405,Tim Brooke-Taylor
397,Jeremy Hardy
378,Phill Jupitus
346,Kenneth Williams
334,Humphrey Lyttelton
330,Peter Jones
313,Sandi Toksvig
309,Derek Nimmo
308,Barry Took
299,Simon Hoggart
288,Jimmy Carr
246,David Mitchell
238,Andy Hamilton
230,Stephen Fry
223,Alan Davies
222,Richard Ingrams
216,Sean Lock
208,Francis Wheen
202,Angus Deayton
200,Tony Hawks
185,Mark Lamarr
176,Willie Rushton
167,Dara O'Briain
164,Jack Dee
162,Sue Perkins
159,Keith Lemon
157,Bill Bailey
143,Holly Willoughby
142,Linda Smith
141,Hugh Dennis
133,Fearne Cotton
132,Jon Richardson
122,Andy Parsons
110,Rufus Hound
107,Lee Mack
105,Sheila Hancock
104,Fred MacAulay
104,Rob Brydon
98,Marcus Brigstocke
97,Susan Calman
97,Graham Norton
96,Vic Reeves
96,Gyles Brandreth
92,Miles Jupp
90,Jo Brand
88,Sean Hughes
87,Bob Mortimer
85,Noel Fielding
81,Chris Addison
78,Frankie Boyle
78,Ulrika Jonsson
78,Ross Noble
75,Jason Manford
74,Mark Steel
69,Clive Anderson
66,Joe Wilkinson
64,Russell Howard
62,Julian Clary
62,Matt Lucas
61,Rachel Riley
61,Johnny Vegas
60,Jenny Eclair
59,John Sergeant
59,Ed Byrne
54,Victoria Coren Mitchell
54,Andree Melly
52,Sarah Millican
51,Susie Dent
50,Liza Tarbuck
49,Tim Rice
48,Josh Widdicombe
48,Rhod Gilbert
47,Sean Locke
47,Seann Walsh
43,Katherine Ryan
43,Holly Walsh
42,Danielle Ward
42,Simon Amstell
42,Lucy Porter
41,Henning Wehn
40,Kit Hesketh-Harvey
39,Rich Hall
39,Nick Grimshaw
39,Jack Whitehall
38,Gino D'Acampo
38,Alun Cochrane
38,John Wells
38,Chris Ramsey
37,Rob Beckett
37,David Baddiel
36,Dave Spikey
36,Armando Iannucci
34,Aimi Macdonald
34,David O'Doherty
33,Arthur Smith
33,Mark Watson
33,Wendy Richard
33,Melvin O'Doom
33,Dave Gorman
33,Rochelle Humes
33,Milton Jones
33,Jonathan Ross
32,Hugo Rifkind
32,Romesh Ranganathan
32,Roisin Conaty
31,Will Self
30,Sara Pascoe
29,Shappi Khorsandi
29,Joan Bakewell
29,Stephen Mangan
29,Margaret Cabourn-Smith
28,Barry Norman
28,Alexander Armstrong
28,Reginald D. Hunter
28,Bill Oddie
28,Michael Legge
28,Andrew Maxwell
27,Russell Kane
27,Richard Osman
27,Jeremy Clarkson
27,Chris Neill
26,Claudia Winkleman
26,Michael White
26,Richard Herring
26,Rebecca Front
25,Josie Lawrence
25,Frank Skinner
25,Bill Tidy
24,Roy Hattersley
24,Pam Ayres
23,Greg Davies
23,Micky Flanagan
23,Stan McMurtry
22,Joe Lycett
22,Russell Davies
21,Bob Mills
21,Clement Freud MP
20,Carol Vorderman
20,Rory Bremner
20,Steve Punt
20,Nick Clarke
20,Kevin McHale
20,Janet Street-Porter
20,Dan Renton Skinner
20,Charles Collingwood
19,Steve Frost
19,Carrie Quinlan
19,John Sessions
19,Danny Baker
19,Nigel Dempster
19,Germaine Greer
19,Des Clarke
19,David Taylor
18,Greg Proops
18,Krishnan Guru-Murthy
18,Jo Caulfield
18,John Finnemore
18,Simon Evans
18,Kevin Bridges
18,Chris Stark
18,Geraldine Jones
17,Gillian Reynolds
17,Charlie Brooker
17,Ann Leslie
17,David Walliams
17,Denise Coffey
17,Josie Long
17,James Acaster
16,John O'Farrell
16,Lloyd Langford
16,Aisling Bea
16,Maureen Lipman
16,Michael McIntyre
16,Katy Brand
16,Fred Macaulay
15,Paddy McGuinness
15,Robert Webb
15,Martin Clunes
15,Robin Ince
15,Stewart Francis
15,Gabby Logan
15,Alfred Marks
15,Bridget Christie
15,Samira Ahmed
15,Peter Serafinowicz
14,Lauren Laverne
14,Ken Livingstone
14,Charles Kennedy
14,Kelly Brook
14,Paul Sinha
14,Sara Cox
14,Kirsty Young
13,Claire Rayner
13,Alex Brooker
13,Justin Moorhouse
13,Peter Cook
13,Gary Delaney
13,Joey Essex
13,Tom Wrigglesworth
13,Elis James
13,Julia Hartley-Brewer
13,Zoe Lyons
13,Stacey Solomon
13,Andrew Rawnsley
13,Clive James
12,Patrick Kielty
12,Example
12,Patrick Moore
12,Eamonn Holmes
12,Will Smith
12,Lorraine Kelly
12,Rick Wakeman
12,Mel Giedroyc
12,Jamelia
12,Alan Carr
12,Adam Hills
12,Louis Walsh
11,Victoria Wood
11,Isy Suttie
11,Maria McErlane
11,Caroline Flack
11,Richard Ayoade
11,Charlie Higson
11,Bel Mooney
11,Dom Joly
11,Adam Buxton
11,Vernon Kay
11,John Junkin
10,Neil Mullarkey
10,Jonathan King
10,Miranda Hart
10,Tony Slattery
10,Professor Green
10,Kevin Day
10,Danny Dyer
10,Alex Horne
10,Paul Foot
10,James Corden
10,Denise Van Outen
10,Angela Rippon
10,Jan Ravens
10,Kevin Eldon
10,Nick Helm
10,Louie Spence
10,Fi Glover
10,Eddie Izzard
10,John Bishop
9,Fern Britton
9,Omid Djalili
9,Tony Law
9,Davina McCall
9,Paloma Faith
9,Olly Murs
9,Matthew Parris
9,Peter Bradshaw
9,Myleene Klass
9,Ronni Ancona
9,Keir McAllister
9,Boris Johnson
9,Dermot O'Leary
9,Dave Berry
9,Melanie Chisholm
9,Lucy Beaumont
9,Ian McMillan
9,Tony Banks
9,Tess Daly
9,Gina Yashere
9,Kathy Burke
9,John Oliver
9,Kate Adie
8,Richard Madeley
8,John Cleese
8,Ben Miller
8,Julia Langdon
8,Hal Cruttenden
8,Jeff Green
8,Martin Young
8,Janey Godley
8,Libby Purves
8,Rickie Haywood Williams
8,Mark Stein
8,Simon Jenkins
8,Richard Murdoch
8,June Sarpong
8,Hunter Davies
8,Ed Gamble
8,Trisha Goddard
8,Gay Search
8,Aston Merrygold
8,Richard Coles
8,Katharine Whitehorn
8,Jo Kendall
8,Russell Brand
8,Kirsty Wark
8,Griff Rhys Jones
8,Bobby Mair
8,Pauline McLynn
7,Michael Bywater
7,Vanessa Feltz
7,Melanie Brown
7,Nathan Caton
7,Alex Jones
7,Richard Fairbrass
7,Valerie Grove
7,Stephen K. Amos
7,Alex Zane
7,Sue Cook
7,Richard Bacon
7,Clare Balding
7,Rick Edwards
7,Alexei Sayle
7,Peter Andre
7,Joe Swash
7,Rylan Clark
7,Justin Edwards
7,Ricky Wilson
7,Rory McGrath
7,Kimberly Wyatt
7,Emma Bunton
7,Penny Smith
7,Chris Moyles
7,Jason Byrne
7,Harry Judd
7,Nick Revell
7,Dr. Phil Hammond
7,Matthew Crosby
7,Lance Percival
7,Ellie Taylor
7,Miles Kington
7,Danny Jones
7,Ava Vidal
7,Camilla Long
7,Tim Minchin
7,Kelly Osbourne
7,Stuart Maconie
7,Tinchy Stryder
7,Al Murray
7,Andy Zaltzman
6,Dappy
6,Angela Barnes
6,Alex James
6,Louise Redknapp
6,Rachael Heyhoe-Flint
6,Christian Jessen
6,Matt Forde
6,Mark Nelson
6,Neil Morrissey
6,Kym Marsh
6,Meera Syal
6,Nick Robinson
6,Stuart Mitchell
6,Janet Brown
6,Harry Hill
6,Andi Osho
6,Scott Mills
6,Gok Wan
6,Stewart Lee
6,Tony Wright
6,Martin Jarvis
6,Marvin Humes
6,Kate Garraway
6,Lethal Bizzle
6,Damian Lewis
6,Scott Capurro
6,Jessica Hynes
6,Tim Vine
6,Humphrey Ker
6,Jarred Christmas
6,Sanjeev Bhaskar
6,Jean Marsh
6,Antony Cotton
6,Michael Ball
6,Jackie Clune
6,Jane Thynne
6,Johnny Vaughan
5,Diane Morgan
5,Nish Kumar
5,Laura Whitmore
5,Annabel Giles
5,Charlotte Crosby
5,Kian Egan
5,Dougie Poynter
5,Grace Dent
5,Matthew Norman
5,Carl Donnelly
5,Eve Pollard
5,Tara Palmer-Tomkinson
5,Christine Bleakley
5,Nick Hewer
5,Stephen Frost
5,Graham Linehan
5,Les Dennis
5,Spencer Matthews
5,Jayne Middlemiss
5,Lembit Ã–pik
5,Hattie Hayridge
5,Celia Pacquola
5,Verne Troyer
5,Craig Revel Horwood
5,Tom Fletcher
5,Bob Marshall-Andrews
5,Sarah Kendall
5,Andrew Neil
5,Bernard Cribbins
5,Michelle Keegan
5,Dave Johns
5,Martin Freeman
5,Kenny Everett
5,Tulisa Contostavlos
5,John Bird
5,David Tennant
5,Hugh Fearnley-Whittingstall
5,Conor Maynard
5,Trevor McDonald
5,Michael Winner
5,Angela Gordon
5,Terry Wogan
5,Kerry Godliman
5,John Craven
5,Toyah Willcox
5,Natalie Cassidy
5,Steve Jones
5,Valerie Singleton
5,Jimmy Mulville
5,Bill Deedes
5,John Simpson
5,Phil Hammond
5,Geoffrey Dickinson
5,Richard Wilson
5,Christopher Biggins
5,Rob Delaney
5,Louis Smith
5,Mark Wright
4,Jamie Laing
4,Ella Eyre
4,Donna McPhail
4,Billy Bragg
4,Rob Buckman
4,Magnus Pyke
4,Mike McShane
4,Betty Marsden
4,Jennifer Saunders
4,Warwick Davis
4,Math Priest
4,Nick Doody
4,Lisa Snowdon
4,Rhys Thomas
4,Tony Blackburn
4,Gemma Collins
4,Juno Alexander
4,Alistair McGowan
4,Colin Lane
4,Ardal O'Hanlon
4,Chris Forbes
4,Sam Faiers
4,Christopher Timothy
4,Richard E. Grant
4,Victor Spinetti
4,Ana Matronic
4,Jack P. Shepherd
4,Rob Rouse
4,James Blunt
4,Bradley Walsh
4,Jordan 'Rizzle' Stephens
4,Suzi Quatro
4,Tony Livesey
4,Mark 'Bez' Berry
4,Huey Morgan
4,Terry Christian
4,Grayson Perry
4,Ricky Tomlinson
4,Tom Rosenthal
4,Tiffany Stevenson
4,William Franklyn
4,Helen Flanagan
4,Catherine Tate
4,Douglas Stuart
4,Patsy Kensit
4,John Humphrys
4,John Thomson
4,Alan Duncan
4,Perrie Edwards
4,Peter Hillmore
4,Konnie Huq
4,Pixie Lott
4,Lee Ryan
4,Austin Mitchell
4,Clare Grogan
4,Kate Robbins
4,Chris Packham
4,Jay McGuiness
4,Alex Salmond
4,Jon Snow
4,Jay Lafferty
4,Bob Monkhouse
4,Sally Lindsay
4,Richard Hammond
4,Dane Bowers
4,Matt Richardson
4,Yasmine Akram
4,Liz McClarnon
4,Suggs
4,Chris Tarrant
4,Katy B
4,Wretch 32
4,Jason Donovan
4,Gregg Wallace
4,Emma Willis
4,Reverend Richard Coles
4,Leigh-Anne Pinnock
4,Ray Alan
4,David Aranovich
4,Simon Day
4,Brian Sewell
4,Ruth Jones
4,Peter Stringfellow
4,Polly Toynbee
4,Jesy Nelson
4,Keith Duffy
4,John Barrowman
4,Mike Wilmot
4,Sue Arnold
4,Jameela Jamil
4,Jade Thirlwall
4,Carol Thatcher
4,Katie Price
4,David Aaronovitch
4,Dane Baptiste
4,Fazer
4,John Cooper Clarke
4,Michael Buerk
4,Diane Abbott
4,Mark Owen
4,Jaymi Hensley
4,Henry Kelly
4,Ronan Keating
4,Alesha Dixon
4,David Gest
4,Phillip Schofield
4,Ian Messiter
4,Dr Phil Hammond
4,Trevor Noah
3,Iain Lee
3,Joanna Coles
3,Rhys James
3,Sheila Ferguson
3,Warren Mitchell
3,Tim Key
3,Kristen Schaal
3,Noddy Holder
3,Ashley Walters
3,Diana Vickers
3,Craig Ferguson
3,Vanessa White
3,Alan Johnson
3,Brooke Vincent
3,Vincent Hanna
3,Alice Levine
3,Oliver Pritchett
3,Nancy Dell'Olio
3,Jason Cook
3,Kate Thornton
3,Irma Kurtz
3,Kerry Katona
3,Dale Winton
3,Michael Aspel
3,Michael Deacon
3,Ian Stone
3,Moira Stuart
3,Kenzie
3,Preston
3,Mani
3,Hugh Laurie
3,Jack Docherty
3,Mark Ronson
3,Dynamo
3,Prof. Brian Cox
3,Keith Chegwin
3,Danny Wallace
3,Mike Harding
3,Jim Jefferies
3,Neil Kinnock
3,Sinitta Renet Malone
3,James May
3,Sharon Horgan
3,Gordon Ramsay
3,Quentin Letts
3,Goldie
3,Simon Munnery
3,Deborah Meaden
3,Brian Johnston
3,Ruby Wax
3,Michael Grade
3,Katie Melua
3,Alex Reid
3,Robert Harris
3,Adam Boulton
3,Mark Little
3,Jamie Cullum
3,David Dickinson
3,Stephen K Amos
3,Midge Ure
3,Martine McCutcheon
3,Alan Rusbridger
3,Daniel Finkelstein
3,John Walters
3,Des Lynam
3,Christian O'Connell
3,Laurie Taylor
3,Gemma Cairney
3,Richard Whiteley
3,Michael Billington
3,Jason Gardiner
3,Junior Simpson
3,Dr Christian Jessen
3,Bruce Dickinson
3,Roy Walker
3,Amy Childs
3,Matthew Wright
3,Dave Fulton
3,Caroline Quentin
3,Fish
3,Paul Young
3,Harley 'Sylvester' Alexander-Sule
3,Joanna Scanlan
3,Victoria Mather
3,Paul Daniels
3,Kate Humble
3,Anneka Rice
3,Nick Hancock
3,Oliver Pritchard
3,Alistair Beaton
3,George Shelley
3,Jodie Kidd
3,Kimberley Walsh
3,Jo Whiley
3,Liz Fraser
3,Roisin Murphy
3,Glenda Jackson
3,Heidi Range
3,Eliza Doolittle
3,Jennie Bond
3,Valerie Jenkins
3,Alexa Chung
3,Kate Silverton
3,Ashley Banjo
3,Lisa Stansfield
3,Francesca Martinez
3,Lisa Scott-Lee
3,Sheridan Morley
3,Rowland Rivron
3,Tim Westwood
3,Richard Littlejohn
3,Ashley Roberts
3,Tommy Trinder
3,John Grimes
3,Barry Fantoni
3,Paul Hollywood
3,Alan Cumming
3,William Hague
3,Dermot Morgan
3,Foxes
3,Daniel Sloss
3,Dominic Lawson
3,Jeremy Edwards
3,Har Mar Superstar
3,Adam Ant
3,Andrew Flintoff
3,Dominic Holland
3,Max Boyce
3,Abbey Clancy
3,Ralf Little
3,Edith Bowman
3,Sally Phillips
3,Antony Costa
3,Helen Zaltzman
3,Nathan Sykes
3,Joan Rivers
3,Brigitte Nielsen
3,Gareth Malone
3,Josie D'Arby
3,Boy George
3,Chris Kamara
3,Harry Enfield
3,Max George
3,Ben Adams
3,Jerry Springer
3,Charmian Innes
3,David Haye
3,Phil Kay
3,Amir Khan
3,Charlotte Church
3,Yvette Fielding
3,Laurence Llewelyn-Bowen
3,Greg Rutherford
3,Cal Wilson
3,Margaret Howard
3,Mathew Horne
3,Peaches Geldof
3,Chris Langham
3,Helen Lederer
3,Tom Parker
3,Euan Ferguson
3,Edward Grimes
3,Ben Norris
3,Bruno Tonioli
3,Cerys Matthews
3,Charlie Simpson
3,Brian Blessed
3,Fay Ripley
3,Jon Culshaw
3,Owen O'Neill
3,Fiona Allen
3,Iain Stirling
3,David Hasselhoff
3,Patsy Palmer
3,Vic Henley
2,Anna Ford
2,Duncan James
2,Tulisa
2,Joey Page
2,Bobby Davro
2,Dominic Wood
2,Leo Sayer
2,Tom Baker
2,Faye Tozer
2,Anne Robinson
2,Loyd Grossman
2,Ian 'H' Watkins
2,Coleen Nolan
2,Louise Wener
2,Jeremy Vine
2,Tommy Vance
2,Neil Hamilton
2,Zoë Ball
2,Michael Brown
2,Duncan Bannatyne
2,K.T. Tunstall
2,Claire Richards
2,Kayvan Novak
2,Louise Welsh
2,Maria Mcerlane
2,Daisy Sampson
2,Nihal Arthanyake
2,Zoe Williams
2,Rosie Boycott
2,Ben Fogle
2,Craig Gazey
2,Laura Solon
2,Bruce Forsyth
2,David Grant
2,Jeremy Beadle
2,Anne McElvoy
2,Tony Hadley
2,Kathryn Williams
2,Lisa Rogers
2,Matt Littler
2,Janet Ellis
2,John Robins
2,Charlie Brooks
2,Irwin Sparkes
2,Roy Hattersley MP
2,Thomas Turgoose
2,Amelia Lily
2,Richard Morton
2,Howard Goodall
2,Grant Nicholas
2,Mariella Frostrup
2,Gerald Kaufman
2,Arlene Phillips
2,Giles Coren
2,Charlie Baker
2,Lisa Maffia
2,Ben Goldacre
2,Frank Bough
2,David Guetta
2,Peter Jenkins
2,Martin Jackson
2,Belinda Carlisle
2,Jonathan 'J.B.' Gill
2,John Baddeley
2,Elaine Stritch
2,Gail Porter
2,Dan Tetsell
2,Adam Bloom
2,Jennifer Metcalfe
2,David Van Day
2,Evan Davis
2,Jane McDonald
2,Gordon Clough
2,Tanya Strecker
2,Emily Atack
2,Glen Matlock
2,Adil Ray
2,Kenneth Robinson
2,John Partridge
2,David Reed
2,Rachel Johnson
2,George Lamb
2,Brian Taylor
2,Josie Gibson
2,Ollie Locke
2,Rod Liddle
2,Jeremy Bowen
2,Sarah Cawood
2,The Earl of Onslow
2,Antony Worrall Thompson
2,Carol Smillie
2,Catherine Tyldesley
2,Clarke Carlisle
2,Tom Robinson
2,Lee Hurst
2,Julian Fellowes
2,David Jacobs
2,Kevin Maguire
2,Eleanor Summerfield
2,Gemma Merna
2,Simon Williams
2,Paul Kaye
2,Simon Bates
2,Fern Brady
2,John Lloyd
2,David Morgan
2,Tinie Tempah
2,Chipmunk
2,Georgia May Foote
2,Joel Dommett
2,Cathy Newman
2,Heston Blumenthal
2,John Fortune
2,Ian Carmichael
2,Dave Myers
2,Edwina Currie
2,Libby Brooks
2,Pete Tong
2,Muriel Gray
2,Nicole Scherzinger
2,Howard Jones
2,Andrew Marr
2,James Arthur
2,Craig Cash
2,P. J. O'Rourke
2,Gordon Kennedy
2,Michael Palin
2,Rupert Allason
2,Melanie Sykes
2,D.J. Spoony
2,Coolio
2,John Hannah
2,Siobhan Fahey
2,Ray Winstone
2,John Newman
2,Tony Mortimer
2,Greg Dyke
2,Felix Dexter
2,Nina Conti
2,Gareth Jones
2,Gerry Kelly
2,Lily Allen
2,Jacob Rees-Mogg
2,June Whitfield
2,Susanna Reid
2,David Schneider
2,Brian McFadden
2,Katie Grant
2,Nick Ross
2,Cat Deeley
2,James Martin
2,Jaime Winstone
2,Mo Mowlam
2,Jason Biggs
2,Tim Lovejoy
2,Greg James
2,Shingai Shoniwa
2,Jade Jones
2,Beverley Turner
2,Michael Heath
2,DJ Sammy
2,Terry Hall
2,Cyrus Broacha
2,Sarah Harding
2,Stanley Unwin
2,John Diamond
2,Anne Diamond
2,Amy Winehouse
2,Aled Jones
2,Peter Hobday
2,David Steele
2,Martin Wainwright
2,Joanna Page
2,Peter Oborne
2,Rolf Harris
2,Donald Trelford
2,Henry Winkler
2,Martel Maxwell
2,Andrew Collins
2,Max Clifford
2,Jade Goody
2,Leslie Ash
2,Tony Christie
2,Samantha Womack
2,Reece Shearsmith
2,Jenni Falconer
2,Lucy Bartlett
2,Jonathan Lynn
2,Tyger Drew-Honey
2,Sophie Ellis-Bextor
2,John Groser
2,Janice Dickinson
2,Kathy Lette
2,Glenn Tilbrook
2,Larry Lamb
2,Peter Tory
2,Anuvab Pal
2,Mollie King
2,Matt Willis
2,Tom Allen
2,David Steel
2,Katy Wix
2,Jon McClure
2,Jordan "Rizzle" Stephens
2,Natalie Haynes
2,Prunella Scales
2,Phil Daniels
2,JJ Hamblett
2,Christine Hamilton
2,Martyn Young
2,Ruth Langsford
2,Robert Peston
2,Samia Ghadie
2,Olivia Lee
2,Katie Hopkins
2,Chris Dunkley
2,Harley "Sylvester" Alexander-Sule
2,Brian Molko
2,Adrian Chiles
2,Phil Jupitus
2,Alice Cooper
2,Carol McGiffin
2,Jacqueline MacKenzie
2,Jessica Wright
2,Doon Mackichan
2,John-Luke Roberts
2,Matt Edmondson
2,Shaun Keaveny
2,Josh Cuthbert
2,James Argent
2,Jane Moore
2,Richie Wermerling
2,Julia Sutherland
2,Kirsty Gallacher
2,Rita Ora
2,Peter McKay
2,Piers Morgan
2,Lenny Henry
2,Chris Evans
2,Mark Thomas
2,Chas Hodges
2,Sarah Greene
2,Daniel Radcliffe
2,Sway DaSafo
2,Fiona Ross
2,Magnus Magnusson
2,Shovell
2,Michelle Williams
2,Ann Widdecombe
2,Jason Derulo
2,Declan Donnelly
2,Rhys Darby
2,Matt Hales
2,Ivo Graham
2,Blythe Duff
2,Shane Filan
2,Nik Rabinowitz
2,Stanley McMurtry
2,Armando Lannucci
2,Jimmy Bullard
2,Hannibal Buress
2,Katherine Parkinson
2,Stephen Mulhern
2,Emma Kennedy
2,Jessica Taylor
2,Thora Hird
2,Dizzee Rascal
2,Shane Richie
2,Jack Osbourne
2,Jake Wood
2,Anthea Turner
2,Dan Snow
2,Richard Stilgoe
2,Russell Grant
2,Cariad Lloyd
2,William Rushton
2,Robert Lindsay
2,Rich Fulcher
2,Tom Davis
2,Victoria Silvstedt
2,Steve Richards
2,Ben Ofoedu
2,Nigel Farage MEP
2,Chris Lowe
2,John Pardoe
2,Jake Humphrey
2,Raghav
2,Noel Clarke
2,Tamzin Outhwaite
2,Leeroy Thornhill
2,Jarvis Cocker
2,Steve Strange
2,Neil Hannon
2,Lee Simpson
2,John Prescott
2,Anton du Beke
2,Sabrina Washington
2,Jerry Hayes
2,Emma Freud
2,Paul Ross
2,Newton Faulkner
2,Jonathan Dimbleby
2,Glenn Wool
2,Chris O'Dowd
2,Shobna Gulati
2,Julia Zemiro
2,Theo Hutchcraft
2,Susan Jeffreys
2,Nigella Lawson
2,Jake Roche
2,Linda Christmas
2,D.J. Ironik
2,Miriam Karlin
2,Michael Crick
2,Harry Shearer
2,Ricky Norwood
2,Richard Park
2,Stephen Bayley
2,Rita Simons
2,Tommy Tiernan
2,Lionel Blair
2,Shaun Williamson
2,Pete McCarthy
2,Frankie Sandford
2,Phil Spencer
2,Christopher Matthew
2,Shami Chakrabarti
2,Aaron Gilbert
2,Henry Blofeld
2,Alvin Stardust
2,Shaun Ryder
2,Martin Fry
2,Russell Tovey
2,Cathy Dennis
2,Stanley Johnson
2,Jon Ronson
2,Andrew O'Neill
2,Helen Atkinson-Wood
2,Ben Shephard
2,Josh Groban
2,Anthony McPartlin
2,Maverick Sabre
2,OritsÃˆ Williams
2,Liz Bonnin
2,Una Healy
2,Ryan Jarman
2,Joel Pott
2,Tony Wilson
2,Debra Stephenson
2,Rhona Cameron
1,Daisy Lowe
1,Alexandra 'Binky' Felstead
1,Dave Hill
1,Jackie Mason
1,Juliette Lewis
1,Anglea Barnes
1,Ali Campbell
1,Teddy Mitchell
1,Little Boots
1,Quentin Willson
1,Nik Kershaw
1,Mickey Hutton
1,Daniel Merriweather
1,Trinny Woodall
1,Gavin Webster
1,William Deedes
1,Norman Willis
1,Barunka O'Shaughnessy
1,Desmond Lynam
1,Corrie Corfield
1,Maisie Williams
1,Val McDermid
1,Jennie McAlpine
1,Mohammad al-Massari
1,Doug Stanhope
1,Dawn French
1,Cecil Parkinson
1,Stine Bramsen
1,Robin Lustig
1,Barry Humphries
1,Des O'Connor CBE
1,Stephen Merchant
1,Marianne Faithfull
1,Sebastian Bach
1,Ricky Ross
1,Michael Fabricant
1,Lianne La Havas
1,Gary Rhodes
1,Tracey Emin
1,Matthew Wolfenden
1,Robert Rinder
1,Neil Innes
1,Hayley Tamaddon
1,Jane Leeves
1,Kirsty Lang
1,Tommy Scott
1,Felix Buxton
1,Frankie Bridge
1,Diane Hart
1,David Essex
1,Richard Boston
1,Emily Ashton
1,Daniela Denby-Ashe
1,Armando lannucci
1,Ruth Badger
1,Alan Cochrane
1,Roni Size
1,Miles Hunt
1,Robin Campbell
1,Kim Marsh
1,John Entwistle
1,Ian Smith
1,Jennifer Paterson
1,Katherine Jakeways
1,Steve Pemberton
1,Edwin King
1,Marjorie Proops
1,Gabrielle
1,Tameka Empson
1,Kieron Harvey
1,Jim Carter
1,Jim Sweeney
1,Keedie Babb
1,Alex Carter
1,Paul Whitehouse
1,Helen Skelton
1,John Gordillo
1,Target
1,Michael Sheen
1,Reg Presley
1,Thom Tuck
1,Steve Race
1,Gemma Whelan
1,Linda Robson
1,Freddie Flintoff
1,George Melly
1,Howard Marks
1,Chitra Ramaswamy
1,Vladimir McTavish
1,Rick McMurray
1,Tania Bryer
1,Jenny Frost
1,Frances Coverdale
1,Tiff Stevenson
1,Jessica Origliasso
1,Jake Yapp
1,Simon Price
1,Matt Goss
1,Zoey Lyons
1,Brian Belo
1,Khali Best
1,Chris Baker
1,Judith Brown
1,Jonas Armstrong
1,Ron Mael
1,Natalie Appleton
1,Matt Baker
1,Janeane Garofalo
1,Carrie Fisher
1,Patrick Wolf
1,Abandoman
1,Matt Shultz
1,Robert Newman
1,Alexandra Buggs
1,Jimmy Cliff
1,Robin Cook
1,Craig Campbell
1,Enn Reitel
1,Dan Hipgrave
1,Sadiq Khan MP
1,Lucy Montgomery
1,Anika Bostelaar
1,Norman Pace
1,Uri Geller
1,Simon Platt
1,Robert Winston
1,Bernard Falk
1,Jimmy Anderson
1,Mark Joseph
1,Robbie Williams
1,Laurence Howarth
1,Jesse Thorn
1,Chris Eubank
1,Kelly Llorenna
1,Andy McCluskey
1,Caitlin Moran
1,Peter Donaldson
1,Jimmy Osmond
1,Moyra Bremner
1,Renee Houston
1,Mark Homer
1,Barbara Dickson
1,Sarah Beeny
1,Annie MacManus
1,Mike Wozniak
1,Nicola Adams
1,Oritsé Williams
1,Shaggy
1,Ian McLagan
1,Joe Brown
1,Greg Rusedski
1,David McAlmont
1,Darryn Lyons
1,Ewen MacIntosh
1,Len Goodman
1,Denise Lewis
1,Shola Ama
1,Michael Wood
1,BJ Novak
1,Jonathan Aitken
1,Gary Barlow
1,James Morrison
1,Mason McQueen
1,Steven Peavis
1,Kate Williams
1,Meat Loaf
1,Humphrey Lyttejton
1,Steve Harley
1,Ritchie Neville
1,Christian Slater
1,Mark Gatiss
1,Moira Lister
1,Gary Lineker
1,MC Harvey
1,Nick Moran
1,Easther Bennett
1,Larry Hagman
1,Peter Birkett
1,Mark Morriss
1,Mette Lindberg
1,Nonny Williams
1,Imelda May
1,Keisha White
1,Johnny Logan
1,David Emanuel
1,Damon Gough
1,Peter Hook
1,Raymond Mearns
1,Tim Harford
1,Darcus Howe
1,Estelle
1,James McVey
1,Brandon Block
1,Dave Mustaine
1,Labyrinth
1,Hairy Bikers
1,ZoÃŽ Ball
1,Derek Laud
1,Sonya Madan
1,Rowetta Satchell
1,Gary Moore
1,Phil Nichol
1,Rob Deering
1,Chris Park
1,Raul Malo
1,Andrew Roachford
1,Gary Stringer
1,Bobby Ball
1,Bernie Nolan
1,Russell Watson
1,Andrew MacKinlay
1,Mark Evans
1,Saffron
1,Chelsee Healey
1,Millie Mackintosh
1,Nat Luurtsema
1,Captain Sensible
1,Steve Gribbin
1,Jeffrey Archer
1,William Shatner
1,Stephen Tompkinson
1,Julia Morris
1,Sister Bliss
1,John Taylor
1,Mark Goodier
1,Conrad Black
1,Mike Lewis
1,Tom Watson MP
1,Edwyn Collins
1,Sam Brown
1,DJ Fresh
1,	[ ' Seconds away ' for the antidote to panel games In the red corner Tim Brooke-Taylor and Willie Rushton In the blue corner Barry Cryer and Graeme Garden In a tight corner Humphrey Lyttelton On the bell COLIN SELL On the mat PAUL MAYHEW-ARCHER 12.55 Weather: programme news ]
1,Lord Prescott
1,Sam Bailey
1,Tom Daley
1,Kathy Lloyd
1,Peter Bone MP
1,Nina Wadia
1,Shane Lynch
1,Graham Gouldman
1,Moray Hunter
1,Nigel Demnster
1,Stephen Graham
1,Andy Serkis
1,Ashton Irwin
1,James Broad
1,Tom Stade
1,Frank Delaney
1,Blade
1,Anona Winn
1,Kelly Jones
1,Ryan Richards
1,Sanjeev Kholi
1,Lyn Faulds Wood
1,Andrew Lawrence
1,Sarah-Jane Crawford
1,Ben Haenow
1,Adam Lambert
1,Frank Johnson
1,Gay-Yee Westerhoff
1,Stephen Baldwin
1,Paul Heaton
1,Sam Duckworth
1,Graeme Hawley
1,Barbara Castle
1,Raoul Heertje
1,Chris Steele
1,Fuse ODG
1,Colin the Parrot
1,Lissie
1,Gabriella Cilmi
1,Millie Small
1,Fatboy Slim
1,Michael Brunson
1,David Cross
1,Kelle Bryan
1,Sami Shah
1,Andre Vincent
1,Charlie Clements
1,Jonathan Meades
1,Ray Peacock
1,Greg McHugh
1,John Nicolson
1,Ruth Bratt
1,Clint Boon
1,Joanne Guest
1,Tom McRae
1,Gordon Burns
1,Romeo Stodart
1,Anthony Holden
1,Lord Oaksey
1,Jane Ellison
1,Morwenna Banks
1,Amanda Platell
1,Michelle Collins
1,Stephanie Calman
1,Natasha Kaplinsky
1,Alexandra Burke
1,Gary Brooker
1,Gerry Stergiopoulos
1,Melissa Steel
1,Samantha Beckinsale
1,Chrissie Hynde
1,Terry Major-Ball
1,Barry McGuigan
1,Teddy Taylor
1,Alistair Barrie
1,Bear Grylls
1,Kim Woodburn
1,Carol Kirkwood
1,Gareth Waugh
1,Wilma Ewart
1,Crispin Hunt
1,Megaman
1,Polly Vernon
1,Chris Fountain
1,Robbie Savage
1,Kevin Simm
1,Caroline Wyatt
1,Nerina Pallot
1,Joe Goddard
1,Kirsty MacColl
1,Sir Chris Hoy
1,Miquita Oliver
1,Nicky Shaw
1,Melinda Messenger
1,Peter Capaldi
1,Mark Richardson
1,Joan Turner
1,Dr Erica McAlister
1,Jake Burns
1,Salman Rushdie
1,Kele Le Roc
1,Dean Gaffney
1,Devonte Hynes
1,Melanie Blatt
1,Jean-Jacques Burnel
1,Ken McAlpine
1,Kelli Young
1,Shazia Mirza
1,Laura Dockrill
1,Michael Cole
1,Isa Guha
1,Christopher Brookmyre
1,Fred Ingrams
1,Ray Johnson
1,Lulu
1,Ian Chaloner
1,Dean Dobbs
1,Jon Holmes
1,Matt Fincham
1,Beverley Knight
1,Anna Richardson
1,Calum Best
1,David Shayler
1,Patrick McGuinness
1,Charles Cave
1,Blak Twang
1,Greg Oliver
1,Edward Morris
1,Steve-O
1,Sarah Blackwood
1,Jolyon Rubinstein
1,Lara McAllen
1,Benedict Cumberbatch
1,Owen Jones
1,Thandie Newton
1,Fenella Fielding
1,Jake Canuso
1,Mary Mary
1,Brendan O'Carroll
1,Dan Gillespie Sells
1,Martina Topley-Bird
1,Suzanne Moore
1,Caroline Lucas
1,Jorgie Porter
1,Matthew Marsden
1,Cornelius Lysaght
1,Robert Buckman
1,Lauren Booth
1,Chinyere McKenzie
1,Miranda Richardson
1,GloZell
1,Kiki Dee
1,John Motson
1,Humphrey Lyttellon
1,Sharon Osbourne
1,Jessica Stevenson
1,Ed Sheeran
1,Mara Carlyle
1,Marek Larwood
1,Katy Hill
1,Andrea McLean
1,Eddie Brill
1,Michelle Heaton
1,Melvyn Bragg
1,Andrew Morton
1,Mark Williams
1,Cheryl Baker
1,Rich Archer
1,Ashley Slater
1,Jermaine Jackson
1,Paula Yates
1,Simon King
1,Norman Blake
1,Charli XCX
1,Sonia
1,Tito Jackson
1,Darren Jeffries
1,Danny Finkelstein
1,Kirstie Allsopp
1,Joe Haines
1,Suzi Perry
1,Lucy Mangan
1,Martha Reeves
1,Rhodes Boyson
1,Tony Way
1,Nick Bracegirdle
1,Mikey Green
1,Damon Hill
1,Paul Mayiiew-Archer
1,Lynne Perrie
1,Bridget Rowe
1,Fyfe Dangerfield
1,Teresa Gorman
1,Jean Rook
1,Mena Suvari
1,Malcolm Messiter
1,Dominic Cooper
1,James Rushent
1,Geoffrey Hayes
1,Harry Koisser
1,Jessica Garlick
1,Ashley Taylor Dawson
1,Dan Stevens
1,June Brown
1,David Thomas
1,Robyn Carlsson
1,Steve Mason
1,Michelle Barber
1,Keith Murray
1,Gabby Roslin
1,Lynn Ferguson
1,Danny McNamara
1,Jimmy Tarbuck
1,Tom Basden
1,Anna Burnside
1,The Rt. Hon. Tub of Lard MP
1,Baroness Joan Bakewell
1,Mike Read
1,Nell Shand
1,Paul Litchfield
1,Richard Stilsoe
1,Amanda Byram
1,Sarah Silverman
1,Aluna Francis
1,Richard E Grant
1,Richard McNamara
1,Idil Sukan
1,Amanda Donohoe
1,Nigel Rees
1,Ian Broudie
1,Emma Thompson
1,Cerrie Burnell
1,Cilla Black
1,Will Mellor
1,Samuel Buttery
1,Paul Shane
1,David Harewood
1,Stephen Leacock
1,Crispian Mills
1,Mark Feehily
1,Andrew Whyment
1,Heston Blumenthal OBE
1,Sarah Cracknell
1,Peter Shilton
1,Spike Milligan
1,Jill Tweedie
1,Dick Valentine
1,Hannah Cockroft
1,Michael Gambon
1,Michael Mansfield
1, Germaine Greer
1,Martin Chambers
1,Jim Jeffries
1,Teddie Beverley
1,Jah Wobble
1,Dominic Littlewood
1,Peter Hillimore
1,Calum Hood
1, Ed Byrne
1,Tristan Evans
1,Mike Molloy
1,Jasmine Lowson
1,Joe Washbourn
1,Robbie Coltrane
1,Shystie
1,Mikey North
1,Linda Henry
1,Martin Kemp
1,Joan Collins
1,Elvis Costello
1,Siva Kaneswaran
1,Kriss Akabusi
1,James Pickles
1,Matt Stronge
1,Miriam Margolyes
1,James Jordan
1,Tom Tickell
1,Martin Rossiter
1,Bob Ainsworth
1,Hannah-joy Lewis
1,Van McCann
1,Greg Rutherford MBE
1,Charles Dance
1,Dave Lee Travis
1,Tony Parsons
1,Abz Love
1,Isaac Hanson
1,Curtis Walker
1,Ne-Yo
1,Sarah Cox
1,Alan Fletcher
1,Ben Hanlin
1,Dominic Masters
1,Geoff Capes
1,Jon Lee
1,Jane Walmsley
1,Leigh Marklew
1,Mike Peters
1,Lemn Sissay
1,Simon Bird
1,Ryan Thomas
1,Cheryl Fergison
1,Kate Smurthwaite
1,Tom Bradby
1,Annie Nightingale
1,Mr. Hudson
1,Toni Arthur
1,Alexander O'Neal
1,Marcus Collins
1,Mark Chadwick
1,James Redmond
1,Michael Greco
1,Bonnie Tyler
1,Tina Brown
1,Nadine Dorries MP
1,Mylo
1,Anna Friel
1,Chico Slimani
1,James Lance
1,Ewen Bremner
1,Gary Wilmot
1,Alex Sibley
1,Matthew Collings
1,Lucy Benjamin
1,Luke Pasqualino
1,Jimbob
1,Tom Clarke
1,Marie DuSantiago
1,Mark-Francis Vandelli
1,Eric Bristow
1,Frances Edmonds
1,Sean Rowley
1,Vanilla Ice
1,Brett Domino
1,Robert Llewellyn
1,Claire Sweeney
1,Jacqueline Jossa
1,Louise Bagshawe MP
1,Andy Brown
1,Claire Goose
1,Nell McAndrew
1,Tamara Beckwith
1,Tahita Bulmer
1,Humphrey Lyttelton (Himself - Host)
1,Jo Coburn
1,Paul Leveridge
1,Michelle Gayle
1,Brian Harvey
1,Richard Neville
1,Sarah White
1,Slash
1,Douglas Adams
1,Nick Atkinson
1,Jack Osborne
1,Sian Evans
1,James McQuillan
1,Rumer
1,Victoria Derbyshire
1,Bob Crow
1,Lorraine Pascale
1,Su-Elise Nash
1,Mo Farah
1,Reggie Yates
1,Adele Silva
1,Jonathan Agnew
1,Professor Germaine Greer
1,Tamara Ecclestone
1,Gary Beadle
1,Debbie McGee
1,Adam Richman
1,Baroness Trumpington
1,Glennis Kinnock
1,Juliet Meyers
1,ZoÃ« Ball
1,Tom Gray
1,Gareth Hale
1,James Allan
1,Gareth Malone OBE
1,Mark Seddon
1,Anne Leslie
1,Iggy Azalea
1,Carl Cox
1,Kate Jackson
1,Steven Norris
1,Imran Yusuf
1,Budgie
1,Sadiq Khan
1,Alex Pennie
1,Jamie Oliver
1,Nigel Lawson
1,Nicky Hambleton-Jones
1,Nev Wilshire
1,Eddie Mair
1,Donal MacIntyre
1,Jaret Reddick
1,Chanelle Hayes
1,Craig Revel-Horwood
1,Michael Bolton
1,Yannis Philippakis
1,Roy Wood
1,Lynne Truss
1,Jimeoin
1,Ian Dury
1,Georgie Thompson
1,Tracey Barnard
1,Ian Astbury
1,Richard McCourt
1,Chandrasonic
1,James Buckley
1,Eddy Grant
1,Moby
1,Tim Loughton MP
1,Gavin Esler
1,Kelvin MacKenzie
1,Chantelle Houghton
1,Nick Heyward
1,Lucy Mecklenburgh
1,Phil Alexander
1,Tom Petrie
1,Mark Hoppus
1,Dan Maier
1,Isobel Barnett
1,Rose-Marie
1,Michael Rosen
1,Denise Welch
1,Adele
1,Clare Short
1,Jon Glover
1,Lesley Abdela
1,Lauren Goodger
1,Zoe Ball
1,Saul Davis
1,Kai Humphries
1,Daphne DiConcetto
1,Jamie Benson
1,Amelle Berrabah
1,Andy Fairweather-Low
1,Trevor Phillips
1,Suki Webster
1,Pamela Anderson
1,Susannah Simons
1,Olivia Colman
1,Chris Greener
1,Dave Bartram
1,Alistair Griffin
1,Louis Eliot
1,Eos Chater
1,Hugh Cornwell
1,Gill Pyrah
1,Elinor Goodman
1,Leee John
1,Matt Berry
1,Samantha Fox
1,Paul Blezard
1,Lorraine Chase
1,Jason Pebworth
1,Alex Mytton
1, Law
1,Ian Christie
1,Billie Piper
1,David Myers
1,James Sutton
1,Marilyn
1,Jason Perry
1,Calvin Harris
1,Darren Hayes
1,Adam Garcia
1,Tim Farron
1,Sean Conlon
1,Curtis Stigers
1,Angelos Epithemiou
1,Keeley Hawes
1,Paul Chowdhry
1,Dillie Keane
1,Carol Binstead
1,Jimmy Savile
1,SiÃ´n Simon
1,Fiona Bruce
1,Sean Kelly
1,Andy Rourke
1,Claudia O'Doherty
1,Matt Dawson
1,Romeo
1,Lesley Garrett
1,Graeme Stanton
1,Jean-Christophe Novelli
1,Neil Mallarkey
1,Nick Pickard
1,Richard Vranch
1,Lynsey Brown
1,Roy Stride
1,Gordon Haskell
1,Katie Derham
1,Jon Robins
1,Chris Donald
1,Mark Mardell
1,Corey Feldman
1,Chris Hoy
1,Dan Schreiber
1,Therese Grankvist
1,Pete Shelley
1,Kevin Bishop
1,Gary Jules
1,Paddy Considine
1,Daniel Powter
1,Brett Goldstein
1,Lemmy
1,Mutya Buena
1,Daniel 'Swampy' Hopper
1,Mitch Hewer
1,Michael Clifford
1,Norman Lovett
1,Francesca Sandford
1,Buster Bloodvessel
1,Peter MacKay
1,CeeLo Green
1,Daisy McAndrew
1,Toby Young
1,Tom Rhodes
1,Dennis Murray
1,Mac
1,Mark Benton
1,Jacob Rees-Mogg MP
1,Ortis Deley
1,Huw Edwards
1,Charley Bagnall
1,Pete Burns
1,Lisa I'Anson
1,John Torode
1,Diane Abbott MP
1,Grace Adams-Short
1,Chris Peck
1,Vitali Vitaliev
1,Frank Barber
1,Ben Volpeliere-Pierrot
1,Alice Beer
1,Charlie Whelan
1,Frank Keating
1,Christoper Biggins
1,Kelvin Fletcher
1,Jeremy Reynolds
1,John Moloney
1,Una Stubbs
1,Shellie Poole
1,Kaye Adams
1,Christmas
1,Elisabeth Beresford
1,Kelly Holmes
1,Pär Wiksten
1,Mario Marconi
1,Brad Simpson
1,Noel Sullivan
1,Fatman Scoop
1,Nate James
1,Leslie McKeown
1,Beryl Reid
1,Joel Morris
1,Iain Macwhirter
1,Rebecca Hunter
1,Liza Goddard
1,Jeremy Limb
1,Marcella Detroit
1,Alice Roberts
1,Russell Mael
1,Jessie J
1,Richard Fleeshman
1,Peter Kilfoyle
1,Clive Coleman
1,Lemar
1,Wayne Hemingway
1,Guy Garvey
1,Diane Parish
1,Jenny Colgan
1,Robert Kilroy-Silk
1,Grace Chatto
1,Jocelyn Jee Esien
1,Colin Furze
1,Lea Walker
1,Adam Duritz
1,Martin White
1,Dervla Kirwan
1,Andy Bell
1,George Galloway
1,Lorraine Pearson
1,Tyler Oakley
1,James Nesbitt
1,Emmy-Kate Montrose
1,Fred McPherson
1,Antoinette Ryan
1,Barbara Blake
1,Emma Boughton
1,Julian Critchley MP
1,Ludovic Kennedy
1,Christine Walkden
1,Carol Decker
1,Mary Ann Hobbs
1,Steve Backshall
1,Nicky Clarke
1,Penny Junor
1,Emma Forbes
1,Dougie Anderson
1,Jack Monroe
1,Sanjeev Kohli
1,Ronnie Corbett
1,Sarah Callaghan
1,Gareth Gates
1,Lloyd Cole
1,Noah Huntley
1,Alison Goldfrapp
1,Wiley
1,Wes Butters
1,Tom Bell
1,Christian Datsun
1,Lloyd Griffith
1,Larry Hibbitt
1,Claire Bayner
1,Alan Titchmarsh
1,Arron Crascall
1, Sarah Millican
1,Dani Filth
1,Russell Peters
1,Sir Roger Moore
1,Helen Boaden
1,Sue MacGregor
1,Cheska Hull
1,Darius Campbell
1,Boothby Graffoe
1,Eric Hall
1,Russell Twisk
1,Sally James
1,Derek Draper
1,Chris Potter
1,Sir Terry Wogan
1,Charlotte Ritchie
1,Fee Glover
1,Chloe Sims
1,Chris Hardman
1,Andy Price
1,Liz Smith
1,Dawn O'Porter
1,Alison Hammond
1,Scott Robinson
1,Terri Walker
1,Howard Read
1,Loick Essien
1,Tom Ellis
1,Mark Olver
1,Alfie Boe
1,John Peel
1,James Naughtie
1,Helen Chamberlain
1,Mark Lawson
1,Max Keiser
1,Melvyn Hayes
1,Basshunter
1,Emilia Fox
1,Ashleigh Butler
1,Clive Mantle
1,Roger McGough
1,Andy Kershaw
1,Matthew Meschery
1,Donna Air
1,Nick Carter
1,Philippa Forrester
1,Johnny Borrell
1,Ainsley Harriott
1,Ron Wood
1,Steve Wright
1,Tina Malone
1,Mark Francis
1,	[ Recorded at Imperial College
1,Gordon Honeycombe
1,Magne Furuholmen
1,Tyson Kennedy
1,Rebecca Adlington
1,Kate Saunders
1,Kelly Rowland
1,Susie Essman
1,George Watts
1,Ian McCaskill
1,Emily Maitlis
1,Kellie Bright
1,Steve Aoki
1,Jan Leeming
1,Chloe-Jasmine Winchello
1,Arabella Weir
1,Richard Blackwood
1,David Icke
1,Mari Wilson
1,Guy McKnight
1,Glen Gregory
1,Will Young
1,Jonnie Peacock
1,Frankie Fraser
1,Cush Jumbo
1,Tony Discipline
1,Brinsley Forde
1,Jimmy Constable
1,Bettine Le Beau
1,Justin Moorhead
1,Max Beesley
1,Karen Poole
1,Stuart Adamson
1,Philip Olivier
1,Robert Reed
1,Craig Charles
1,Holly Valance
1,Sid Owen
1,Sam Simmons
1,Ruth Davidson
1,Nitin Ganatra
1,John Stalker
1,Eddie Large
1,Peter Hitchens
1,William Roache
1,Jim Moir
1,Robert Chesshyre
1,Andrez Harriott
1,Kelly Hoppen
1,Clarissa Dickson Wright
1,George Wendt
1,Tara Palmer-Tompkinson
1,Adam Hart-Davis
1,Michael Parkinson
1,Camilla Dallerup
1,Sally Morgan
1,Kara Tointon
1,Michael Burke
1,Sharon Rooney
1,Tanya Gold
1,Edward Stourton
1,John Hodgman
1,Gareth Gwyn
1,Sean Cullen
1,Martha Wainwright
1,Kate Nash
1,J. Brown
1,Jo Breezer
1,Rav Singh
1,Nick Hodgson
1,Anne Charleston
1,Kelvin Mackenzie
1,Will Gompertz
1,Zoe Salmon
1,Kenny Lynch
1,Mark Hurst
1,Alan Johnson MP
1,Anita Anand
1,Amanda Abbington
1,Dominic West
1,Jessica Ennis
1,Robin Gibb
1,David Hamilton
1,Janet Street Porter
1,Nick Keynes
1,Carl Smyth
1,Trevor Nelson
1,Paul Marazzi
1,Sean Paul
1,Nigel Havers
1,Glenn Hugill
1,Baz Bamigboye
1,Michael Van Wijk
1,Rachel Stevens
1,Comedy Dave
1,Stephen Pound
1,Deirdre McSharry
1,Godfrey Bloom
1,Jon O'Neill
1,Julia Bradbury
1,Simon Pegg
1,Ivor Mills
1,Bill Turnbull
1,Mackenzie Crook
1,Stuart Goldsmith
1,Neil Fox
1,Brendan Cole
1,Kelly Hoppen MBE
1,Jedward
1,Jim Naughtie
1,Kevin McKenna
1,Christian Ingebrigtsen
1,Danny Bhoy
1,John Hegley
1,Ian Kelsey
1,Margaret Cho
1,Troy
1,Matt Cardle
1,Jodie Marsh
1,Martin Ivor Kent
1,Sam Nixon
1,Pippa Evans
1,Chris Martin
1,Lisa Appleton
1,Tash Demetriou
1,David Threlfall
1,Wayne Sleep
1,Godfrey Smith
1,Nicole Russo
1,Chelsea Peretti
1, Christmas
1,Kwame Kwei-Armah
1,Oona King
1,Josh Doyle
1,Celeste Cruz
1,Kavana
1,Doc Brown
1,Justin Currie
1,Tommy Cannon
1,Raef Bjayou
1,Matt Bowman
1,Simon Garfield
1,Karis Anderson
1,Lizzie Roper
1,Clare Balding OBE
1,Amy Macdonald
1,Jill Jackson
1,Sue McGregor
1,Chris McCormack
1,Kimberly Stewart
1,Stuart Hall
1,Louise Mensch MP
1,Ray Mears
1,Tom Felton
1,Brian Dowling
1,Mike Yarwood
1,Nick Knowles
1,Jessica Berens
1,Jimmy Tingle
1,Luke Marsden
1,Nicholas Hoult
1,David Soul
1,Emo Philips
1,Nikki Grahame
1,Steve Steen
1,Daniel Bedingfield
1,Fiona Armstrong
1,Sally Bercow
1,Abs Breen
1,Caroline Aherne
1,Courtney Rumbold
1,Steve Bell
1,Fiona Phillips
1,Jermaine Jenas
1,Fred Talbot
1,Phil Tufnell
1,Dennis Locorriere
1,Katrina Leskanich
1,James Bourne
1,Russel Da
1,Lacey Turner
1,Charley Uchea
1,Eleanor Morton
1,Paddy Doherty
1,Bill Oddle
1,Hari Kondabolu
1,Adam Deacon
1,Sarah Whatmore
1,Fritz Spiegl
1,Steve Lamacq
1,Mark Rhodes
1,Luke Hemmings
1,Jack Howard
1,Neil Sleat
1,Jo Enright
1,James Brown
1,Syd Little
1,Linzi Martin
1,Nigel Farage
1,Neil Claxton
1,Vernie Bennett
1,Alastair Campbell
1,Carrie Grant
1,Aiden Grimshaw
1,Lisa Barbuscia
1,Vince Cable
1,Simon Webbe
1,Colin Murray
1,Delilah
1,John Gaunt
1,Danny Wilkin
1,Shahid Khan
1,John Otway
1,Judy Murray
1,Judith Hann
1,Nemone
1,Nina Myskow
1,Alfie Jackson
1,Chris Rea
1,Jamie Reynolds
1,Jen Steadman
1,Ian McKellen
1,Bradley Simpson
1,Jodi Albert
1,Andrew Stone
1,Geri Halliwell
1,Matthew Healy
1,Felicity Ward
1,Simon Gregson
1,David Oliver
1,Donny Tourette
1,Pete Deveraux
1,Auberon Waugh
1,Adam Rickitt
1,Ben Clark
1,Dermot Murnaghan
1,Vicki Pepperdine
1,Natalie Anderson
1,Caryn Franklin
1,Sam Leith
1,Simon Le Bon
1,Paul Godfrey
1,Mikey Craig
1,Suzannah Lipscomb
1,Frances Donnelly
1,Joe McElderry
1,Theo Paphitis
1,Gloria Hunniford
