nch01m5e,Sandi Toksvig,858
lc8xhv91,Sherrie Hewson,837
h6wdx3nf,Janet Street-Porter,436
j92v1p1s,Sue Barker,371
ub65grfy,Simon Hoggart,301
5yv2rmx8,Nadia Sawalha,298
yipahedd,Sean Lock,276
fc3xrxvy,Stephen Fry,248
ftvf5guo,Anne Swithinbank,209
yy0vihbr,Sue Perkins,173
af5170ez,Peter Sissons,149
rq34yrxp,Linda Smith,145
f9aqgxfg,Sally Lindsay,119
jfdb7gqq,Sheila Hancock,114
nlbhhrhx,Susan Calman,111
dbiu4b8y,Sean Hughes,89
9e3q4p9k,Mark Steel,82
oxyl45br,Sarah Millican,82
85eqhjy7,Claire Sweeney,73
o4ohfiqq,John Sergeant,67
a12mas09,Susie Dent,60
du20ea69,Seann Walsh,57
u45htdbh,Shirley Williams,56
3qd06beg,Shobna Gulati,49
ak7ipqjj,Dave Spikey,45
j0l9nspu,Will Self,44
mktoe8bw,Simon Amstell,42
fqiw6ek1,Sheree Murphy,42
d9v5vbkt,Shappi Khorsandi,40
dvfmpovw,Arthur Smith,39
palb9fi1,Clare Short,39
lyr97zzu,Sara Pascoe,39
1fchiwmk,Stephen Mangan,38
ugexc8pw,June Sarpong,36
bqnlnn0x,Simon Hughes,33
rspdd722,Denise Scott,32
8bduf8ih,Frank Skinner,31
eu75a1wo,Alex Salmond,31
l2vtpbmd,David Steel,30
ftygtbr1,Chris Stark,28
vvpc2276,Sara Cox,27
rnomjgve,Stan McMurtry,25
3l1qtw2v,Stacey Solomon,25
iaig1f4n,Seán Moncrieff,24
xhf7q5tp,Steve Punt,21
5hdj7e5k,Simon Jenkins,21
grusmhk9,Saira Khan,20
azo5ywnj,Dan Renton Skinner,20
6egq5ot8,Stephen K. Amos,20
japacokt,Paul Sinha,20
xq8cu6jz,Nicola Sturgeon,20
oxsxtf4o,Steve Jones,20
mop8wi6t,John Sessions,20
628j8kc7,Jack Straw,19
pd0sm95v,Steve Frost,19
hn8eeq8z,Sue Cook,19
pi1s1cek,John Smith,19
o4zoevu0,Simon Schaffer,19
ob8tp2nu,Simon Evans,18
ddjel2cn,Sinitta Renet Malone,18
zxqf5ysa,Iain Duncan Smith,18
smrcieap,Meera Syal,17
a004yyt8,Bill Shorten,17
qgrc9bij,Louie Spence,17
vdg296jw,Shami Chakrabarti,17
55nbbpcv,Sue Lawley,17
9omubruu,Sarah Teather,16
fo7zcozd,Sayeeda Warsi,16
32ubgua7,Susan Kramer,16
5bb95s7h,Samira Ahmed,16
d77h0pby,David Starkey,16
x53js5d0,Ian Stewart,15
7lm338ce,Peter Serafinowicz,15
318cjy48,Stewart Francis,15
p7gvqpns,Jo Swinson,15
bik5fnyr,Isy Suttie,14
dby3b0ca,Steve Davis,14
ymvr4i3q,Suzanne Shaw,14
1s3haluy,Scott Edgar,14
wlk9prmg,Lisa Snowdon,14
hhgjyy0a,Sharron Davies,13
r9bda0m5,Melanie Sykes,13
f5okts3m,Su Pollard,13
gnqbhiev,Caroline Spelman,13
4erpgze9,Penny Smith,13
bq8uxugp,Marcus du Sautoy,13
r1z6pk8k,Sue Arnold,13
2q7woora,Greg Sheridan,13
w35t0eif,Louis Smith,12
7s9kh2ow,Anna Soubry,12
0n7u0v5v,Mary Ann Sieghart,12
i8djtyfi,Sheila Steafel,12
ngxl620m,Judith Sloan,12
piwd5vtr,Will Smith,12
in5a7oxv,Grant Shapps,12
fd20txk7,Sophie Mirabella,12
ljv92t17,Joe Swash,12
l9dxrh30,Sanjeev Bhaskar,12
ufd3xqyh,Nancy Seear,12
zrst94ti,Alexei Sayle,12
fbxgl1ec,Brian Sewell,12
wehf1u3g,Sue MacGregor,11
j86xc4rw,Sue Jenkins,11
q9joho5h,Phillip Schofield,11
fsjiq6ra,Nathan Sykes,10
ygwbc6f2,Tony Slattery,10
pfojo49h,Shane Filan,10
haz10qtl,Godfrey Smith,10
vqk40o9z,Ryan Sidebottom,10
kb7br2of,Stephanie Beacham,10
0i5h00y0,Steve Harmison,10
g1kjlcnk,Simon Heffer,10
rhnnr6an,Robbie Savage,10
t83bgude,Simon Day,9
7k37mnhj,Kelly Sotherton,9
tdz6e7jn,Cyril Smith,9
20n8yrix,Stephen Mulhern,9
yhtu60a2,Sam Torrance,9
flyfb8rf,Sophie Ellis-Bextor,9
l0qpesbk,Pam St. Clement,9
7cfmed1k,Ben Shephard,9
8eg69w3m,David Seaman,9
28i8y481,Peter Stringfellow,9
eafi5tqq,Arthur Scargill,9
844p5ckr,Mark Steyn,9
g9cg0zf1,Moira Stuart,9
xea0266m,Professor Sir Martin Rees,9
83j9smun,Scott Quinnell,9
5110uwv5,Nina Sebastiane,9
5st7imgh,Jerry Springer,9
u85h96gp,Simon Williams,9
sr0bucbj,Lucy Speed,9
otmm27t8,Sir Chris Hoy,9
uzo5rjd3,Sam Faiers,9
qkqaoamt,Shaun Williamson,9
xdvzwi1c,Suzi Perry,8
y1i8v4nt,Simon Schama,8
ytemhh8o,Chris Smith,8
0v7pan2n,Peter Shore,8
xi14daf6,John Swinney,8
hptk3vn3,Jacqui Smith,8
sa1y26xy,Gay Search,8
ygty122t,Lisa Scott-Lee,8
y7lyncou,Steve Redgrave,8
bmp6jy5d,Salma Yaqoob,8
x4k8i0eu,Simon King,8
vw86rfn8,Miriam Stoppard,8
zg9dn2sd,Simon Webbe,8
lnfpseu0,Norman St. John Stevas,8
knxobbw6,Nicholas Soames,8
ct38seh0,Tinchy Stryder,8
mnryntao,Prunella Scales,8
bhtjjzxw,Gary Speed,8
wj8bwvmp,Susanna Reid,8
ce9aaz87,Debra Stephenson,8
dvn0awx5,Sarah Hanson-Young,8
qwrviibp,Stuart Mitchell,8
mwjhlxcr,Suranne Jones,7
s7qgx5kx,Donald Sinden,7
lx3qk601,Sarah Cawood,7
n0c0toa2,Steve Cram,7
o1f0mjg0,Shane Lynch,7
dmybflxk,Shaun Murphy,7
nadk4jhz,Sarah Hogg,7
wovvqlko,Shane Warne,7
g77vov61,Pamela Stephenson,7
k1zdzzda,Scott Capurro,7
11ahyksq,Simon Goldhill,7
i1zcv1zz,Sylvia Syms,7
01ok5k6g,Jacey Sallés,7
j4gtc0kx,George Shelley,7
vukan7kq,Jack P. Shepherd,7
4iqard9j,Shayne Ward,7
m7qnupci,Jennifer Saunders,7
p4xiya08,Stuart Maconie,7
0bmgbazy,Roger Scruton,7
nuxigm25,Susan Greenfield,7
s7lybz39,Steven Norris,7
aequ5kqv,Jordan 'Rizzle' Stephens,7
te3f8qvy,Stephen Mulhall,7
m2k80giu,Scott Mills,6
52rpd95n,Chris Serle,6
xnms0zoq,Dr Aoibhinn Ní Shúilleabháin,6
gy1x51ae,Oliver Stafford,6
huu5fl8g,Sue Slipman,6
ekoy1sh7,Mark Selby,6
2ous5ay2,Sheila Gish,6
b75563n9,Scott Morrison,6
m2zbdyt4,Sheridan Morley,6
bsiim09u,Elizabeth Symons,6
yelpzroq,Sian Reeves,6
10upw5g2,Stephen McGann,6
5cddj8gy,Sadiq Khan,6
d93me3wo,Sarah Beeny,6
uolj6ye5,Adele Silva,6
53lwz1hs,Simon Ward,6
0724mpe9,Stewart Lee,6
vnztueh2,Leo Sayer,6
e538i8o1,Stella Creasy,6
7ymhxgjk,Curtis Stigers,6
2f4m31kq,Alec Stewart,6
2gd8hh8v,Sir John Betjeman,6
pu02znql,Richard Stilgoe,6
0w3n2ffw,Jonathan Sawday,6
kpn6j6nt,Susan Thomas,6
xf9w97cy,Sarah Harding,6
1l7ja6qo,Sajid Javid,6
wlg4u0ny,Junior Simpson,6
0ebid0n7,Chico Slimani,6
6rlxoltf,Spencer Matthews,6
0sxhfr8o,Sammy Winward,6
vg4mni0b,Sarah Kendall,6
d1ngy3a3,Suggs,6
vzuv8114,Stephen Dorrell,6
6jwq1uil,Nicole Scherzinger,6
4f8xvx3x,Serafina Cuomo,6
bd3o0na8,Sian Phillips,6
dkd6lk6t,Harry Styles,5
6ncjsv0f,Shane Williams,5
xx8dgpf3,Valerie Singleton,5
0hmdbegm,Sarah Storey,5
jo3yb59z,Sam Kydd,5
h0ama5fm,Andrea Sella,5
djta5tiw,Suzanne Evans,5
x5b1m3xa,Sue Holderness,5
2402u581,Sarah Foot,5
cerrrjzi,Stephen Pumfrey,5
zchm3zq4,Samia Ghadie,5
4oorqzai,Elaine Stritch,5
zw0w065h,Stefan Booth,5
wl8uygfk,Samantha Bond,5
6462fbck,Sharon Horgan,5
ga1j4ngv,Rosemary Shrager,5
w4hl5ade,Simon Tedeschi,5
rxjt5op5,Eleanor Summerfield,5
6l1q1esp,Sinead Cusack,5
d3scvzm3,Anne Summers,5
81hmznev,Lisa Stansfield,5
nsrmafnv,Peter Schmeichel,5
rdr3mnov,Siva Kaneswaran,5
tlyx4fr2,Bradley Simpson,5
eit9zdf0,Suzi Quatro,5
qgdrq4v0,Sally Dynevor,5
lj4pcfu8,Seal,5
8yqox0yb,Dinah Sheridan,5
nqgc9rno,Steve Jones,5
jr34xpar,Peter Scudamore,5
lhpljcx3,Jackie Stedall,5
nddetxdw,Sam Bailey,5
1n019xum,Graeme Le Saux,5
7pj1n098,Sharon Osbourne,5
tz7to4m0,Stephen Frost,5
7jki4lfs,Julie Sanders,5
mxy2j7lv,Sharon Maughan,5
edzj014p,Peter Seabrook,5
pakex9xp,Simon Singh,5
72cbdilj,Lee Sharpe,5
w7pryv9w,Sara Parkin,5
ifo0jg9q,John Simpson,5
d3gqsyax,Sally Gunnell,5
p25a12lx,Stephen Bowman,4
ldlhjug6,Daniel Sloss,4
g1xjh6u6,Stephen Hendry,4
of0bddxf,Simon Conway Morris,4
02ep80jm,Shane Jacobson,4
bf2hph6f,Simon Le Bon,4
ohxfimwp,Rowetta Satchell,4
hvdfu1vr,Pam Spurr,4
jvfs4j03,Steve Backley,4
uhxw9vxb,Tiffany Stevenson,4
8p0oy28n,Saul David,4
xjjg2czu,Steve Pemberton,4
15ovqrpa,Shaun Woodward,4
l77nc1lh,Susan Penhaligon,4
fxwdf5jw,Hugo Speer,4
cqa30iam,Simon Callow,4
n9xuiut4,Graeme Souness,4
ut05942q,Douglas Stuart,4
9wkb9nrh,Janet Soskice,4
9medbvdk,Graeme Swann,4
u2hxfkcd,Madeline Smith,4
cxqhr4s0,Alvin Stardust,4
wm67xya4,Sally Phillips,4
u6j7de3o,Simon Sheikh,4
1v5wcwqn,Victor Spinetti,4
4o4fitjx,Sam Simmons,4
blymyp8r,Steve Parry,4
4gbu5var,Martin Shaw,4
wvlp1qff,Sheila Ferguson,4
ynj11yuw,Michael Starke,4
lk5642kb,Samantha Giles,4
8g3yidq0,Sir David Steel,4
z3gumi5f,Nancy Sorrell,4
g6g10dr7,Stefanie Powers,4
19tv9e2t,Anne Sofer,4
sddqrspm,Jon Snow,4
wbqgy0rh,Simon Blackburn,4
e8ooxjje,David Suchet,4
b9uwkri0,Gillian Shephard,4
kk054xyr,Shane Richie Jr.,4
738czj04,Kevin Sinfield,4
2wabbiew,Kate Silverton,4
yscv10ck,Sir Huw Wheldon,4
6q5s3iay,Anthony Sampson,4
nygu5bdy,Samantha Fox,4
j7gy4upj,Mark Sheehan,4
id6gbmkj,Sebastien Izambard,4
7erg6hck,Wayne Sleep,4
1fbgw36g,Sheila McKechnie,4
giecgv1q,Dawn Steele,4
w0rwkp3a,Carol Smillie,4
t1z4mq4g,Sara Morrison,4
3ksdf9vy,Stephen Tompkinson,4
w0q2vyf8,Tim Stanley,4
x1k82zfu,Andrew Sachs,4
b1ci6w6t,Sally Oppenheim,4
htsekgtk,Perri Shakes-Drayton,4
h5tvbog8,Tom Switzer,4
6b2pm1dz,Sally Magnusson,4
0vfhrhp9,Sharleen Spiteri,4
5sexl1cn,Har Mar Superstar,3
b373t9t2,Emma Samms,3
lgnwwo0o,Zoe Salmon,3
psxsunx0,Steve Strange,3
zgog6tcp,Natasha Stott Despoja,3
5zvj0j30,David Sheppard,3
4d07u1nf,Greta Scacchi,3
wjjq9pp4,Stuart Hall,3
iwa3sgkb,Stephen Crabb,3
lsvld6d2,Penny Spencer,3
ocudjm1g,Dennis Skinner,3
ltv5086w,Sue Cato,3
awetc4zy,Julia Sutherland,3
bo8fggkz,Susan Hill,3
5zdzx4bv,Satyajit Das,3
r4jtngcn,Sue Johnston,3
87k192gh,Peter Singer,3
qi6ulqpx,Steven Gunn,3
onlx99fw,Spike Milligan,3
6wy4ycfh,John Gordon Sinclair,3
ur42tpdq,Jenny Seagrove,3
aznyqzax,Rory Stewart,3
cju1foz4,Simon Wolfson,3
nae8hrk9,Shay Given,3
s1i29exq,Iain Stirling,3
tc07ifxd,Sue Stapely,3
ggxu7av7,Stella Young,3
66f2fxp5,Sammy J,3
jtozj3xy,Sugababes,3
93gf3thx,Nicol Stephen,3
b9vug20a,Rod Stewart,3
bd9u5fdd,Joanna Scanlan,3
o6tbs2bl,Rachel Stevens,3
xdkm2n7q,Ian Stone,3
1aimhuz4,Sophie Scott,3
k90x0hwf,Pete Smith,3
eowc1wa6,Matthew Stiff,3
1zi4j02g,Sheryl Gascoigne,3
niaqd3lr,Sandy Knapp,3
t35xdlou,John Sentamu,3
d20rboi8,Sonia,3
8md1kvx5,Sharon Marshall,3
o4lb72qp,Paul Sculthorpe,3
v5etmpgd,Scott Abbot,3
yi50bsfc,Sean Long,3
fl8vm4c3,Wayne Swan,3
4114rxzq,Rosemary Sweet,3
v9up74sw,John Silkin,3
l3f28g7i,Sir Anthony Kenny,3
35bnfa9s,Elaine C. Smith,3
dsznpekv,Barry Smith,3
we1knq6e,Stephen Mayne,3
xb47c463,Susie Boniface,3
vdequf5v,Sir Michael Howard,3
b21yjduj,Matthew Strickland,3
vch6uito,Siobhan Fahey,3
0dlwjkya,Sue Black,3
mvlbq7ap,Sarah Sands,3
w6h1bytz,Steve Coogan,3
5jt11oxc,David Sedley,3
ni2drv8b,Lawrie Sanchez,3
absmvkb2,Kristen Schaal,3
zhduxbla,Alan Sugar,3
cqyb62so,Matthew Stevens,3
l0op3bee,Samah Hadid,3
9arbqfwf,Galen Strawson,3
x8cwl9ss,Simon Weston,3
0dut6vid,Jane Seymour,3
65ywqt1f,Mark Serwotka,3
9nhjaj6u,Sharon Jones,3
rvgfqu30,Sheila Reid,3
8p3igavn,Irwin Sparkes,3
91sl8vd2,Arthur Sinodinos,3
c0wiutmd,Dan Snow,3
a5q590ur,Sue Cleaver,3
y1u4gjhb,Nicola Stephenson,3
z9au7c03,Kate Sanderson,3
s0z7u2t3,Sally Morgan,3
i1het9tm,Tanya Strecker,3
9a9l7qen,Jaci Stephen,3
izc0x7ix,Sally Warhaft,3
g9nfh43g,Sam Nixon,3
8av2mwg1,Sarah White,3
o2h3355l,Stine Bramsen,3
zsef8te9,Simon Middleton,3
snd2rscc,Rick Stein,3
a8y03y0l,Stephen Knight,3
nonjy0ek,Phil Spencer,3
mz4wkyfo,Stephen Twigg,3
f2pcfahz,Steve Connor,3
18vg78tl,Derek Simpson,3
n0e56eyw,Stephanie Turner,3
jlorr0ka,Sharman Stone,3
lnjuiazp,D.J. Spoony,3
5dgs2ho0,Greedy Smith,3
0ifd64rt,Sean Maguire,3
6pw4l4sx,Simon Munnery,3
okvzuwkk,Reece Shearsmith,3
vh858di3,Steve Richards,3
v1z977vh,John Symond,3
fgfltyyb,Hardeep Singh Kohli,3
qrqq5gu4,Tom Shakespeare,3
6yqzrs6v,Shelley Rudman,3
fphqi7vb,Rita Simons,3
9is1bis3,Alex Sibley,3
hm42ra2d,Simon Thomas,3
0tq4opui,Roel Sterckx,3
dlnek6ol,Sarah Greene,3
7xfow9sp,Brian Schmidt,3
1m6qgqjl,Sean Kelly,3
yadkd78g,Vesta Sarkhosh Curtis,3
8sdyn2ab,Frankie Sandford,3
s8tms8x8,Naomi Standen,3
4kduvxxz,Stephanie Cole,3
f0g6e0j2,Charlie Simpson,3
chw9ep1p,Susan James,3
i5fy6i60,Sebastian Coe,3
tpdbhcq3,Jimmy Savile,3
qlkah7m4,John Stalker,2
lhwzspjk,Tommy Sheridan,2
qgsyzh9i,Anders S.G.,2
otz4jjdf,Selina Scott,2
yd3xtcvq,David Schneider,2
6v07hlkn,David Steele,2
sekbbf97,Nicholas Scott,2
1qtzajw7,Angela Scoular,2
siy3q8sq,Robert Service,2
2tsofx6a,Sussan Ley,2
rd3r32y0,Sheila Masters,2
93yad4gm,Todd Sampson,2
ej757hxj,Arianna Stassinopoulos,2
bju1ksjp,Susan Stranks,2
ot97xcux,Stephen Bayley,2
gmtvm8pu,Sandra Bernhard,2
8tao1bsl,Rebecca Spang,2
y4raab2o,Martin Sorrell,2
9b7kt205,Steve Nallon,2
cdaln00e,Zoe Smith,2
fjm4rzlw,Sam Adams Nye,2
g49zdywc,Peter Shilton,2
1l7e41ml,Ryan Shelton,2
5bte2hzy,Andy Serkis,2
6zok0w1x,Sid Weighell,2
gy2d5fnl,Kimberley Sterling,2
kcxdl5ii,Colin Salmon,2
5738gb5c,Heather Small,2
i7fvri0d,John Scott,2
u0p079xe,Sheila Rowan,2
kyoo21kf,Brian Souter,2
xzdwyed9,Sir Rhodes Boyson,2
unp5z6hs,Glen Smyth,2
hgk9p5rc,Steve Lamacq,2
t0cm0pwf,Sir Peter Parker,2
vfnc1brb,Shaggy,2
bzct5spy,Susie Blake,2
sewvfxw0,Sam Callis,2
2a3o81nn,Laura Solon,2
xn7z40s6,Chloe Sims,2
zvik0dqb,Jane Stabler,2
49ro1yuw,Nikki Sanderson,2
zv2omtjb,Linbert Spencer,2
j6gadhuy,Suzanne Moore,2
3hrvcs4o,Sam Dastyari,2
8uupuiik,Stanley Unwin,2
q915cq3a,Stefan Collini,2
slt9gwt1,Sean Cullen,2
vxp5h2v5,Sir David Hunt,2
x1xd36vl,Joss Stone,2
2oodcboa,Anya Sitaram,2
bbq10y61,Stephen Smith,2
pbmczoe2,Tracy Shaw,2
qomw257w,Una Stubbs,2
f9z3h3py,Stanley Johnson,2
23amih5l,Teddy Sheringham,2
ausgpnlg,Quentin Skinner,2
2jido3ls,Stephen Pollard,2
66ztvbc6,Susan Stronge,2
xu4tmaba,Susan Littler,2
edi22rov,Sandie Shaw,2
yijj2ro6,Scott Wright,2
heqzxhih,Simon Birmingham,2
b43xi2bb,Susan Masham,2
4r4ymoqj,Professor Sir David Speigelhalter,2
s7yq9pmc,Sarah Wollaston,2
3kwd6fi7,Patience Schell,2
ijrgy3k0,Sylvia Anderson,2
aknpljry,Simon Dixon,2
avh5323d,Sir Michael Gambon,2
qq2p9rsu,Sarah Hadland,2
ipvp5r4w,Stevie Nicks,2
ow22soar,Tricia Stewart,2
qss2tbmk,Serena Gordon,2
nmjyzlce,Susannah York,2
mk94szpr,Sarah Ludford,2
wy7q4n0b,Sanjeev Kohli,2
ac98r0p9,Elizabeth Sidney,2
8oeuua9d,Sally James,2
lkng81mn,Lee Smolin,2
18bp3n6n,Steve Rider,2
afys3y5d,Faryl Smith,2
g9ymn0ff,Jim Sillars,2
wutnufn9,Susan Ryan,2
pwzf0zck,Peter Sallis,2
2shtmn9l,Hannah Spearritt,2
htbfbxb4,Samantha Womack,2
nkmohyt3,Sandra Gidley,2
9uhhm4qm,Sarah Totty,2
em1s5fjn,Dan Sultan,2
m9ghlbq9,Shaun Gayle,2
208wovft,Andrew Strauss,2
g8xewd2k,Nicky Stevens,2
tfxiw789,Neil Sedaka,2
qbcts4ju,Daisy Sampson,2
dwxiekf2,Sean Conlon,2
g70hz838,Serge Betsen,2
16s3d7z4,Steve Brookstein,2
u2hczb1o,Simon Gregson,2
pmc9ibfv,Sarrah Le Marquand,2
o0kpp69t,John Snagge,2
up9swvco,Janet Suzman,2
lbh9bjoa,Andrew Samuels,2
iqlitmpu,Susan Jeffreys,2
8kaq66dw,Lynn Seymour,2
c59k2og7,Sarah Blasko,2
o9e1zft9,David Soul,2
ueb8bl0g,Philippe Saint Andre,2
1heek44k,Maverick Sabre,2
g8ojadzt,Sally Bercow,2
jrcl2ybs,John Stevens,2
mql1nff8,Sara Leighton,2
arfib3bb,Simon Brett,2
ut9pyorr,Sheila Tracy,2
zolypecl,Shovell,2
gxupkkmc,Siân Lloyd,2
zdbj9gzg,Suzanne Roquette,2
glts2is1,Shaun Ryder,2
9n27ntcz,Kate Spence,2
o6uy5lo6,Susan Carland,2
q9gkfvp6,Professor Sir Frank Kermode,2
tzbo0wsz,Sir Christopher Foxley-Norris,2
zoisqym0,Jordin Sparks,2
lod4c71l,Andrew Scott,2
2twrud1v,Nicky Scott,2
622ta6xk,Dr Miriam Stoppard,2
u5a58ta5,Stephen Gately,2
cb2bilpi,Milton Shulman,2
bc7mj18h,Stephen Conroy,2
vuebkpjc,Ned Sherrin,2
1880gatp,Seamus Mallon,2
a0l5aeia,Susan Crosland,2
jvxolyey,Stanley Orme,2
5jpguqjk,Samuel Kane,2
ek2uperl,Steven Connor,2
xtj60ueq,Bill Simpson,2
qe054rnl,William Shawcross,2
qvfyfsq4,Shingai Shoniwa,2
rfbnvahx,Ian Smith,2
rgttfo6x,James Sutton,2
6iee8h41,Suzanne Reeve,2
607nfxdp,Brendan Sheerin,2
46btcpsr,Michael Sheen,2
jxjhkvjq,Simon Pegg,2
9nw3ng5z,Shaun Keaveny,2
kruyx1oi,Kate Smurthwaite,2
2whpgtiv,Susan Cartwright,2
zt82tslt,Susie Amy,2
soufvxsw,Sandra Stevens,2
h3mfprrf,Alan Shearer,2
opphl9we,Andrew Smith,2
iv1hk0jp,Guy Sebastian,2
qd1j45st,Stephen Blundell,2
spp6kjqj,Lee Simpson,2
u88le5ll,Steve Norman,2
scw1b7i1,Simon Dyson,2
x2f0tjdv,Sway DaSafo,2
mdg3q75l,Jeremy Spake,2
35yrpbvq,Lee Sheriden,2
glz3t1hk,Steven Rose,2
ht7bwsyk,Heather Sears,2
8fp0kw3j,Sheila Lawlor,2
pnamsca4,Sid Owen,2
9dqy3tjn,Sir Roger Penrose,2
qtnu4i0i,DJ Sammy,2
5qdx8d58,Sue Lloyd,2
gj3rpd1i,Scott Ludlam,2
4j7w8oa4,Taylor Swift,2
ubgwxojp,Stuart Holland,2
iy27wd5s,Steve Huison,2
ollynlls,John G. Stackhouse Jr.,2
77bk3klq,Shirley Goodwin,2
2yvghn90,Tessa Sanderson,2
zu44ybul,Clive Sinclair,2
y4pkcdgn,Stephanie Davis,2
n37vsozt,Stephen Graham,2
1voyh27x,Sue Gerrard,2
wwa2pb0e,Victor Stock,2
atut1gyr,Alyson Spiro,2
ma8zfq8z,Shane Richie,2
qhn91zwj,Victoria Silvstedt,2
5dhifu3b,Harry Shearer,2
lhlj4iib,Patrick Stewart,2
sz3p1nkl,Erin Sullivan,2
o4tvs9gu,Suzanne Neve,2
2hlwxkf6,Kasey Smith,2
rq50yer3,Sarah Badel,2
essnx1aa,Serena Sinclair,2
os9rn1sh,Sinead Cusaek,2
6lmj2rg7,Sarah Brightman,2
ikraj323,Samantha Davis,2
itmpzxqy,Liz Smith,2
0fjbcfwr,Simon Biagi,2
v7ukxgkk,Mona Siddiqui,2
o3jicobn,Maeve Sherlock,2
wpy428y0,DJ Spoony,2
7whzx5fv,Sharon Condon,2
p819uhn9,Shirley Porter,2
lu8dfhrc,Shelley Conn,2
8ja90sai,Tom Stoppard,2
hmwe2dnm,Michael Stutchbury,2
doh3n3pj,Tom Sawyer,2
n6v11jfn,Simon Crean,2
9bc9r4da,Stephen Baldwin,2
554pul28,Steven Pinker,2
a8u64a4u,Ringo Starr,2
kzntjak2,Sankha Guha,2
zs0apxwq,Steven Gerrard,2
3xscs4vd,Catherine Steel,2
zopjpmbn,Barbara Switzer,2
si1m5is8,Sir Steve Redgrave,2
basoq775,Sandra Howard,2
i72rggvu,Shane Bourne,2
t12f6uea,Ahdaf Soueif,2
cz5w2ba9,Iain Sutherland,2
oljwydjg,Sue Townsend,2
7r4m6fxm,Stephanie Cook,2
q6w2qre7,Stephen Baxter,2
yc7nofzd,Simon Mayo,2
orajbkf7,Semir Zeki,2
j1n0zfnl,Steve Collins,2
14p79u1m,William Shatner,2
wyctvj08,Simon Watt,2
ink3bkbs,Siân Phillips,2
hcvbd6xb,Kevin Sharpe,2
ps9idda5,Suzanne Hall,2
hd0cq6l2,Steve Ciobo,2
y1mqma3l,Anne Stallybrass,2
ftrfghto,Clara Salaman,2
4d5ayc3b,Sabrina Washington,2
hy9o12ak,Will Sharman,2
463ae6c5,Margaret Sharp,2
selgbo4n,Tory Shepherd,2
wx1d4frs,Magda Szubanski,2
6qoog4do,Sharon Rooney,2
20uex6ln,Simon Bates,2
phytjakd,Steve Backshall,2
1aradcby,Jamie Stevens,1
6zo1d9u8,Rabbi Norman Solomon,1
5pyfxztf,Sonia Walker,1
fvorsjhj,Stephen Schwartz,1
mqme0kgg,Tony Shepherd,1
lfbc8anz,Norman Stone,1
ofdoy8cp,Simon Skinner,1
r3gwbexr,Mark Seymour,1
jyzu5cop,Danielle Spencer,1
fos9urbq,Lenore Skenazy,1
89ygjal9,Stirling Moss,1
6rve2och,Tony Sheldon,1
mjc1uc9q,Robert Scott,1
dl0wibxp,Fritz Spiegl,1
caktcy57,Sara Lyons,1
z0c30iub,Samantha Beckinsale,1
2ezomgpt,Rav Singh,1
5du35gji,Carol Smart,1
ys98h4k9,John Sutherland,1
oqr2fzgb,Sue Hamilton,1
109v8mmk,Shaun Udal,1
jo8hoohr,Cat Smith,1
5s7hyec0,Stephen Moyer,1
scntu0co,Stuart Robert,1
q7cgm9h1,Melissa Steel,1
ogx4p1mj,Wojciech Szczęsny,1
1xaaahp2,Mena Suvari,1
ntwak6lp,Sir George Martin,1
151dj4bf,Rob Stewart,1
rohe834d,Sally Bee,1
j40286yj,Ann Pasternak Slater,1
h7xt9eq2,Chris Steele,1
y0sh10om,Fiona Stanley,1
pwvts7fo,Steve Cowley,1
922e8uvy,Jonathan Shepard,1
bdnh1dc4,Simon Hornby,1
m0xxydge,Sally Alexander,1
7e0mdodr,Freddie Starr,1
2hv18mrz,Captain Sensible,1
2is65ej1,Steven Bramwell,1
ld120nst,Dr Susan Stuart,1
nl6q8rth,Nell Shand,1
aty342f7,Professor Sophie Scott,1
5k721f91,Jason Silva,1
ewkech9q,Steven Mithen,1
57vc6kxo,Sian Reese-Williams,1
j0n769hp,Lady Shrewsbury,1
iwfuf2gd,Sameena Zehra,1
3x3dsgb8,Stephanie O'Brien,1
mnr05u9y,Shoma Chaudhury,1
6twrmt8q,Shashi Tharoo,1
qqzzr2ja,Brad Simpson,1
2iyj7aw3,Kamila Shamsie,1
gzwb0op8,Alan Sommerstein,1
mudk86gt,Samantha Mumba,1
q7qrooia,Stephanie McIntosh,1
47yah3vz,Steve Mallinder,1
kn9gq3a0,Stephen Jay Gould,1
1up55imy,Crosbie Smith,1
hqmqb52l,David A. Stuart,1
bve7w6ph,Sarah Churchwell,1
rzewbj3v,Vidal Sassoon,1
dio8oahv,Nicky Shaw,1
9vecr17a,Sue James,1
byv2wqw2,John Smit,1
vf9hr9nz,Jackie Stewart,1
r8r1io41,Sam Whimster,1
13brob02,Alastair Stewart,1
7mxxucuz,Sarah Harrison,1
lteszirp,Suki Webster,1
k3y1vgtd,Stephen Tumim,1
j35729pn,Simon Tillotson,1
xzbl90wr,Professor Sarah Bridle,1
ye1eb7iq,Stephanie Waring,1
thtj4vpu,Sylvia Kristel,1
mvlqc5yq,Sophie Anderton,1
w3obslvp,Stuart Bingham,1
lx0a3b6f,Sarah Green,1
otoj3h5h,Imre Salusinszky,1
t5n16hap,Angela Shanahan,1
nnq4s6uu,Sean Carroll,1
42ubckkt,Cheryl Schonhardt-Bailey,1
er6tf5pg,Sarah Cracknell,1
w2zzyud4,John Schumann,1
ufn5qma1,Jen Steadman,1
9pfv9rbf,Nadine Countess of Shrewsbury,1
v7pphz78,Samantha Morton,1
ty1lih7h,Shakin' Stevens,1
cbrp8shy,Syd Little,1
sm2264xg,Gareth Stedman Jones,1
kirdj0rn,Stephen Gill,1
yvvji2x0,John Sachs,1
ns9wquuk,Jake Stone,1
bwxc7wgx,Sheridan Smith,1
p5dy8op7,Steve Gribbin,1
75d2ih1r,John Spurr,1
rv6vq4zl,Ziauddin Sardar,1
m2q9610l,Samuel Cohn,1
nbde24vc,John Searle,1
6n0qhzrs,Richard Shepherd,1
hi484cde,Pete Shelley,1
o23mlm9r,Emma Soames,1
ijaxoja5,Daniel Szechi,1
8qt1f4ur,Professor Richard Sennett,1
i12xrayu,Adam Smith,1
02drg7ik,Susan Hardman Moore,1
prc8mki6,Susan Tully,1
k2bdch29,Gurharpal Singh,1
hnzuq7zt,Suzanne Burlton,1
28h0wyt1,Steve Wright,1
21uzdzsd,Gaia Servadio,1
sfk71bt1,Adam Spencer,1
ehoaeqri,Sinead Quinn,1
vo2rxr9j,Jacques Santer,1
24j2rj38,Jim Sweeney,1
3ilmgikv,Simon Sebag Montefiore,1
cov7ff9h,Kerry Stacey,1
x0qdb4f0,Jamie Scott,1
1dmmr9d3,Brett Solomon,1
ugewk7dl,Stuart Rose,1
cttjd21h,Edward de Souza,1
tb1ojcyv,Stan Grant,1
coyg9dmv,Steven Peavis,1
k8ykaxq9,Fernando Saunders,1
r0xarzq5,Nik Speakman,1
o8rh7d32,Paul Shane,1
xbtksxlc,David Sneddon,1
679q4cqm,Emily Symons,1
q0kohs6h,Susan Walker,1
bzyb210s,Summer Strallen,1
1pvnni97,Simon Shaw,1
zkg64u53,Shola Ama,1
7u14ifwf,David Schwimmer,1
dr7yn5g7,Gene Simmons,1
qempdknk,Stuart Manning,1
xh9gk5f1,Shahzad Akbar,1
hqg8k1xu,Sarah Richardson,1
g9q4rqky,Stephanie Ashworth,1
0ncfup1c,Mumzy Stranger,1
28egi2yq,Stanley Booth-Clibborn,1
dyxu5aht,Shane Geraghty,1
0w6ze30z,Meidyatama “Dimas” Suryodiningrat,1
unmxy7ok,Wayne Schwass,1
9htgfrat,Samantha Seager,1
7jh0tnu7,Sacha Parkinson,1
pp5rxzl9,Donald Stokes,1
odvqs9xi,Sally Farmiloe,1
4nqgnglm,Jessica Stevenson,1
06me90au,Stephen Pound,1
8sfrtsm8,Stacie Edwards,1
ubvmprgc,Professor George Steiner,1
lcwvmttv,David Smith,1
4pv37bja,Sarah Wilson,1
8zx3ev2z,Slavoj Zizek,1
8zky6je9,Steve Easterbrook,1
65ngzogj,Slash,1
ag7z2y9m,Stephanie Calman,1
8apw84hz,Mark Schwarzer,1
ecl9xv6h,Stjepan Hauser,1
j8uzztw3,Sophie Thompson,1
njtw2da7,Mark Di Stefano,1
jhp0h0qt,Siobhan Finneran,1
7kcit3gh,Jim Secord,1
62hft33z,Dr Karen Salt,1
6ef2w6yn,Steve Fielding,1
9nnrkk7n,Tim Storrier,1
b7z43cl3,Red Symons,1
tfv7nt6x,Susan McFadden,1
uagw0ee7,Steve Steen,1
q4wbtiij,Steve McFadden,1
p9wtwuus,Shailesh Vara,1
nw2kkzo4,Katy Sexton,1
0jsethto,Harriet Sergeant,1
q5trlyom,Carol Schwartz,1
a5kes8de,Simon Goodwin,1
bbx7slgi,Danny Seward,1
m8y816rh,John Maynard Smith,1
soynwgh1,John Safran,1
nl5lp9i4,Dr Sandy Knapp,1
2mnv59v2,Danielle Schreve,1
hfdg7t4o,Susan Castillo,1
g76cx6kf,Millie Small,1
nqyobg3b,Tony Smith,1
q73wr6kv,Steve-O,1
zkwqmnsf,Jazmin Sawyers,1
oix8qtt4,Shannon Tweed,1
5ss8lhjo,Sara Haghdoosti,1
payh9j4y,Susie Youssef,1
7kc5p8zs,Sanjay Subrahmanyam,1
iwqn78xv,Steve Self,1
z7jv0lft,Frisbee Sheffield,1
d370qd8b,Dr Suvendrini Perera,1
pz8eh3it,Walter Smith,1
bgv1m3tq,Sarfraz Manzoor,1
txfjuw9r,Fatboy Slim,1
c02usded,Simon Cowell,1
0wcn6yog,Maggie Steed,1
wemvtmvc,Adam Sutcliffe,1
kjsv568z,Sir John Houghton,1
i0m814n9,Camilla Seale,1
a3rd49zp,Shaks Ghosh,1
q5m9x2m0,Tom Stoneham,1
0rteqeq4,Nick Scott,1
nwejoj5x,Suzanna Taverne,1
34oaefcv,Juanita Stein,1
z44lfcrf,Shaun Diviney,1
hgbnm4kj,Stuart Maunder,1
d1paoo9m,Chris Stringer,1
svch68wy,Sarah Baxendale,1
kx2rkg1d,Chris Sutton,1
nftn18wm,Mark Seddon,1
a5ezoidi,Jake Shimabukuro,1
8ur4046v,Steve Bell,1
d3sqeb8w,Susie Essman,1
7xlu4me6,Rabia Siddique,1
9trfi4ri,Stephen Crittenden,1
z6t4cr4j,Simon Critchley,1
mgyv6bj3,Sarah Colvin,1
wlt9ke6z,Professor Amartya Sen,1
bnv1tq1i,Sam Stevenson,1
3x3c8vjj,Stuart Holdham,1
k7wzuxdv,Susan Castillo-Street,1
7q19leu7,Sam Brown,1
3mybx01x,Stephen Maguire,1
1erc5ch6,Sir Ranulph Fiennes,1
nc0vrwmq,Simon Hart,1
745v7bbm,Lemn Sissay,1
cpj4ppge,Steve Aoki,1
hj9qvcfm,Roey Sweet,1
66wfpuce,Tom Shanklin,1
y2gkfz0n,Gary Stringer,1
b7wvq7vc,Sir Barry Cunliffe,1
nyw7h402,Sonya Madan,1
9jpgq7uf,Eva Speakman,1
qc7rskmx,Stan Collymore,1
33zuk3zs,Mel Smith,1
87fnh860,Sow Keat Tok,1
t5roq3yd,Nilaja Sun,1
of9bbhfj,Katy Steele,1
n222e2kj,Paul Stewart,1
3vvdf30w,The Saturdays,1
xrgmbla3,Kerri Simpson,1
jecziyoy,Hillary Scott,1
shsc7jiz,Shane Gould,1
doi2egz4,Graeme Sharp,1
1slc76r8,Simon Garfield,1
tn9u371c,Ron Sexsmith,1
pc6oniz2,Jessica Sutta,1
f5tntx0h,Gurbux Singh,1
iwnz6yu9,Paul Strathern,1
8dswmgtr,Sir Andrew Green,1
k9skruyz,Siân Berry,1
dvs9xfup,Sophie Michell,1
5qjc2zqv,Sue Devaney,1
7iae4yoj,David Suzuki,1
ipbxg1s1,Sue Tilley,1
x3flh2t6,Sharon Small,1
3nkjod1h,Terry Smith,1
2gj65muw,Jill Scott,1
yjg5v4d7,Sami Shah,1
qqcorzkz,Debra Skene,1
dr3bfws3,Sally Sara,1
5wwqoh6g,Sister Bliss,1
gkttl2hd,Diana Spencer,1
up7k0t4s,Spencer Pratt,1
57xccpsh,Stig Abell,1
bn6v0ieg,Stuart Blanch,1
l22sq7av,Sheila Rothwell,1
xwdak9sp,Lee Simon,1
f1syrn7i,Alana Stone,1
n0d5pv32,Simon Jones,1
j7gknto5,Scott Brennan,1
72eqhy9j,Sam Leith,1
ukekprbv,John Ralston Saul,1
ie3tmfr7,MC Suffa,1
cn4kn39c,Scott Bakula,1
wquy26ep,Dr Seth Shostak,1
wxiig3xf,Kim Salmon,1
tvgv30qy,Shahid Khan,1
09epywlq,Sarah Jessica Parker,1
fdu36wdv,Shawn Stockman,1
bnaym2jt,Stuart Ritchie,1
atnah0bn,Stuart Widdall,1
gc7ru3ya,Richard Sorabji,1
8nv1zrgg,Chris Simmons,1
ehc37ngg,Lynn Symour,1
gkcibch8,Roy Stride,1
utlie2c0,Keith Senior,1
bjvk8o2h,Swapan Dasgupta,1
3yx5psdq,Julia Sawalha,1
9ha2u1e5,Roni Size,1
auiv9jjm,Matt Shultz,1
q40vzfib,Michael Spicer,1
exy7u0zv,Elizabeth Shields,1
f9ec6mjt,Graeme Stanton,1
x2ielz78,Seth Sentry,1
beqanhdt,Sefi Atta,1
6epikwbr,Shula Marks,1
1qgxlvf0,Simon Saunders,1
67r4w1cx,Charlotte Sleigh,1
yglja93a,Scott Gibbs,1
4010c519,Julia Sweeney,1
owr02bj2,Shahid Malik,1
dl46nyg6,Shirley Robertson,1
usxiatps,Sue Ion,1
oe4ejn0n,Shimrit Nothman,1
9a1x4gay,Dan Stevens,1
tvpn402s,Suze DeMarchi,1
kcempj8i,Sabrina Houssami,1
hr09ytjo,Simon Burns,1
d7w1pmed,Shelagh Diplock,1
c66t04wx,Paul Sackey,1
h6bpnkyr,Doug Stanhope,1
e1mvrrq8,Sir George Young,1
lvfc11wh,John Suchet,1
oda5v37v,Louise Sauvage,1
qggr5bmz,Sir Max Hastings,1
c2hzjzeh,Stevi Ritchie,1
snv3rbob,Saffron,1
dukod0ar,Saffron Burrows,1
pkcemohs,Tanya Streeter,1
x5izm5in,Matt Stronge,1
r2yv9rlr,Nick Skelton,1
ibzr9bjy,Sidney Blumenthal,1
4ne5z47e,Mischa Schubert,1
igpuni47,Noel Sullivan,1
qvpsxob1,Barbara Stocking,1
1353jtrd,Nadia Salemme,1
gctyoqrt,Suelette Dreyfus,1
os64odsf,Simon Lee,1
4eq3cvso,Suzi Ruffell,1
6z4rrkdh,Sandra Knapp,1
2d2iaycc,Liberty Sanger,1
mzh294l3,Graeme Squires,1
q9vk18jk,Shruti Kapila,1
8z2j2dbk,Rodney Syme,1
h765kuij,Stanley Tucci,1
1st9ulgq,Shane Nicholson,1
q3po2u2l,David Stack,1
r4u5hjx1,Alan Savage,1
aghbr0hv,Christine Sutton,1
049c4wgf,Sara Powell,1
u022507b,Godrey Smith,1
l7hwrelt,Trevor Sinclair,1
gpjxpjcb,Patricia Smyllie,1
nztcz5va,Georgia Slowe,1
bvhrz7eg,Sunny Ozell,1
u45klmdj,Anthony Scrivener,1
eyn516cd,Sarah Hudspith,1
v3i8htii,Stuart Rees,1
x7xcm8jc,Simon Khan,1
to99wwyn,Tracey Spicer,1
1p4mtper,Luka Sulic,1
dnl3r4nf,Alex Scott,1
g3uollt8,Akmal Saleh,1
4c3q5p67,Sanjoy Bhattacharya,1
e4d2omxe,Annie Stewart,1
dlp4bj4g,Shaun Micallef,1
8nwp8vae,Seth Shostak,1
tbtqnaag,Susannah Simons,1
mp6hadd0,Regina Spektor,1
aqeevlt2,Sam Tomkins,1
17gxr41t,Owen Smith,1
twegfc5q,Almut Suerbaum,1
krpe0ea9,Dr Mark Spencer,1
sah35wgm,Peter Sagal,1
uwzilo4u,Sara Dallin,1
j90yag2b,Penny Stokes,1
2o79fpnc,Sandy Gutman,1
46ipi5am,Dan Gillespie Sells,1
avx21bb7,Lisa Singh,1
7sgwolxt,Susan Hanson,1
xyjx21o0,Ranvir Singh,1
j38q6awm,Seetha Hallett,1
ky92onst,Susan Morrison,1
h5pqoaao,Scott Dooley,1
0vpi0aaa,Sheila Scott,1
yg604la3,Sarah Callaghan,1
nu4w7iwj,Kevin Scott Richardson,1
clethslp,Anas Sarwar,1
intjo66y,Tommy Sheppard,1
9i33eqkk,Steve Weltman,1
qjnzug7n,Shane Bergin,1
dpx35yde,Professor Anil Seth,1
mnnea3w8,Seb Sanders,1
iweusc58,Sadie Plant,1
s0evf833,Storm Uechtritz,1
s3vimelp,Melinda Schneider,1
915jvcol,Rosario La Spina,1
glfi4oms,Seb Coe,1
h335lspp,Sarah Hutton,1
rh41mrb0,Greg Searle,1
8x4us3wx,Suzanne Lowry,1
0h58g75f,Pallavi Sinha,1
qwlqobfs,Stephen Lang,1
gzb0y415,Simon Brodbeck,1
3rskueh1,Steve Davies,1
8vb6jgd8,Sir David Steele,1
4g9ad8wg,Shilpa Shetty,1
22rfn8b3,Nadim Sawalha,1
78ulornf,Eleanor Stride,1
mkwo4gek,Steven Woolfe,1
eu67bpjy,Sarah Stevenson,1
4stdge9c,Michael Slater,1
vl4c2uae,Sharon Millerchip,1
9sat8y7r,David Shayler,1
unuar51c,Sean O'Brien,1
90whlfx8,Max Sharam,1
qdd1f3b6,Siobhan Donaghy,1
1c9ngnuu,Stephen Gates,1
t20f6qfa,Marie Staunton,1
h2i86hcx,Suzannah Lipscomb,1
myq3shhh,Wilma Smith,1
7c7izfig,Siôn Simon,1
s24kv4ig,Ashley Slater,1
1a0n6hl7,Sarah Macdonald,1
gikdclbj,William Sharman,1
3fcrhmhy,Georgie Somerset,1
eg0l1sx1,Dan Savage,1
h62t48e8,Rob Schneider,1
3ka5qdw0,Stuart Goldsmith,1
c00ld7hh,Stephen K Amos,1
qfzcfqvg,Tavish Scott,1
o5n2zyad,Steve Harley,1
d027dsaw,Scarlett Alice Johnson,1
m21vhhmh,Nicola Stapleton,1
ty4tom5f,Kate Saunders,1
7mzhj4bn,Alan Sapper,1
6eut6m8s,Simon Price,1
sezc0uq8,Ellie Simmonds,1
jzaaeogh,Saul Davis,1
it3cq3zn,Susan Sontag,1
emb12k97,Professor Russell Stannard,1
v58xn1j8,Wendy Stapleton,1
dqwpufla,Donald Stewart,1
ztzwdtx2,Katie Slocombe,1
f0fa7bq5,Dr Sarah Meer,1
186hjih8,Miranda Sawyer,1
7aogi77k,Stephen Curry,1
1fg52cf0,Margaret Shaw,1
v56blw57,Stephanie Snow,1
blm8fax0,Jess Stickley,1
oz6ebn0q,Sarah Lewis,1
g6a5k6cr,Sam Gray,1
6xgmjlmy,Sheridan Gilley,1
90ir87y3,Steve Race,1
lqakc46m,John Savident,1
5ybc5uui,Siobhan Redmond,1
regrbghv,Kathryn Simpson,1
h00anbgb,Sherard Cowper-Coles,1
123a9d2j,Salman Rushdie,1
phwslr8h,Simon Breheny,1
trmmndi7,Simon Bird,1
15penuc7,Doron Swade,1
mza73a00,Stuart Adamson,1
x963fysj,Akmal Saleh,1
u6mt4dda,Kelly Smith,1
lg65s6nu,Slava Grigoryan,1
7swc003m,Silvie Palladino,1
tknmccnk,Vivien Stern,1
g7ewy4qe,Susan Hili,1
0a0qvwlg,Sarah Harris,1
l5cu7o64,Nicholas Shrimpton,1
j4bsqoyv,Steve Kilbey,1
m7c962wm,Stephen Cummings,1
1emvgfxf,Neil Stewart,1
zwde9x84,Simon Newman,1
nutx1can,Ed Sheeran,1
6i57rbo1,Mark Simpkin,1
tsvr25z6,Sheila Roberts,1
iz7wd3hb,Scarlett Moffatt,1
uc63vpbd,Stephen Fender,1
m0bl5jka,Gerry Stergiopoulos,1
994my0ph,Morgan Spurlock,1
qtytn5ty,Austin Stevens,1
zuvmqkwd,Susan Boyle,1
5mvyezyy,Roy Shaw,1
0127bi7j,Shaun Pollock,1
0ivoo0uv,Scott Carne,1
1gkiabnb,Sally Hitchiner,1
4wvn2w9v,Sue Walton,1
458jb1hx,Stereo Mike,1
14gl1z8o,Julia Stiles,1
546i2dcc,Sylvia Nasar,1
96oscv17,Ashton Sims,1
njn8cxe2,Susanne Kord,1
ig73itpx,Saul Dubow,1
u41e9d6a,Stuart Broad,1
holtvmph,Jayne Sharp,1
unbnebqa,Sophia Ragavelas,1
p40gm4d1,Bryan Stevenson,1
mahc8pwy,Caroline Strong,1
ewmy9wmd,Sheena Cruikshank,1
35yzhp47,Iain Sinclair,1
45ipurvw,Dr Sarah Barber,1
u46d543o,Britney Spears,1
qp24jky8,Sarah Manners,1
7zjiblad,Professor Sheila McLean,1
enc3kbg4,Zoe Sugg,1
gb4p2ka6,Rosie Stancer,1
3e3xtpxq,Brough Scott,1
a07nu26k,Sarah Rees,1
eiun3a1u,Simon Redfern,1
36lkw0u7,Sarah-Jane Crawford,1
9dx9n3e9,Sandy Plunkett,1
9uphswvi,Tiffany Speight,1
btc5kt0n,Sharan Burrow,1
sm4pwvci,Stephane Anelli,1
nafttat2,Edward Shackleton,1
ppeo34t2,Simon Rimmer,1
9laz84i5,Sharri Markson,1
62slv2rd,Andrew Sheridan,1
1sshznog,Sally Seltmann,1
phus0h2f,Sharon Bird,1
1opy0lct,David A. Stewart,1
hqbi2isr,Kevin Simm,1
drbzh6qr,Sarah-Lee Guthrie,1
z0gidquh,Scott Henshall,1
4j53x25a,Fatman Scoop,1
oce1befx,Lyle Shelton,1
0x6fj45j,David Strettle,1
7f1630la,Michael Spence,1
lrj276kf,Steve Perryman,1
tctchgop,Susan Travers,1
ussrvi1t,Magda Szubanski,1
vpc7n3xl,Stephanie Dooley,1
phmxmdvx,Stephen Ashfield,1
a41nwqbz,Joseph Stiglitz,1
jl8w5a23,Simon Glendinning,1
3xsrtq9o,Sandy Millar,1
s661fzji,Sir Roy Anderson,1
lxue8lfw,Sam Attwater,1
oymxjpku,Matt Smith,1
brkbwc1h,Robert Swan,1
hz3hqbw1,Non Stanford,1
89e3c8xa,Tom Stade,1
poi956pn,Shirlie Kemp,1
trt5lyhb,Samuel Buttery,1
jyk2zyas,Ed Smith,1
qhoww5gf,Jonathan Stökl,1
x9gf6c8h,Shabana Mahmood,1
m2d03jvo,Oliver Stokes,1
37zgzl9c,Sarah Ferguson,1
5glerez5,Shazia Mirza,1
3rw73vkh,Romeo Stodart,1
3a2vlmi5,Yumi Stynes,1
36yzdfwa,Lucy Siegle,1
wk3236at,Stephen O'Doherty,1
44evpfws,Stana Nenadic,1
v63z8mw7,Sammy Wilson,1
e8yzwmlt,Lesley Sharp,1
bzek292j,Bob Sedergreen,1
kx3bb37v,Stephen Byers,1
y8t394o5,Val Sampson,1
tvv7st1k,Suzanne Dando,1
8txjpofb,Vince Sorrenti,1
y5b0maki,Sarah Blackwood,1
6hnm60qe,Tommy Scott,1
xtr0bhwa,Dan Schreiber,1
tklpoq2x,Shirley Conran,1
7ikpwljh,Kristen Schall,1
xr4sfly3,Scott Ludlum,1
sh4dprq1,Fred Sirieix,1
wz9q43tj,David Sainsbury,1
vzipm9u1,Stelios Giannakopoulos,1
rsc1yr3o,Stephen Kinnock,1
8385nwt6,Nicola Sanders,1
rc14itov,Steve Lukather,1
5hc87ir6,Steve Cannane,1
1n3fvfib,Ray Stevenson,1
4nhelhzg,Samir Siksek,1
52qc2b6j,Christine Shaw,1
zbeo0b51,Shiv Malik,1
fzhbh86n,Sir Roger Moore,1
b01doc17,Susan Jones,1
9jvo3nsf,Simon Shepherd,1
fdj61i3n,Stuart MacGill,1
u6p1x0fk,Paul Sykes,1
2f3qpm6f,Judy Steel,1
qricsrew,Julia Smith,1
llss2qyg,Sean Meo,1
ka1mx0jb,Siobhan Freegard,1
0m19i16h,Suzanne Aigrain,1
5irmuj85,Sian Evans,1
8sdj9lg0,Philippe Senderos,1
gtzcl3bi,Sophie Hitchon,1
sh5an3b9,Shaun Tougher,1
qd4qdqc4,Peter Shergold,1
mysvl7ac,Simon Fanshawe,1
9vt2nh0t,Anne Sheppard,1
ma6tlord,Audrey Slaughter,1
a8yw8jxs,Yasmina Siadatan,1
r8p7ry2t,Judy Stone,1
0q3jtpyx,Richard Stoneman,1
ba95klxz,Sir Peter Hall,1
w725nxlq,Samantha Murray,1
vek3cb7w,Peter Swaab,1
csu9xivk,Sean Paul,1
dqsejra1,Samantha Robson,1
r3gqiw97,San Lazaro,1
woyf2m1x,Helen Skelton,1
zu8lmnte,Mark Solms,1
8s9rvc05,Steve Mason,1
fc4qx8fk,Shriti Vadera,1
43rsqpyj,Peter Sutton,1
36675zvw,Scott Maslen,1
txm8um97,Gordon Strachan,1
7ir4uk0x,Denise Searle,1
pdio70qg,Sharon Gless,1
9fl1e1sp,Simon Kelley,1
nktnbc59,Stephen Green,1
5b3gkmum,Scott Mandelbrote,1
hp6t7uht,Su-Elise Nash,1
orxahxpu,Stuart Pearce,1
uocj2j9z,Alfonso Sharlando,1
n4hgnz6l,Bobby Skinstad,1
ng7vuydp,Benet Salway,1
w2esn0o2,Sam Duckworth,1
9lz8rl8l,Sid Waddell,1
ornfqe71,Martin Skarendahl,1
bimqvovx,Shelley Hartland,1
o860350v,Stephen Plant,1
rn9ena8n,Sanjeev Gupta,1
8k9n096q,Sarah Jane Buckley,1
0hqaerip,Sacha Baron Cohen,1
na9jyw49,Steve Finn,1
qwcc8yjd,Sarah Jayne Dunn,1
kl9xdmg9,Carol Sarler,1
a24vc80w,Rachel Siewert,1
gujvewtp,Gavin Stamp,1
fesjn6yp,Sir Colin Humphreys,1
8ohsj173,Simon Laham,1
519uyjh7,DJ Shadow,1
hl2lghxj,Eddie Spence,1
3fycwqsp,Sarah Whatmore,1
6jiq4c2a,Stephen Halliwell,1
e0wg3hcc,General Sir Michael Rose,1
579d6gms,Susan Collins,1
rtderyow,Emma Smith,1
iwohk6d6,Peter Sutherland,1
w3547okd,Victoria Smurfit,1
wcl6ab79,Keith Semple,1
chj45z26,Stephen Hunt,1
bk7g33bz,Gavin Strang,1
lm14rmeb,Sekai Holland,1
nalrc85g,Sascha Kindred,1
6lk6agdm,Stephen Merchant,1
1qopao7m,Steven Waddington,1
rs9ujo7o,Steph Houghton,1
aoh8i6fc,Scott Hastings,1
q4or20cp,Jane Scali,1
7iaa6kk6,Simon Woodroffe,1
5e7995p4,Santo Cilauro,1
j4k9xkng,David Spinx,1
alui7evx,Tony Sudbery,1
mece5h1r,Debra Higgs Strickland,1
1t58i9pb,Nitin Sawhney,1
u2csuy78,Sarah Silverman,1
old90j29,Erin Saltman,1
62dcrbzy,Apryll Stalcup,1
jk7ydk87,Stephen de Martin,1
3ej149ae,Stephen Lowe,1
vqd5txk6,Richard Stilsoe,1
fgg9jyjs,Simon Winchester,1
wheun7hy,Shellie Poole,1
tjeo9kx5,Stuart Holden,1
4qpvpns0,Sir Paul Nurse,1
crbx0o98,Sarah Barber,1
haw49h0a,Steve Hughes,1
wtg20ns0,Ranjana Srivastava,1
81pk17su,Kurt L. Schmoke,1
yub0656t,Su McCluskey,1
913qn457,Sipokazi Luzipo,1
pd1kc0ui,Mary Schneider,1
x7pct5al,Ceri Sullivan,1
a8gc5ze9,Stewart Hosie,1
aucsglqi,Sarah Henderson,1
znqqcccy,Sarah O'Flaherty,1
f7u87xd2,Lionel Shriver,1
xsuuxv65,Simon Ditchfield,1
gsi6elxk,Susan Sherratt,1
q495my3k,Stephen Attenborough,1
yhbg76xk,Sam Allardyce,1
igg15rr0,Neil Sammells,1
ophaw8x3,Sue Morphet,1
pto1uqjc,John Sargeant,1
2qr2ptm1,Tim Spicer,1
0a3pwhpl,Carl Smyth,1
ttd2oe42,Pallavi Sharda,1
7xlo0f86,Shane Howarth,1
jnh9rb5y,Joan Smith,1
yulk92wt,Jada Pinkett Smith,1
g98lwpus,Suzanne Dowling,1
zliqxsux,CW Stoneking,1
whz6z6xv,Sebastian Bach,1
cjo62qsp,Mark Sutton,1
y6qxzgit,Shystie,1
gzty11qc,Stuart Laing,1
47qkv1kf,Ray Shah,1
rfgq7ayc,John Safran,1
7cj65bqd,Marc Silcock,1
mvn83kwp,Fred Spoor,1
qhz6n5ev,Christian Slater,1
96l7fc6l,Idil Sukan,1
hx0d2hix,Merryn Somerset Webb,1
jlcgxbzh,Glenn Shorrock,1
tr1buwix,Kimberly Stewart,1
ueqxnjjx,Caroline Series,1
drt4yk7y,Kevin Sheedy,1
wnejmluo,Lyn Seymour,1
2dypyt7w,Troy Von Scheibner,1
rozt8oin,Francesca Sandford,1
usqsyklt,Simon Santosha,1
umv172a2,Sharon O'Neill,1
a14alvt8,Sally Oliver,1
e98l6463,Seamus Perry,1
xfcg3dls,Sarah Stroumsa,1
rgon50ce,Brian Sedgemore,1
43k237yj,Paul Sereno,1
3r4kdn2c,Sally Hamwee,1
e79vq2ka,Andrew Stone,1
2t5wth4d,Steven T Bramwell,1
evh6vnem,Dean Saunders,1
0veytced,Edward Stourton,1
d5vmlbxn,Sandra Horley,1
8tv1a1xm,Sean Rowley,1
e4iq7rzy,Bill Sirs,1
v9wvwyhk,Aravinda de Silva,1
24fjbw8m,Ashlee Simpson,1
78mc1nop,Hew Strachan,1
3ex2raxo,Sam Moran,1
l3jt6m5g,Yulia Supadmo,1
4xpozfel,Susan Foister,1
pv0noeu4,Stu McLeod,1
hwzkvfq7,Scott Robinson,1
jrsusn4u,Ingrid Seward,1
b4q97riy,Suzanne Cory,1
9658tcap,Casey Stoney,1
qzg8xytj,Tiff Stevenson,1
blxj3l41,The Puppini Sisters,1
8269z82m,Roque Santa Cruz,1
y950elte,Ian Smith,1
wp4glpuk,Russ Spencer,1
n4eaiqtp,Simon Platt,
x6otumkp,Richard Sennett,
b9tir0ke,Neil Sleat,
k3ei7nxp,George Steiner,
