phc9cbai,Zoe Tyler,178
jtkbv70w,Zoe Lyons,22
2f1nzrjr,Zoë Ball,15
2ycshwu5,Alex Zane,14
fmg0vgaf,Andy Zaltzman,8
7c6xkbfl,Zoe Norton Lodge,8
bp5k0ezt,Benjamin Zephaniah,7
5q8d0f5f,Zoe Lucker,6
p0eva3u3,Helen Zaltzman,4
y8d0z6al,Zoe Williams,4
zi9lkelc,Julia Zemiro,4
lgnwwo0o,Zoe Salmon,3
7plx7fkd,Zac Goldsmith,3
n12lf6h4,Zayn Malik,3
ehizy9jm,Nadhim Zahawi,2
li5gwmcv,Zach Filkins,2
riz6oohz,John Zarnecki,2
cdaln00e,Zoe Smith,2
b3dp4s8p,Zara Phillips,2
zwz00ug9,Jianying Zha,2
orajbkf7,Semir Zeki,2
fdccpljd,Zinzan Brooke,2
9n8cdqfe,Zena Walker,2
dncemckk,Billy Zane,2
dq4goyu7,Xun Zhou,1
g8ky7h3e,Allan Zavod,1
oo0jwrsl,Yangwen Zheng,1
h2hfyjwl,Bolo Zenden,1
atwk9hjo,Zoe Coombs Marr,1
8zx3ev2z,Slavoj Zizek,1
mc5pks81,Gianfranco Zola,1
uatk0epb,Josh Zepps,1
q65m1owi,Boudewijn Zenden,1
rv6vq4zl,Ziauddin Sardar,1
qt72ka62,Zoë Henry,1
ih058q6p,Tom Zutaut,1
0fgvufga,Zac Purchase,1
a4s7snyv,Zara Dawson,1
enc3kbg4,Zoe Sugg,1
jzci58no,Wilfried Zaha,1
4wqiu2wm,Theodore Zeldin,1
ud717bpq,Zerbanoo Gifford,1
fncx8v35,Lindiwe Zulu,1
myevrefu,Zita West,1
gnepl7q6,Paul Zenon,1
4eevbife,Zanny Minton Beddoes,1
ppm7eto1,Jan Zalasiewicz,1
d151tpsj,Zaraah Abrahams,1
ck13oib9,Zach Galligan,1
iwfuf2gd,Sameena Zehra,1
i4utag2p,Dr Theodore Zeldin,1
lm3gydbz,Zelda La Grange,1
1eq0rm8o,Zach Galifianakis,
