6vpb1owi,Carol Vorderman,238
y4h3y6yc,Vic Reeves,118
zteiiucp,David Vine,82
9b46vz01,Johnny Vegas,80
x5unmeqr,Victoria Coren Mitchell,69
rhhx9oi8,Johnny Vaughan,31
46tk56ec,Vince Cable,25
3pq3saf7,Victoria Wood,21
lpmh1gx3,Vicky Pattison,21
wjmqif41,Denise Van Outen,18
qx0mniaw,Vernon Kay,18
5yw66sca,Tim Vine,17
yp9xh4jm,Michael Vaughan,16
wuzxhhqe,Vanessa Feltz,14
m69zzk6k,Vanessa White,11
jz3ece1v,Virginia McKenna,10
kmxdgj22,Anthony Valentine,10
llo75v46,Amanda Vanstone,10
16i8gsv8,Vincent Hanna,9
w48zn6cf,Virginia Bottomley,9
3h5enhe1,Danny Ventura,8
aielzoc4,Ava Vidal,7
084j8odx,Valerie Amos,7
cic2lt3o,Jeremy Vine,7
p2eezziq,Valerie Grove,7
kuqv5wqd,Brooke Vincent,7
d3um4cbr,Victoria Pendleton,6
oisylutw,Vicki Pepperdine,6
xfir9m27,Val McDermid,6
sxo4017o,Verne Troyer,6
zms43dd4,Diana Vickers,6
yim8p7xz,Vivian Nutton,5
by3z52xw,Vicky Entwistle,5
ubvmucp7,Victoria Glendinning,5
yaidfpkr,Vic Henley,5
85dtkeb8,Tim Vincent,5
xx8dgpf3,Valerie Singleton,5
7wffu6dm,Theresa Villiers,4
hluhelyv,Valery Rees,4
q2hbiqhb,Vin Welch,4
1v5wcwqn,Victor Spinetti,4
dod56cs9,Valentine Cunningham,3
izorqdnj,Michael Le Vell,3
8e5hzjsm,Valerie Jenkins,3
gzt8eu2s,Yanis Varoufakis,3
brvcn7yz,David Van Day,3
j8onc4ut,Dr Val Gibson,3
cw5wxjpr,Vicky Binns,3
k6dm1fxt,Vicki Butler-Henderson,3
5gsk5yp9,Frankie Valli,3
wxy7nj7d,Victoria Mather,3
opyucxf2,Amanda Vickery,3
8651rnfw,Phil Vickery,3
yadkd78g,Vesta Sarkhosh Curtis,3
qhn91zwj,Victoria Silvstedt,2
4djd1xda,Vivienne Parry,2
tmh8kmn9,Antony Viccars,2
fj421p0s,Richard Vranch,2
vo28bnge,Robert Vaughn,2
amr5u0ii,Mark-Francis Vandelli,2
oaeoo76e,Richard Vernon,2
g7zxjo10,Vanessa Redgrave,2
3ob4xxfb,Tommy Vance,2
bcg9e0lz,James Villiers,2
0bd1lc7r,Miroslav Volf,2
wwa2pb0e,Victor Stock,2
khc9qj46,Vitali Vitaliev,2
6nkdlabn,Wanda Ventham,2
nwfqjmu4,Van Badham,2
rur39ktd,Nicholas Vincent,2
kjrb0dfe,Vilayanur Ramachandran,2
c7i2haz6,Ed Vaizey,2
ygt0q2iv,Vanilla Ice,2
n2qy7haj,Eric Varley,2
gxssiqrh,Leucha Veneer,2
2apfdo1h,Vijay Amritraj,2
c9sndy50,Viv Benjamin,2
heei8u2j,Vicky Neale,2
z13ch13y,Cokie Van Der Velde,2
s0eiicpx,Phil Vickery,2
m9ny6g8w,Vicki Hodge,2
3io8cagi,Keith Vaz,2
4vtokl59,Vittorio Grigolo,1
rzewbj3v,Vidal Sassoon,1
h5xi5uw1,Kelly Vincent,1
ldrsh6fd,Victoria Burley,1
5c6uoscp,Vernon Coaker,1
bf7acbeo,Vanessa Mae,1
zaih2gho,Victoria Alcock,1
h550csp2,Veronica Brady,1
76m4zw8z,Vladimir Jankovic,1
6aaaxh5p,Vicki Michelle,1
n8psw94d,Valerie Amos,1
s26k32oo,Farrokh Vajifdar,1
osk02as4,Yolanda Vega,1
hyx97z6f,Vanessa Harding,1
koy487mu,Val Jellay,1
8txjpofb,Vince Sorrenti,1
tknmccnk,Vivien Stern,1
gxt4xatm,Vivienne Martin,1
ju2xhvqn,Victoria Barnsley,1
hxmdm76y,Ann Vriend,1
4pb5x7kd,Rolando Villazón,1
gyqasyu3,Dr Vivienne Lo,1
fqlhb0n6,Leslie Vainikolo,1
wjmzrk2s,Vernie Bennett,1
702z2ea1,Vicky Hall,1
mcvlr402,Virisila Buadromo,1
o6s70igr,Vanessa Amorosi,1
gppgon6h,Gore Vidal,1
idpj98u9,Victoria Hart,1
p9wtwuus,Shailesh Vara,1
tenxd3el,Angela Voss,1
sg9ofsnc,Tim Visser,1
q0lcbt58,Il Volo,1
mwljf4v1,Virginia Nicholson,1
9l9ig60n,Vickie Gates,1
73f9yak7,Dick Valentine,1
zs6i668q,Valerie Fraser,1
4e283ds4,Niki Vasilakis,1
cu7vl39y,Victoria Toensing,1
dpbw9wbr,Vikki Stone,1
c6ktg0m3,Dr Mary Vincent,1
gtr8ovqc,Vanessa Hehir,1
noo4srsy,Amaury Vassili,1
01vs6k9v,Vincent Kompany,1
re7y98mh,Virginia Lewis,1
pludhw0l,Virginia Wade,1
17fm2irg,Benjamin Vis,1
0ckjxi9a,Michael Van Wijk,1
8i60dqdx,Vladimir McTavish,1
g5p8fxhl,Vicky Pryce,1
ujb1ujei,Vivian Doyle,1
y3nj6bre,Dita Von Teese,1
4czqqh1e,Ben Volpeliere-Pierrot,1
5jlklhax,Vicky Hawkins,1
hg9dk0zw,Dr Vicky Neale,1
euloxdu1,Valérie Tasso,1
7wncgxcr,Christopher Villiers,1
e5k48b48,Vanessa Lloyd-Platt,1
lcrruqif,Polly Vernon,1
n02xp6lg,Vera Baird,1
3s9l2vcw,Anna Vinton,1
x93osfa6,Val Hudson,1
7dmyci5h,Vin Weber,1
gplxwr71,Malcolm Vale,1
2q1za21c,Vance Joy,1
i07jy7q1,Van McCann,1
1lhacs9u,Vicomte Bernard de la Giraudiere,1
snkmtdjc,Valerie Pitts,1
orlzzqr7,Holly Valance,1
u2vfmdwk,Aliona Vilani,1
cic2q4hh,Victor Victor,1
u80gvodp,Vince Jones,1
nn3hubax,Jess Varnish,1
zf9lyfug,Valerie Wise,1
p6wmfwyf,Vinnie Jones,1
s495ic9q,Victoria Lyon,1
16dkfpcl,Victoria Derbyshire,1
w3547okd,Victoria Smurfit,1
y8t394o5,Val Sampson,1
jawfpkj6,Caroline Vout,1
ios7khum,Mark Vernon,1
on6o0m4u,Venetta Fields,1
poy0foyf,Vincent Debaene,1
2dypyt7w,Troy Von Scheibner,1
4ujl4sx6,Patricia Vonne,1
m13ecwyp,Victor Adebowale,1
amt81hva,Katharine Viner,1
81awpsei,John Virgo,1
fc4qx8fk,Shriti Vadera,1
k4seu1an,Vika Bull,1
av6df8kv,Andre Vincent,1
aie2dwdw,Lisa Voice,1
pdjh1knv,Valerie Rumbold,1
uwsedw39,Vrasidas Karalis,1
