x9y0q5f5,"Dara O'Briain",229
ry40inln,"Christian O'Connell",81
5a6ylpdb,"Richard Osman",80
qw6vdex8,"Eleanor Oldroyd",62
k5okmclt,"Gary O'Reilly",49
89pworht,"Jake O'Kane",44
qzdunwq0,"David O'Doherty",44
pis76ssm,"Dave O'Neil",40
w0tesu4r,"Melvin Odoom",37
l57v7nvn,"Bill Oddie",31
pnzgpgle,"Brendan O'Connor",24
ec5dqsuv,"Ian Ogilvy",23
q6xkq8v3,"Omid Djalili",22
c82x62c0,"John Oliver",21
f1fcqxeb,"Olly Murs",21
wjmqif41,"Denise Van Outen",19
8k06jq62,"John O'Farrell",19
qgikc84j,"Dermot O'Leary",18
dn4g5ok5,"David Owen",16
v2a2jsfv,"Cristina Odone",15
84vruyno,"Paul O'Grady",13
blb0n7o8,"Tamzin Outhwaite",13
1j2etpps,"Mark Oaten",13
pwfdt996,"Kelly O'Dwyer",11
59zt7h6g,"Kate O'Mara",11
sysnt0vt,"Karen O'Brien",11
4qmnitf3,"Detta O'Cathain",10
ml47fsgm,"Andi Osho",10
sxd68mcj,"Oliver Letwin",10
hqdxigmd,"George Osborne",9
2jbqpu3g,"Jimmy Osmond",9
ijwgmst7,"Martin Offiah",8
dqkvoucv,"Oona King",8
gkqwtp10,"Danny O'Donoghue",8
mut2g905,"Oritsé Williams",8
1cdbty94,"Daniel O'Donnell",7
2zamic2u,"Fiona O'Loughlin",7
uemudlsw,"Kelly Osbourne",7
np24rr55,"Owen Jones",6
k0oyaq2d,"Christine Ohuruogu",6
2ekb5drg,"Peter Oborne",6
t5fibef6,"Oonagh MacDonald",6
tmaz1jbw,"Michael Owen",6
ee1cm8xe,"Ardal O'Hanlon",6
gy1x51ae,"Oliver Stafford",6
ln497k25,"Jamie Oliver",6
xb5no1x3,"Luke O'Neill",6
wsccq6jj,"Anthony Ogogo",5
7pj1n098,"Sharon Osbourne",5
jfdvmco3,"Ronnie O'Sullivan",5
kq2wh1xm,"Isabel Oakeshott",5
owwq3trl,"Tracy Ann Oberman",5
sjm7f9ij,"Mark Owen",4
yabs4lim,"Ollie Locke",4
b5tvu0hk,"Andrew O'Neill",4
urcft0x2,"Billy Ocean",4
87s2fio2,"Mike O'Brien",4
g9pssr6y,"Charles Osborne",4
qzrnaynl,"Olga Franklin",4
b1ci6w6t,"Sally Oppenheim",4
9g1i4uoz,"Des O'Connor",4
cdgrd3qc,"Richard O'Brien",4
4xcte17a,"Oliver Baines",4
69wtsoce,"Leon Osman",4
0tvxk0xn,"Donny Osmond",4
qa1wkkhn,"Owen O'Neill",4
ne5uwwjc,"Osi Umenyiora",3
u10ft4ly,"Dawn O'Porter",3
37bd54qx,"Philip Olivier",3
pnamsca4,"Sid Owen",3
jxaj9qi3,"Matthew Oakeshott",3
q3fho1am,"Tina O'Brien",3
5w8xsp8c,"P.J. O'Rourke",3
dlxpx75q,"Christine Ockrent",3
x1scb117,"Olivia Newton-John",3
tm74iifp,"Ellen O'Gorman",3
x1lk6lmb,"Oliver Pritchett",3
exfcm7gd,"Lyndon Ogbourne",3
5rlh1qxk,"Patrick O'Flynn",3
8x9qd4ik,"Brendan O'Neill",3
24caezwv,"Oliver Pritchard",3
lvwfm1hm,"Olivia Lee",3
2189yodw,"Alexander O'Neal",3
busnkmll,"Brendan O'Carroll",3
mz9xtuz2,"Deirdre O'Kane",3
9whk0ljh,"Rita Ora",3
rmr5uctt,"Conor Cruise O'Brien",3
7zfrgb1u,"Oscar Pistorius",2
tz7enmtm,"David O'Leary",2
at7xv83r,"Olivia Colman",2
douc8xsu,"Jack Osbourne",2
6ktvm0v0,"Earl Okin",2
1x895pi9,"Graham Onions",2
flrr6sxx,"John O'Shea",2
egcao2bh,"Chris O'Dowd",2
nx61lpi3,"Rageh Omaar",2
f1fsenvs,"Jo O'Meara",2
5c4wb0ub,"Oliver Taplin",2
1mjs7rzr,"Fiona O'Loughlan",2
ul61ufhe,"Rob Oakeshott",2
37xdc4by,"Julian Orchard",2
7ax01zsq,"Tom O'Connor",2
hc254qfs,"Ben Ofoedu",2
jvxolyey,"Stanley Orme",2
7yzpnpz7,"Richard O'Sullivan",2
17gxr41t,"Owen Smith",2
3ff8lea6,"Anthony O’Hear",2
xl8u2zq1,"Meg Wynn Owen",2
dx6fxv7r,"Oliver Wilson",2
r4aqoqom,"The Earl of Onslow",2
1gvrvxs0,"Owen Paterson",2
rqx5jv2w,"Paul O'Connell",2
h66fqbxb,"Mark Olver",2
88w8e0w2,"Funmbi Omotayo",2
hnwa1lv0,"Olga Maitland",1
xgs6uh7e,"Fiona O'Loughlin",1
6foxi44o,"Claudia O'Doherty",1
m6sohjot,"Olivia Hallinan",1
snadhzdy,"Richard Ollard",1
ntuk8b2e,"Oily Barkley",1
4wg9rpo0,"Ozwald Boateng",1
de52zgtm,"Eugene O'Hagan",1
lnxrom46,"Jamie O'Hara",1
srjeew0i,"Maike Oergel",1
x7lkiv1f,"Lord Oaksey",1
i25cv9o8,"Dirk Obbink",1
88zm45f5,"Caroline Overington",1
wf40lk8v,"Anyika Onuora",1
ifed2sh7,"Olga Levancuka",1
o0xgkzdy,"Oliver Peyton",1
p5jz4j8t,"Alex Oxlade-Chamberlain",1
90gdc0p6,"Kevin O'Sullivan",1
vgsz3p95,"Jono O'Neill",1
j5fksstu,"Marianne O'Doherty",1
na37b4nd,"Andy Orchard",1
5hqltitj,"Oliver James",1
9r6d0qi5,"John O'Dowd",1
umydwh00,"Miquita Oliver",1
xk2v5vtc,"Omar Musa",1
mah0a0kc,"Niall Ouinn",1
3rnrxinr,"Bob Owens",1
bzbswv34,"John O'Connell",1
vd4fd9zp,"Marilyn Orcharton",1
glepzcqu,"Mark Overton",1
otxjal5o,"Amos Oz",1
clhkr952,"Olivia Wayne",1
8yd4yf1u,"Anthony O'Hear",1
yg7wdj4k,"Olly Grender",1
wi5qkt6y,"Benedict O'Donohoe",1
966u17kg,"James O'Brien",1
5bgic6q3,"Barunka O'Shaughnessy",1
m9441a2w,"Wendy O'Carroll",1
7bl34fdt,"Nuala O'Faolain",1
0zd7zgjq,"Oliver Davies",1
oc4hp5s5,"Bridget Ogilvie",1
tznd49kp,"Merrill Osmond",1
pswknfh4,"Professor Tim O'Brien",1
zv4wuwgm,"Kirsten O'Brien",1
wo2r54mh,"Ed O'Brien",1
le58n6w0,"Eleanor Oldroyd",1
0sh8ci06,"Owen Coyle",1
umv172a2,"Sharon O'Neill",1
1umz5e48,"Heather O’Donoghue",1
jifka89a,"Frances O'Connor",1
fpoaa6n0,"Luisa Omielan",1
oxn51iat,"Ortis Deley",1
fmo27mx9,"Orlando Figes",1
gwz8oixg,"Dame Olwen Hufton",1
huq5wkn0,"Mary Orr",1
7wkwbkmz,"June Osborne",1
5n38jiac,"Kathleen O'Malley",1
u37uloj0,"Rachel Onasanwo",1
g5ipfro5,"Tomas O'Leary",1
nohf625g,"Deborah Orr",1
v7iuhe0x,"Tyler Oakley",1
p6nqc2f9,"Marie Osmond",1
bvhrz7eg,"Sunny Ozell",1
qipjiavb,"Olsa Henniker",1
adm8wnac,"David Oliver",1
0df3m5pj,"Jay Osmond",1
jk3yksyq,"Alex Oliver",1
sntkag2w,"Clive Oppenheimer",1
fcwl5fnp,"Donny O'Rourke",1
0yd4vc1w,"Ossie Ardiles",1
egzlcy9o,"Michael O'Leary",1
znqqcccy,"Sarah O'Flaherty",1
4wynydmk,"Owain Yeoman",1
7d0f5ztk,"Deirdre O'Neill",1
wk3236at,"Stephen O'Doherty",1
wke75igd,"Brendan O’Connor",1
m8cutfrs,"Martin O'Neill",1
vv584xfj,"Leon Ockenden",1
vkz8vrz9,"Bernard O'Shea",1
p6vyckn0,"John O'Connor",1
ken9nqbv,"Marie O'Riordan",1
3x3dsgb8,"Stephanie O'Brien",1
w81rmxlr,"Peter Oxley",1
unuar51c,"Sean O'Brien",1
va57l9wq,"Jessica Origliasso",1
h6tdpc4i,"Otis Ferry",1
ompnffay,"Pom Oliver",1
7cm0htcn,"Paul Oestreicher",1
xfd8iv75,"Caroline O'Connor",1
2ms6fdam,"The Oompah Loompahs",1
pn8og1v3,"Mark Opitz",1
a14alvt8,"Sally Oliver",1
s4gtetvc,"Oprah Winfrey",1
p9cndubc,"John Otway",1
e7nmktb1,"Nigel Owens",1
28omnw4b,"Paradise Oskar",1
hg5rqxqn,"Ohad Rein",1
gvuykykp,"Greg Oliver",1
eguadz58,"Olivia Williams",1
86o7f2t2,"Dolores O'Riordan",1
bwp6pmmp,"Brendan O'Connor",1
k48sgidf,"Edna O'Brien",1
z8uzlezs,"Daire O'Brien",1
eii64bm3,"Dave Oliver",1
uj9wlhra,"Jack Osborne",1
lvo03gr6,"Oliver Heath",1
m2d03jvo,"Oliver Stokes",1
9d96rkyc,"Tony O'Donoghue",1
c5l2j09t,"Oleta Adams",1
zyxfwgmc,"Olivia Goldsmith",1
b69ryxhp,"Jerry O'Connell",1
mp18w7ts,"Michael O'Brien",1
2nq55729,"Fuse ODG",1
bx1kal26,"Osman Durrani",1
bfcmosqf,"Michael O'Loughlin",1
pv3xv5t8,"Peter van Onselen",1
8x0xz4bf,"Nick Owen",1
02y73dg8,"Oliver Milburn",1
3axhdvfm,"Fighting Talk: Old Chestnuts",
