c3rbbyxx,Eric Robson,333
fychgvqk,Jenny Eclair,150
lqu3n4lu,Ed Byrne,71
29crsgwm,Eamonn Holmes,38
u1jzzdo1,Ella Hooper,35
hsz62vhh,Edwina Currie,33
ie1e7wsh,Josh Earl,27
hte51vd7,Emma Bunton,25
ke0xnedi,Rick Edwards,20
e8hylsiw,Joey Essex,19
t6mx3m6n,Eddie Izzard,18
ob8tp2nu,Simon Evans,18
pj3af5yq,Emma Willis,15
1s3haluy,Scott Edgar,14
kgz0o86j,Eve Pollard,13
kn84ys1v,Elis James,13
9mgrxekg,Esther Rantzen,13
9k7t0g06,Example,12
ji4aisp3,David Essex,12
og5wl0th,Jennifer Ellison,12
gbbv5736,Craig Emerson,12
cgamvf40,Edith Hall,12
5kfv00oo,Ed Davey,11
taebv56p,Edward Heath,11
zewwpsrk,Kate Ellis,10
36p1x3b6,Emma Nicholson,10
2xggrpwq,Paul Eddington,10
o1jjio92,Kian Egan,10
px3du8uh,Kevin Eldon,10
m5gihwar,Ed Gamble,10
x2m1x8kp,Emily Thornberry,10
flyfb8rf,Sophie Ellis-Bextor,9
jzw2u6u6,Ellie Taylor,9
1nmsyt5k,Catharine Edwards,8
mr6mvp4r,Enoch Powell,8
xv8o8xgj,Edith Bowman,8
2fcz3zo3,Elfyn Llwyd,8
9qevo5v5,Justin Edwards,8
n9n5ua2l,Perrie Edwards,8
umhd322y,Edward du Cann,7
5z85nsny,Ben Elton,7
08wbbt0y,Margaret Ewing,7
scbacs4v,Gail Emms,7
nzech4ky,Eric Knowles,7
ltr6k381,Peter Egan,7
la71za8h,Emma Kennedy,7
4pch79fn,Enrique Iglesias,7
3693f2lu,Emily Humphries,7
bzumchb6,Eric Heffer,6
7tgfhtp7,Richard E. Grant,6
qe02qt97,John Edmonds,6
bjhm6jx7,Elizabeth Truss,6
em62xayd,Angela Eagle,6
u18yfvgn,Jonathan Edwards,6
pqa1fzgz,Ed Balls,6
opyxlgtj,Estelle Morris,6
bsiim09u,Elizabeth Symons,6
ylmzzglr,Eva Cox,6
kh3m7w91,Jeremy Edwards,6
a68voicf,Ed Miliband,6
e98c0h4v,Jessica Ennis,6
7tc112i9,Edward Grimes,5
m23z1dgy,Eric Forth,5
duh45i2y,Ieuan Evans,5
djta5tiw,Suzanne Evans,5
0ncydqu5,Emilia Fox,5
mzcva25w,Eric Pickles,5
7whdrzb0,Evelyn Welch,5
5ik8u7n1,Eleanor Robson,5
tm7mp4lq,Tristan Evans,5
v71gpeat,Elaine Paige,5
ukmyohzl,Janet Ellis,5
3k3waqgd,Ed Rothe,5
6ucv6gnj,Chris Evans,5
x683ycrx,Harry Enfield,5
pbol426x,Ella Eyre,5
by3z52xw,Vicky Entwistle,5
iuoopqoa,Eric Abetz,5
fyy92zqv,Elizabeth Ann Macgregor,5
4oorqzai,Elaine Stritch,5
rxjt5op5,Eleanor Summerfield,5
ir78lcf0,John Elliott,4
nf1c6l0r,Rupert Everett,4
nj6cvso0,Edward Woodward,4
w139sbis,Emma Griffin,4
25euj0eu,Kenny Everett,4
8dmt5999,Emma Forbes,4
rkw6ajci,Eddie Perfect,4
0zi6rwht,Chris Eubank,4
kvi7b2y5,Eilidh Child,4
9tpchd82,Frances Edmonds,3
5muby5j7,Ellen Fanning,3
gw1exkem,Adrian Edmondson,3
5t757pdz,Nick Easter,3
b373t9t2,Emma Samms,3
ds67o4jl,Noel Edmonds,3
35bnfa9s,Elaine C. Smith,3
phtd0a0j,Eliza Doolittle,3
xtbvbahz,Eddie Mair,3
cxx0x82j,Darren Everest,3
ik07fii6,Emily Atack,3
6p3cwz3n,Elizabeth Dawn,3
23oxzds5,Eileen Atkins,3
ja41fza7,Elizabeth Knight,3
vhlnf3qj,Emma Atkins,3
j8hxdvxm,Ed Husic,3
wh5qhmew,David Emanuel,3
epq0mq87,Evan Davis,3
gqy0qzi9,Richard J Evans,3
bc2a5w65,Elizabeth Filkin,3
tm74iifp,Ellen O'Gorman,3
uu34nofb,Britt Ekland,3
pd3rv75e,Esther McVey,3
gmzcnt5w,Euan Ferguson,3
8uei8mhl,Eric Idle,3
zh4q4zb0,Emily Macfarquhar,3
v4cw3pag,Elizabeth Graham,3
plkfp2d2,Eve Myles,3
zrzyfcoy,Emily Richard,2
z64iqvy9,Edward Blishen,2
ietq5h64,Belinda Emmett,2
gsl7kii2,Matt Edmondson,2
29cjwvo1,Elizabeth Ashman Rowe,2
n2qy7haj,Eric Varley,2
6ktvm0v0,Earl Okin,2
rnond8lf,Edward Judd,2
vctkjv38,Nigel Evans,2
6l41705y,Dafydd Elis-Thomas,2
k8rdsmxk,Eve Matheson,2
4hexez3c,Eldon Griffiths,2
o5hhhsyo,Gavin Esler,2
gc8l66nu,Mona Eltahawy,2
tkjzjcgo,Emma Freud,2
11bc2ps8,Ed Koch,2
j8jg2xex,Mark Elder,2
g4wyt9q2,Eddie Fisher,2
or56nmta,Winnie Ewing,2
pka0ayro,Tameka Empson,2
ssuunbgm,Tracey Emin,2
ac98r0p9,Elizabeth Sidney,2
nfxj0jcp,Elizabeth Rees,2
my98uhtu,Emma Clery,2
nzhktfk8,Eleanor Morton,2
z6qco3af,Ellen Adams,2
mxv0mq4d,David Evans,2
oad15rg5,Edward Fox,2
qkx0tpnj,Tom Ellis,2
rtew49xl,Karen Edwards,2
kmvggavr,Chris Evans,2
ep70k7lt,Eddie Kadi,2
hkpvmgh5,Joel Edwards,2
yf2zwpgj,Edward Petherbridge,2
nvq6ltxu,Richard Evans,2
uozovcj1,Edward Pearce,2
1l6yikyd,Elaine Malcolmson,2
3onfipet,Roy Evans,2
sz3p1nkl,Erin Sullivan,2
oajvn410,David Ekserdjian,2
dvrbjy81,Charlotte Edwards,2
tcgexe5r,Emma Thompson,2
d4hm7s2j,Brenda Edwards,2
q7uz0yk1,Eddy Grant,2
rw1prnm7,Clive Emsley,2
08pg5oel,Brian Eno,2
xx8uz8ee,Dan Evans,2
gxmhky8a,Ross Edgley,2
3jk7590j,Elizabeth Frood,2
eri1vgfk,Emma Barton,2
9ugf1551,Gizzi Erskine,2
3iyzwr5v,Elizabeth Proust,2
jg7tvifo,Professor Eric Hobsbawm,2
c7i2haz6,Ed Vaizey,2
ybft2rx2,Eddie Large,2
78eo450w,Ed Clancy,2
tf6zhich,Eddi Reader,2
ncwk8iwn,Elspeth Howe,2
8gpxif4g,Pippa Evans,2
nban01ux,Jocelyn Jee Esien,2
mmgsynok,Harold Evans,2
p9so5dnv,Elise Christie,2
q43w8x69,Trevor Eve,2
r4aqoqom,The Earl of Onslow,2
7plz7j80,Edwin Williamson,2
hiw3es9q,Eamon Duffy,2
dss1afga,Eric Hall,1
q8nrtoqn,Edward Chaney,1
brr6u3ma,Yvonne Elsworth,1
uenyindy,Emily Winterburn,1
zabuy3d1,Emma Milne,1
pit357z3,Eva Pope,1
o23mlm9r,Emma Soames,1
da93h0x4,Dafydd Elis Thomas,1
3kn8w710,Jane Ellison,1
8zky6je9,Steve Easterbrook,1
aiuzp8be,Eddie Ifft,1
lh5lmibj,Elaine Foster,1
qgrgot21,James Eberle,1
nutx1can,Ed Sheeran,1
s44alw10,Eric Beecher,1
jj1p6l65,Emma Barker,1
dg6bgzoj,Edward Hibbert,1
hl2lghxj,Eddie Spence,1
qw00o7zs,Elis Thomas,1
5n3yqbus,Rod Eddington,1
zvio5omc,Robin Ellis,1
tcoct7md,Kajsa Ekis Ekman,1
mkdftbx0,Eos Chater,1
wr7saway,Moss Evans,1
lqjzson8,Effie Morrison,1
we4qoq91,Elin Jones,1
ndrcrqws,Wilma Ewart,1
y1qcsk6i,Tim Eggar,1
llq6bhvg,Elaine Carbines,1
5z5t1kdc,Nerys Evans,1
2gb59jxv,Efra√≠n Kristal,1
dtr27gld,Jeffrey Eugenides,1
nafttat2,Edward Shackleton,1
0ek8wrrf,Euan Cameron,1
e8zimvr5,Eva Longoria,1
ryzkzske,Edwin Moses,1
in1w9nvc,Emma Johnston,1
s0wvu83y,Rosy Edwards,1
50v2xzli,Ashley Evans,1
pc83zj8d,Errol Brown,1
rtfkdqtt,Edward Daly,1
vd825i96,Eldad Beck,1
pxogdsrq,Bob Ellis,1
5l9x5lyu,Emily Taheny,1
qw2skuxd,Elena Baltacha,1
k48sgidf,Edna O'Brien,1
za2fvuyw,Enya,1
brdkjjqp,Elaine Crinnion,1
7zvsjmvi,Eoin Morgan,1
gd0t2krw,Eve Muirhead,1
cgw4yn3y,Edwyn Collins,1
jw553ji7,Alan Eastwood,1
m8qbjnof,Alex Edelman,1
22vgjucd,Elle Macpherson,1
679q4cqm,Emily Symons,1
z98yy03c,Derek Ezra,1
3gvrcyer,Ilwad Elman,1
1jr1dbl3,Eartha Kitt,1
ocen49yv,Terry Edwards,1
ohqivkjk,Eric Robinson,1
q9414rho,Evan Harris,1
t7ilonm2,Eddie Naessens,1
llfwwm6h,Eleanor Weston,1
hzj3km5d,Elen Rivas,1
e31ytncw,Eric Faulkner,1
45sbk8hq,Easther Bennett,1
prh1o2k4,Dianne Edwards,1
gie5lvsi,Enn Reitel,1
qlc3prch,John Entwistle,1
l0c2hyuv,Niki Evans,1
w62lsmie,Dr Eric Greene,1
rtderyow,Emma Smith,1
87rei358,Rupert Evans,1
zba447q9,Eddie Brill,1
d219c9y0,Kurt Elling,1
sezc0uq8,Ellie Simmonds,1
vlnwx87r,Abi Ekoku,1
ho3colmi,Lord Elwyn-Jones,1
sszyervn,Evgeny Lebedev,1
4nfb02c4,Ebony Rainford-Brent,1
x0hbofmy,Emma Loosley,1
474bq936,Elizabeth Meehan,1
py1hesop,Elizabeth Cottrell,1
vimmz144,Mark Evans,1
0veytced,Edward Stourton,1
exy7u0zv,Elizabeth Shields,1
332wvtek,Ella Henderson,1
7hjzjpkx,Elisabeth Beresford,1
k3bylr7j,Loick Essien,1
2gqsddxi,Eamonn McCann,1
nn9k8ba9,Richard E Grant,1
bqxci2wa,Emma Pask,1
mnhhdmuw,Elizabeth McGovern,1
gujkdo8o,John Edwards,1
5gpxb8bp,Emma Rigby,1
a6f1yjof,Edgar Davids,1
z8kyna4s,Elizabeth Bruton,1
8sfrtsm8,Stacie Edwards,1
zehk6vh9,Eni Aluko,1
xgn13icc,Ewen MacIntosh,1
sm1l64rq,Jo Enright,1
kirgd0yk,Professor Eve Mitleton-Kelly,1
tl6si3z0,Angelos Epithemiou,1
w6tv2q3y,Professor Gerald Edelman,1
mbo1uwe2,Nader El-Bizri,1
git0qle8,Edna Healey,1
3o1idyn2,Emma Mason,1
ybd2a0xy,Wesley Enoch,1
asqka73e,Elkie Brooks,1
d8lbub9b,Hannah England,1
5aphzn64,John Eatwell,1
y375awdx,John Egan,1
to14im52,Elinor Goodman,1
96rpys30,Harold Ellis,1
bus9aqwf,Ed Pearce,1
gwwdl5a2,Elizabeth Rowe,1
bngmt0rw,Claire Edwards,1
9jpgq7uf,Eva Speakman,1
79gd31w3,Julian Elliott,1
bx36m6wt,Emeka Anyaoku,1
w4f6u45r,Avery Edison,1
syiljulo,Eunice McMenamen,1
q5v6rprt,Emma Boon,1
wglj1rg9,Dr Evelyn Welch,1
rzh54zcb,Eddie Duffy,1
vjf6ible,Tommie Earl Jenkins,1
p9oj1hz2,Erin Boag,1
lzz91fta,Elizabeth Edwards,1
e8gcknxl,Evander Holyfield,1
ohk2o9of,Elizabeth Pisani,1
s3o21sne,David Earl,1
19copzt8,Peter Ebdon,1
5irmuj85,Sian Evans,1
gqp6wob9,Eric Bristow,1
361zs924,Dorothy Grace Elder,1
bcujzcbs,Dr Erica McAlister,1
kbi2g9oe,Elliot Perlman,1
k9v2gdli,Edward Luttwak,1
d3sqeb8w,Susie Essman,1
gp7xgtri,Elisabeth van Houts,1
dbzkqls7,Emma Jones,1
ydn1g3p0,Gary Eck,1
pm9xgk1o,Emma Boughton,1
wvmigruz,Eddie Butler,1
e2nn4mo2,David Ervine,1
qmrglrz8,Elvis Costello,1
m03j9xwn,Craige Els,1
oj3k1r1g,Roland Enmarch,1
604cubde,Jane Ewart-Biggs,1
dt1oy32i,Tracy Edwards,1
gore0zgl,Nico Evers-Swindell,1
2rr4oq0w,Professor Ed Copeland,1
20okis7f,Edna Ismail,1
icgpnhfo,Emma Matthews,1
v374zuxb,Fleur East,1
sjqmmbwk,Ellie Goulding,1
rl2n94in,Ernesto Escobar de Tijuana,1
mpqvexdn,Emily Browning,1
jyk2zyas,Ed Smith,1
oau5zei9,Elizabeth Eger,1
27iwufe9,Carol E. Barrowman,1
y9fz41ao,Euan Barton,1
ms1sgmu4,Eaton James,1
xuv1tkgm,Daniel Evans,1
kcw8t7ec,Martin L. Evans,1
de52zgtm,Eugene O'Hagan,1
74y0gmdw,Ell,1
zhmqb471,Evelyn Fishburn,1
a4uwadcy,Elaine Glover,1
68letu5e,Elenoa Rokobaro,1
jd9vjgki,Elizabeth Estensen,1
9btatcw1,Emily Howie,1
exkia7jy,Emma Jane Murphy,1
o2pfm1xy,Eddie McGuire,1
96xb2nao,Eddie Irvine,1
0tj7hsak,Elizabeth Tan,1
47552sp7,Julia Elton,1
42pfqy9b,Eva Pascoe,1
k9bb66hl,Eric Roberts,1
8rkqzrqj,Ewen Bremner,1
uodqdv7s,Jack Ellis,1
y09zuequ,Eddie Pepperell,1
vqsblez2,Elizabeth Evenden,1
at0tjml3,Paul R. Ehrlich,1
c4el3lgb,Estelle,1
m6kisvbm,Louis Eliot,1
l65tdoom,Elizabeth Hurley,1
qf3fwq5j,Eric Morley,1
tlc6lx3r,Emily Maitlis,1
l2ozvzq8,Emma Davies,1
9zv6ghws,Bill Emmott,1
3kbua42m,Emily Lethbridge,1
hmjag9hc,Edward Gardner,1
wm3fpljz,Enid Ralphs,1
jpqxiscb,Jones Erwin,1
cob7bfxv,Esther Leslie,1
xyvqatdi,Ade Edmondson,1
9ddqpe17,Elizabeth Hoodless,1
h76sg4fg,Amazon John Easterling,1
sy9ril9o,Elena Lappin,1
vfy7ixar,Edward Roberts,1
7qy97ahy,Jade Ewen,1
nt97gymi,Harry Evans,1
old90j29,Erin Saltman,1
a5h2bkyk,Elaine Lordan,1
ujhhsr2p,Tamara Ecclestone,1
buajz0km,Elizabeth Boa,1
hwioy3eu,Eric McCormack,1
woknxkel,David Elleray,1
9y5xxeza,Emily Joyce,1
e8e0ys4u,Gareth Evans,1
n4tsr2xu,Matthew Etherington,1
uxq1hrt6,Emily Bernhard Jackson,1
vjidkzzi,Eusebius McKaiser,1
rr738hl8,Emo Philips,1
1l0ocyud,Engelbert Humperdinck,1
wtxc0uxg,Jon English,1
l44f2xsg,Emmy-Kate Montrose,1
78ulornf,Eleanor Stride,1
jjgs80ix,Emily Ashton,1
dvlrppw2,David Eagleman,1
cttjd21h,Edward de Souza,1
4xdj0aed,Thom Evans,1
cvx4l2yg,Ugo Ehiogu,1
z49w47ci,Huw Edwards,1
r5yrswug,Matt Evers,1
phywlfks,Max Egremont,1
xpzvhroj,Eliza Brown,1
xzd9e5oq,Angela Epstein,1
wyk8eh7k,Edward Morris,
mxdqkmkb,Gerald Edelman,
