2krdo89a,Alan Coren,1174
5wnwhvl9,Andrea McLean,904
30np5w57,Kaye Adams,551
4mzh48iq,Andy Hamilton,251
nf812lji,Adam Hills,245
hk2rczao,Alan Davies,243
jlhj9gmd,Alan Brough,228
ftvf5guo,Anne Swithinbank,209
5b7d718r,Angus Deayton,202
hm49r14r,Arthur Marshall,184
6ma7i8rw,Austin Mitchell,134
bne00n41,Andy Parsons,126
wyv2lc7u,Andrew 'Freddie' Flintoff,90
y9qap6t1,Chris Addison,83
i4apt8jq,Clive Anderson,82
b1f0ddmz,Ally McCoist,75
4p90zyay,Andree Melly,54
lb20etio,Trish Adudu,46
m20sraag,Ann Leslie,44
iysm1k9t,Alexander Armstrong,44
lg4f4z19,Armando Iannucci,42
mktoe8bw,Simon Amstell,42
ea7kakgp,Alun Cochrane,40
dvfmpovw,Arthur Smith,39
luynjnx4,Andrew Maxwell,36
cmhnv8m3,Paddy Ashdown,35
mv45j6sp,Aimi Macdonald,34
n41jetat,Adam Richard,31
eu75a1wo,Alex Salmond,31
gc44eurf,Alan Carr,30
cyfp2kui,Pam Ayres,29
x0rfoz5i,Diane Abbott,27
6b4aofxq,Andrew Rawnsley,23
gtqbma1g,Douglas Alexander,23
dodje5z8,Arlene Phillips,22
yz5igyqe,Peter Andre,22
9zf37hru,Michael Ancram,21
mxlee101,Alan Duncan,21
v7rqfjjw,Andrew Neil,21
6egq5ot8,Stephen K. Amos,20
4lzawlf5,Aisling Bea,20
8ilhlljv,Angela Rippon,19
nw0oe9en,Alan Johnson,19
rvp7dlu1,Ann Widdecombe,19
mkuo9ika,James Acaster,19
cgs4qc8w,A.C. Grayling,18
ba64i0t8,Angie Hobbs,18
8osc35ur,Alex Brooker,18
n87xrdv6,Alex Horne,18
5bb95s7h,Samira Ahmed,17
wwkpqdzx,Lady Antonia Fraser,17
ci9wcc5m,David Aaronovitch,16
u6b6mny5,Antony Costa,15
n6jxkaze,Aston Merrygold,15
8emy3bhw,Alfred Marks,15
62oyb7vd,Rebecca Adlington,15
5b5you5n,Alistair McGowan,15
zfx8ofn6,Anita Dobson,14
fwsawolj,Richard Ayoade,14
2ycshwu5,Alex Zane,14
shclqt0l,Alan Beith,14
b42haw07,Alesha Dixon,14
hyp7hqgq,Ann Taylor,13
my3xvk6o,Kate Adie,13
ylxe47a0,Andrew Lansley,13
5c8j608o,Janet Albrechtsen,13
r1z6pk8k,Sue Arnold,13
yecfdq9s,Rachel Agnew,13
7s9kh2ow,Anna Soubry,12
0n7u0v5v,Mary Ann Sieghart,12
lqaqi39w,Alistair Darling,12
wysonzb5,Amanda Platell,12
rnu4f62i,Amanda Barrie,12
8rnyybhp,Annabel Goldie,12
zrst94ti,Alexei Sayle,12
43zmrrr6,Yasmin Alibhai-Brown,11
xuggcl7n,Antony Worrall Thompson,11
cio8w10g,Alan Titchmarsh,11
15jmzsmk,Alex Jones,11
8bo7uc6m,Adam Rozenbachs,11
vj70vg71,Adam Buxton,11
abacokut,Anthony Berlingeri,11
4kpxecj5,Angela Douglas,11
y24nllul,Angharad Rees,10
sx8uz7a4,Jenny Agutter,10
u2hn2gk5,Amira Bennison,10
dz55lv5q,Amy Williams,10
llo75v46,Amanda Vanstone,10
1q20caz8,Ronni Ancona,10
1hol02h9,Al Murray,10
kmxdgj22,Anthony Valentine,10
x7tuqdfb,Angela Rumbold,10
6xn2qy4f,Alex James,10
t7bkfh8z,Alastair Campbell,10
xkrw649n,Andrew Burnham,10
5x3slix2,Anton du Beke,10
y46zmky4,Andrew Hansen,10
wddjqzq5,Alfie Boe,9
eafi5tqq,Arthur Scargill,9
2brkdss9,Ashley Roberts,9
ptic5dgo,Leslie Ash,9
i1ejoqvo,Ali McGregor,9
f2wyxkd0,Antony Cotton,9
vaf8ovl6,Anthony Albanese,9
zzmskb68,Aled Jones,9
wpqjhrjv,Angela Gordon,9
ml47fsgm,Andi Osho,9
qrw222ma,Alan Clark,8
ezvsts5l,Tony Abbott,8
g19gg6ui,Louise Adler,8
w2m5qu13,Angela Browning,8
4b7wxqnh,Jeffrey Archer,8
pcd39t2r,Amir Khan,8
31ikidd9,Andrew Castle,8
27g5s77i,Angela Barnes,8
6eudkjcr,Austin Healey,8
zmq27kwx,Dawn Addams,8
6v7z5jog,Andrew Roberts,8
iwahvzcu,Anthony McPartlin,8
u0lmwty1,Alan Cumming,8
12j1gi9t,Anne Robinson,8
w56xqlrm,Danny Alexander,8
27z37p3r,Rosemary Ashton,7
ziw0i6iu,Ann Clwyd,7
fmg0vgaf,Andy Zaltzman,7
ceabu1ek,Andy Burnham,7
nf5aof87,Peter Adamson,7
ohcox43b,Andy Lee,7
g70rpr30,Amy Lamé,7
h7img673,Alex Carlile,7
084j8odx,Valerie Amos,7
d1sonlc1,Kirstie Allsopp,7
jxu4566s,Jonathan Ansell,7
axigakb6,Tariq Ali,7
ka0o09x8,Antoinette Halloran,7
6skz3jvs,Ann Burdus,7
tik6ub9s,Jim Al-Khalili,7
aielzoc4,Ava Vidal,7
dnqbkxew,Alison Hammond,7
7b1vun2d,David Alton,7
lzmsd9xx,Anne McElvoy,7
a67a7uvi,Adam Rutherford,6
xnms0zoq,Dr Aoibhinn Ní Shúilleabháin,6
b63vstwa,Amanda Donohoe,6
2vjtyc9y,Arabella Weir,6
0egfos88,James Anderson,6
l2dqzpcr,Aggie MacKenzie,6
u8ht0tm2,Amy Childs,6
v2bwrx8p,James Argent,6
79aya9ic,Harley 'Sylvester' Alexander-Sule,6
uolj6ye5,Adele Silva,6
ee1cm8xe,Ardal O'Hanlon,6
2f4m31kq,Alec Stewart,6
ywrjeb1d,Alex Reid,6
w9jmydbc,Antony Hopkins,6
ct7pz9ud,Kacey Ainsworth,6
kbmpal9o,Anthea Turner,6
azeif4jb,Anne Diamond,6
4yiu7666,Adam Ant,6
pkjd0gi6,Alexandra Burke,6
em62xayd,Angela Eagle,6
zqg2tlj1,Annabel Brett,5
qz1h4jhy,Angela Thorne,5
intfy9l9,Archy Kirkwood,5
74uwmtff,A.N. Wilson,5
64rjd42h,Anastacia,5
h0ama5fm,Andrea Sella,5
ndsj6krb,Andre Previn,5
qlrndhyl,Amanda Holden,5
od0qutof,Alvin Hall,5
oolg34u2,Waleed Aly,5
snurz0c1,Anouska Hempel,5
2mqxofca,Adrian Moorhouse,5
fyy92zqv,Elizabeth Ann Macgregor,5
5l9cvlll,Annabel Giles,5
d3scvzm3,Anne Summers,5
vcn2h4jp,Art Malik,5
7qlw3xjw,Piers Akerman,5
4t1s9l32,Michael Aspel,5
75gf53uy,Tom Allen,5
f9da50u9,Bruce Anderson,5
iuoopqoa,Eric Abetz,5
xsf155sh,Amanda Keller,5
kc5nwoku,Amy Macdonald,5
wsccq6jj,Anthony Ogogo,5
ht8iu4qj,Angela Griffin,5
fl285sii,Alexander Gowrie,5
9rom80ja,Joss Ackland,5
dhfuhnjf,Ray Alan,4
7aupqvd4,Alex Lee,4
4r04kudi,Yasmine Akram,4
bin13j40,Adam Rickitt,4
lhmu287e,Annabel Croft,4
3gg4xxvc,Adam Phillips,4
2845wzbj,Anthony Howard,4
l8e86eth,Anne-Marie Huby,4
wci88u74,Fiona Allen,4
cjbxzhwr,Ashley Banjo,4
sddemmky,Juno Alexander,4
37k3h1qw,Anna Massey,4
cxqhr4s0,Alvin Stardust,4
viszykzr,Alan Watson,4
vxxqvrec,AP McCoy,4
1voxipjt,Anneka Rice,4
zx3d6m9r,Angus Robertson,4
7pyb6yvs,Alison Pringle,4
3vqsxv5m,Alexandra Bastedo,4
f7vhpr0u,Anne Atkins,4
0n99q2rr,Lily Allen,4
owwq3trl,Tracy Ann Oberman,4
tfhck03l,Amanda Byram,4
07qq6bbv,Alice Cooper,4
an7sb5fe,Abbey Clancy,4
9pbwop5c,A.A. Gill,4
s5848e8c,Randa Abdel-Fattah,4
19tv9e2t,Anne Sofer,4
nxh6on2j,Annabel Crabb,4
nhblgr6c,Alannah MacTiernan,4
8r6rdufj,Andi Peters,4
t6xj30lm,Asmir Begovic,4
p30djym1,Alistair Brownlee,4
u4g7o88k,Andy Bell,4
emyxgzfi,Anton Rodgers,4
6towfby3,Ana Matronic,4
mg29knp0,Philip Alexander,4
6q5s3iay,Anthony Sampson,4
na8hpky3,Kriss Akabusi,4
ddsoiz6p,Adil Ray,4
n1y7r6g1,Amber Rudd,4
ywug3zvi,Amanda Redman,4
obpah4ad,Alan Moore,4
dxvc0ooi,Alan Knight,4
3763c4l1,André Rieu,4
5mbiq6m2,Ainsley Harriott,4
bqrpkr0l,Adam Price,4
z4vzz0nd,Anna Ford,4
raf2rzcf,Hilary Armstrong,4
f4t4v7cz,Alun Michael,4
39o291k0,Arthur Lowe,4
6re675fm,Rupert Allason,4
l62zku5s,Allison Pearson,4
g3oji5f7,Donna Air,4
x1k82zfu,Andrew Sachs,4
oxqbx0dg,Angela Browne,4
n004okg5,Andrew Lancel,4
tf5yw8iv,Alastair Cook,4
gb5sdbiy,Amanda Lamb,4
1g81odb7,Natalie Anderson,4
sxwwyc4c,Ali Campbell,4
1f8l0y46,Andrew Marr,3
nuch7j95,Harry Aikines-Aryeetey,3
6tpy23f7,Andy Turner,3
5w2hdpe0,James Arthur,3
fq7aa4dh,Anne Charleston,3
2189yodw,Alexander O'Neal,3
d78fezow,Angellica Bell,3
ccamuv4r,Ben Adams,3
dn7herq6,Janet Anderson,3
6o2g7haf,Jodi Albert,3
p74d3n3p,Annie Lennox,3
garbne7e,Antonio Carluccio,3
lx9gpuhb,Alice Thomson,3
ymz673p8,Adam Garcia,3
s00efvpd,Yassmin Abdel-Magied,3
9mcayvdz,Alice Beer,3
56jkg1y1,Ann Robinson,3
vh7k6yip,Jonathan Aitken,3
c59yau32,Mark Arbib,3
7d4uza22,Amy Nuttall,3
5w3rsqy2,Ayden Callaghan,3
v5etmpgd,Scott Abbot,3
b5tvu0hk,Andrew O'Neill,3
jlnb14v1,Alan Rusbridger,3
t7su0owb,Adam Boulton,3
l3f28g7i,Sir Anthony Kenny,3
ab1wcc46,Andrew Motion,3
5yp8hrw6,Amanda Abbington,3
xz16da4q,Adrian Chiles,3
8357sfsk,Anna Fey,3
he2hrin5,Helen Adams,3
86t87lay,Allan Lamb,3
06bte3rh,Anna Burke,3
75umhpek,Anne Jones,3
zhduxbla,Alan Sugar,3
c2f3ohrb,Andy Goldstein,3
ic7mb9fk,Alan Jones,3
7iklm1o1,Dean Ashton,3
dm76ow2z,Mary Archer,3
11iuyc98,All Angels,3
qn5mq54o,Noel Annan,3
vb2gdwbi,Andrew Davies,3
91sl8vd2,Arthur Sinodinos,3
gw1exkem,Adrian Edmondson,3
xnaid2dz,Amelle Berrabah,3
vhlnf3qj,Emma Atkins,3
xorzqp8e,Ashley Pearson,3
gxxxjckh,Peter Alliss,3
t8hhno8s,Ayda Field,3
6q3vu7a7,Alan Fletcher,3
n4luaa0o,Adam Kuper,3
us9swk01,Adam Woodyatt,3
h8r9h18o,Alan Pegler,3
pp3k0ly6,Igor Aleksander,3
qp8um316,Alistair Beaton,3
o3uon9ia,Anne Curry,3
81o640wk,Andy Murray,3
23oxzds5,Eileen Atkins,3
azjd26a0,Andy Nicol,3
lr9frp1e,Andy Abraham,3
fyj6xicj,Anthony Joshua,3
m9avpti1,Alistair Barrie,3
mutn9csv,Andrew Cole,3
4jo3qx25,Adam Jones,3
opyucxf2,Amanda Vickery,3
etsxk94w,Ann Morrish,3
456fvaer,Adam Bandt,3
i5zadb3f,Anna Bligh,3
bpbslwyl,David Attenborough,3
9is1bis3,Alex Sibley,3
d5k93z5f,Alexa Chung,3
plcijfz9,Alice Levine,3
z4qqhpt0,Laura Ashe,3
n99w5ryl,Ashley Walters,3
ik07fii6,Emily Atack,3
84zoscwi,Toby Anstis,3
ko6x1pvr,Andrea Bocelli,2
qgsyzh9i,Anders S.G.,2
gfhquvow,Anthony Callea,2
g7hlpbxt,Antony Audenshaw,2
hjhn5p7e,Barbara Amiel,2
qm3maccg,Christine Anu,2
1qtzajw7,Angela Scoular,2
p76uj58o,Alison Rowlands,2
sg6puy7a,Alun Chalfont,2
hk20ugcq,Alexander Downer,2
ej757hxj,Arianna Stassinopoulos,2
52zp74ue,Allan McNish,2
zdhqvuoa,Ann Firbank,2
z7ptik3l,Anders Reinholdt,2
ey2890yu,Adam Hart-Davis,2
fjm4rzlw,Sam Adams Nye,2
5bte2hzy,Andy Serkis,2
iavr1g2m,Alan Williams,2
f2m27b61,Helen Atkinson-Wood,2
rhptmpt9,A.J. McLean,2
s4en39z6,Miranda Aldhouse-Green,2
5ovzrrbh,Adam Bloom,2
al3xusyn,Nihal Arthanyake,2
z5zo3ems,Richard Alston,2
sjbclzsy,Anne Keothavong,2
0odyyvvx,Dave Allen,2
utc0608d,Amanda Foreman,2
zo4rhan0,Charlie Adam,2
bwgtqo8h,Andrea Faustini,2
yrid5dh4,John Alderton,2
29cjwvo1,Elizabeth Ashman Rowe,2
aqqnx1t6,Anita Prynne,2
hqxarqhh,Jonathan Agnew,2
zkdpltf3,Tanveer Ahmed,2
7k2kp95w,Aleks Krotoski,2
q45mcbk5,Andrew Mitchell,2
vaatfnfp,Alan Garner,2
wqdsy232,Adele King,2
58q6bpbo,Harry James Angus,2
enetksrm,Amy Winehouse,2
v3zoj6hy,Anna Ryder,2
akvvflvr,Anna Rose,2
9oy9ddep,Andrew Collins,2
6hbs93aq,Anders B.,2
4jpaui9a,Ann Hughes,2
e30sa4lj,John Alderson,2
wvs9g0y0,Arj Barker,2
3vk5t7ca,Peg Alexander,2
0vqulkp3,Francesca Annis,2
20onbb8t,Alexandra 'Binky' Felstead,2
adn0b9oe,Alistair Carmichael,2
5oxm96m6,Janice Atkinson,2
2oodcboa,Anya Sitaram,2
1b63mdiv,James Anderton,2
bljwx93x,Wendy Allnutt,2
z6qco3af,Ellen Adams,2
yxxxxkpi,Alexandra Fletcher,2
i4mdzl8r,Anthony Morgan,2
at7o2iv5,Athene Donald,2
nvsaxkn8,Tom Adams,2
zu53qao7,Andrew Mendelsohn,2
m8cbv2k2,Alex Lester,2
6y7x9ehv,Andrea Corr,2
pwaionsb,Anne Minto,2
ijrgy3k0,Sylvia Anderson,2
f6kr2a57,Ben Ainslie,2
m8t9ojyy,Andrew Bolt,2
5rectlx2,Alex Bellos,2
rqjjvuyd,Bettina Arndt,2
du7n5092,Dennis Altman,2
06dil29e,Alexander Murray,2
6jy10xvy,Anna Burnside,2
tdtpne70,James Allan,2
8tks1a4u,Maria Aitken,2
rt2kbhje,Andrew Pierce,2
ew6fadrh,Anthony Horowitz,2
eib1eb2v,Adele,2
208wovft,Andrew Strauss,2
apl363tn,Audley Harrison,2
288wrrah,Ali Carter,2
3ff8lea6,Anthony O’Hear,2
lbh9bjoa,Andrew Samuels,2
fnczw8xk,Andy Brown,2
70ho2aan,Kingsley Amis,2
ueb8bl0g,Philippe Saint Andre,2
zjj2kget,Alistair Graham,2
ahwsfxfj,Anna Ryder Richardson,2
37d0bvq4,Adam Lambert,2
gk6n4dnx,Alison Newman,2
gqgas3gy,Dr Anne Hardy,2
s6lzte1m,Lizzie Armitstead,2
r6tajxsd,Professor Angus Wilson,2
z06o3m9f,Andrew George,2
om0zhwrn,Alex Bell,2
uhidv3ow,Keith Allen,2
lod4c71l,Andrew Scott,2
eyatt9e0,Alexander Broadie,2
g8otg445,Lesley Ann Down,2
2apfdo1h,Vijay Amritraj,2
b71k2ruf,Nigel Aston,2
tmh8kmn9,Antony Viccars,2
1ouvakui,Dr Anthony Grayling,2
4fhc2see,Alan Bennett,2
c5lrlr3y,Amanda Rishworth,2
ea5n2udc,Ron Atkinson,2
j9f1bd0z,Alain de Botton,2
we27iahx,Dean Andrews,2
zt82tslt,Susie Amy,2
h3mfprrf,Alan Shearer,2
opphl9we,Andrew Smith,2
3ky580ul,Michael Auger,2
ev1fkebj,Alan Watkins,2
0jpzqkem,Alice König,2
oi4rspa1,Nicola Adams,2
vbi862z7,Andrew Lawrence,2
5k5492r8,Alec McCowen,2
i5c7dm12,Alison Mitchell,2
pduohd5a,Russ Abbot,2
xhlvp7yn,Anuvab Pal,2
pc65872y,Decca Aitkenhead,2
zrbn9z5u,Ashia Hansen,2
yx2wm38l,Abz Love,2
75ivhp8b,Lady Antonia Wardell,2
ldyk8sf7,Adalita,2
atut1gyr,Alyson Spiro,2
jdtmfojp,Aoife McLysaght,2
37x7pax6,Angie Hart,2
7j2lt8va,Joe Absolom,2
r7pv0mbt,Peter Ainsworth,2
k05lzyn6,Adam Deacon,2
ijrgpxcy,Tasmina Ahmed-Sheikh,2
nuujqcqj,Amelia Lily,2
revdq8nu,Anna Coote,2
hn26993v,Anna Richardson,2
jim7n33v,Lord Howe of Aberavon,2
sjx6bs8k,Annie Farrow,2
a2ryjerb,Pamela Armstrong,2
62e9u1bl,Matt Allwright,2
27vg14xy,Aaron Gilbert,2
23imqj44,Adam Afriyie,2
5ms3c1yb,Bonnie Angelo,2
8sgaiqsm,Angela Baker,2
n2b7dzyi,Pamela Anderson,2
e5d5g3c8,Gemma Atkinson,2
2x63ssp6,James Alexandrou,2
r9ctwxsp,Ian Aitken,2
ge9dexhe,Lysette Anthony,2
t12f6uea,Ahdaf Soueif,2
r63bo82o,Ann Bell,2
ueiocdpd,Martin Amis,2
yi5506yo,Archie Norman,2
2ggejpvg,Alan Curbishley,2
tgcw43dv,Lesley Abdela,2
3m5lmsrx,Ashley Giles,2
974io088,Moira Anderson,2
lxkzqi4p,Auberon Waugh,2
y1mqma3l,Anne Stallybrass,2
17epvoyn,Andrew Mehrtens,2
d9rwkzw1,Annette Karmiloff-Smith,1
wwhxg4af,Professor Alan Winfield,1
z1pcgmym,Anne Green,1
aha7aqdf,A.S. Byatt,1
egxkau2o,Alex Walkinshaw,1
ncmvhtpz,Chris Ashton,1
7za80ryl,Annie Janowitz,1
x5gk28nl,John Amis,1
p9cmbix9,Anna Wing,1
p8sgdu4n,Anh Do,1
8vfc8psr,Adam Thompson,1
1tmm7a2c,Alex Lloyd,1
w4zbm3v2,Alistair Burt,1
uh45f5uq,Anna Watkins,1
j40286yj,Ann Pasternak Slater,1
v7k510qh,Debbie Allen,1
oj0grlwh,Ashley Jackson,1
0oi0splz,Andrea Mason,1
m0xxydge,Sally Alexander,1
77jpkvp1,William Ayliffe,1
pn66tk0u,Adam Mosley,1
b9uvpg9b,Anthony Warlow,1
4zu832hp,Alan Cochrane,1
cvjw7yz8,Anna Acton,1
44011mza,Andrew Roachford,1
i16l2wyw,Aden Ridgeway,1
4hx9z38o,Holly Aird,1
o2vcwo6v,Angela Huth,1
5e5q7eiw,Alison Wolf,1
gzwb0op8,Alan Sommerstein,1
g69kr8ki,Anita Anand,1
jlmo34uj,Professor Andrew Harrison,1
vfr3rofa,Angry Anderson,1
hqmqb52l,David A. Stuart,1
69yt18ra,Alistair Moffat,1
lr38miqk,Andy Williams,1
n4nxt3n5,Alan Fisher,1
13brob02,Alastair Stewart,1
uyf4bhy7,Gary Adams,1
skyzrnvq,Andrew Mackay,1
f2cf9qgq,Andrew McClelland,1
mvlqc5yq,Sophie Anderton,1
v6auj4kn,Alastair Logan,1
mbj78494,Arron Crascall,1
7wvd431s,Angie Hobbes,1
bx36m6wt,Emeka Anyaoku,1
sqe1szyi,Cecelia Ahern,1
d0tn9hsp,Patrick Aspbury,1
dhexvde8,Richard Arnold,1
t5n16hap,Angela Shanahan,1
1qa87ght,Noga Arikha,1
i0be5gni,Daniel Andrews,1
zebl0zpn,Ann Mitchell,1
oxwiwkvn,Andy Gilchrist,1
619raeth,Alan Ryan,1
8yd4yf1u,Anthony O'Hear,1
3gnmbyfn,Bob Ainsworth,1
qqqu48ef,Aaron Choulai,1
fcwlea8f,Anthony Crank,1
ster9vwf,Faustina Agolley,1
yr9jz2ao,Alana Johnson,1
d1srbli5,Andrew Leigh,1
i12xrayu,Adam Smith,1
8bjbparo,Dr Gwen Adshead,1
qb4nr6u2,John Allen,1
dcpaeqcv,Andrew Adonis,1
sfk71bt1,Adam Spencer,1
3adge7f5,Andy Pemberton,1
ra11bhci,Paul Antonio,1
0d5duuox,Adrian Tinniswood,1
4fk493cc,Angela Down,1
g8edllpd,Kevin Adams,1
3zyt4nk9,Catherine Ashton,1
i4agdro4,Almut Hintze,1
53qseeeh,Alanis Morissette,1
hbj52vgx,Alison Nicholas,1
52w4i5or,Andrew Louth,1
x1k8klfe,Allan Macinnes,1
jbtaduyp,Asa Briggs,1
xzni2nl9,Arwen Deuss,1
rsrujyes,James Ash,1
nsa839id,Miranda Aldhouse Green,1
em43ngcl,Anila Graham,1
rxbqy46a,Nadia Almada,1
zkg64u53,Shola Ama,1
ogqb26bm,Amol Rajan,1
8924nkmt,Hilary Alexander,1
xh9gk5f1,Shahzad Akbar,1
s05k1k8n,Angie Le Mar,1
5xlwt3hx,Ann Hamilton,1
vlnwx87r,Abi Ekoku,1
vbfhhnyp,Anne McKenzie,1
g9q4rqky,Stephanie Ashworth,1
gpr4uuge,William Ashworth,1
m2b48kk0,John Amabile,1
9qwxpbn2,Gerry Adams,1
9kws80vx,Anne Wright,1
z0db4ypt,Allan Chapman,1
14v62t6y,Ana Lamaro,1
ssa58ufy,Ashley Taylor Dawson,1
katdayck,Anna Raeburn,1
fopvsgit,Andrew Wilkie,1
n94rxrqe,Pavlos Avlamis,1
ylysidel,Ariana Grande,1
r44b5102,Marta Andreasen,1
oioi6vfh,Anthony Kenny,1
ncxpvmly,Arlene Foster,1
gm8nw7mc,Chemmy Alcott,1
gfmgl3dn,Alissa Nutting,1
fyi4og6n,Andy Garcia,1
c5l2j09t,Oleta Adams,1
32nifxmi,Jay Aston,1
9uuyxm7f,Waheed Alli,1
zzuxzrf7,Andy Merry,1
h3o4z2zg,Rushanara Ali,1
xhq1g3cs,Alexandra Buggs,1
cz4dcgtj,Alistair Griffin,1
25zegc4j,Alan Milburn,1
0gv8dh3a,Adrian Woolfson,1
yqm8xi8d,Adam Johnson,1
w5h5xnbl,Alan Clarke,1
0ezkw679,Professor Alan Walker,1
k03l4jh7,Andy Carroll,1
egp7kiej,Dick Adams,1
v7saemof,Mohamad Abdalla,1
932ji6nl,Ishtiaq Ahmed,1
h76sg4fg,Amazon John Easterling,1
4uh68fkg,Alice Miles,1
g9efendk,David Astor,1
rfu9e7j8,Anna White,1
i9tf10lz,Antonio Fargas,1
mdk8gs2w,Adam Thomson,1
hc43rqzb,Anthony Holden,1
gil7gka5,Alastair Dunn,1
hety1ggv,Ashton Irwin,1
qh6rpjm0,Aluna Francis,1
wemvtmvc,Adam Sutcliffe,1
stb31327,Tony Allen,1
8lj0pu0y,Arnold Weinstock,1
k5pzyp50,Rev Andrew Teal,1
c76msvtt,Margaret Atack,1
lne9fxs9,Helen Arney,1
0h8c6uv6,Ashleigh Butler,1
0zvzq8nk,Andrew Cobbing,1
x1b6ldr7,Andrew Denton,1
2l8b22w7,Ann Winterton,1
661sfbun,Anne Leslie,1
w101ords,Ariel Dorfman,1
dasstnco,Alphabeat,1
eejwygsn,Ann-Marlene Henning,1
5g7xoa1b,Jon Agar,1
wlt9ke6z,Professor Amartya Sen,1
tl6si3z0,Angelos Epithemiou,1
3t71903x,Kina Avebury,1
jo2u92t6,Angry Anderson,1
kue7h24b,Michael Alpert,1
lnqa94j4,Alun-Wyn Jones,1
3zo5psfq,Marilyn Adams,1
304e2mvc,Amandah Wilkinson,1
dk7t3ns6,MC Azmarino,1
cpj4ppge,Steve Aoki,1
x5gqeroa,Dawn Airey,1
ep7poukb,Adam Pitts,1
rh73bzxy,Alan Finkel,1
d151tpsj,Zaraah Abrahams,1
4cfbjobk,Adair Turner,1
3m93u7rn,Phil Alexander,1
vcmyxszg,Jacqui Abbott,1
ww8p6bnt,Andy Anderson,1
1hwcsuih,Antionette Halloran,1
yazdokjq,Karen Allen,1
u9lrhtxm,Archie Roach,1
na37b4nd,Andy Orchard,1
rybs5s4c,Naomi Appleton,1
gdrn8ug2,Francis Ames-Lewis,1
molgjl8s,Agnetha Fältskog,1
ztgh3hts,Anne (Azza) Aly,1
yjifu6f4,Alfie Jackson,1
mzx0nb8r,Antoinette Ryan,1
7z3wy9hs,Alan Dedicoat,1
1ap6ouo5,Dr Alice Roberts,1
5sum9k2s,Dawn Annandale,1
lm7nlz6x,Bill Amos,1
8dswmgtr,Sir Andrew Green,1
h9ku765o,Dame Athene Donald,1
60n9i2zi,Caroline Aherne,1
jg4w8sdq,Angie Bowie,1
p6vqtliz,Karis Anderson,1
57xccpsh,Stig Abell,1
p5jz4j8t,Alex Oxlade-Chamberlain,1
f1syrn7i,Alana Stone,1
ba716uje,Anne Gregg,1
cw851y9d,America Ferrera,1
9u9wup7m,Andrew Newton-Lee,1
ybickkjp,Peter Amory,1
zm5gvvnt,Andy Martin,1
p0nz2i0x,Anne Kirkpatrick,1
eih92xdd,Marc Abrahams,1
7k9otms0,Annette Hoggard,1
e6ckdy1m,Bryan Adams,1
qt2m94nf,Antonio Banderas,1
otxjal5o,Amos Oz,1
wl6ivvar,Amanda Palmer,1
n8jd7jxl,Anna Funder,1
7vmf7vji,Adele Parks,1
beqanhdt,Sefi Atta,1
6qystk7l,Andrew Coates,1
ed5i0jno,Amanda Power,1
bvd2dzgx,Ian Angell,1
7epa4440,Andy Price,1
thza4l4e,Adam Richman,1
ixlh4t8w,Anna Krien,1
bd3tql4b,Anne Hegerty,1
6iss3ze1,Kwame Anthony Appiah,1
sr0mi2mo,Anne Perry,1
rd5jvdhw,Dina Asher-Smith,1
sxbv82no,John Alexander,1
f9zxc11t,Alison Creagh,1
8jk01ji2,Adam Croasdell,1
ui6nxyj8,Andy Gray,1
wf40lk8v,Anyika Onuora,1
euoczrbe,Alice Coulthard,1
34tl3uwk,Anthony LaPaglia,1
qbquixsm,Allison Pierce,1
x57e65ii,Annie MacManus,1
tjbnzryz,Adam Carney,1
hht0jkc6,Joe Ashton,1
8pxya59q,Natalie Appleton,1
wz5k2d7p,Andrew Knight,1
6dqu2fzj,Antti Niemi,1
zaih2gho,Victoria Alcock,1
0k3l8f5j,Linda Armstrong,1
r4u5hjx1,Alan Savage,1
noo4srsy,Amaury Vassili,1
g8ky7h3e,Allan Zavod,1
u45klmdj,Anthony Scrivener,1
6g2ndnne,Michele Austin,1
g3rokzsy,Darren Anderton,1
dnl3r4nf,Alex Scott,1
5oftijrc,Allan Border,1
g3uollt8,Akmal Saleh,1
e4d2omxe,Annie Stewart,1
16hq40v7,John Arne Riise,1
981czeqz,Adam Duritz,1
aohtv9ho,Christiane Amanpour,1
u5q57mqp,Aidan Dodson,1
twegfc5q,Almut Suerbaum,1
7vykjmns,Annastacia Palaszczuk,1
bavdh4wj,Andrew Morton,1
msathfsc,Mark Addy,1
16edm7x0,Dewi Fortuna Anwar,1
jojj0ao1,Anthony Parson,1
x1tvxphi,Amy Dow,1
fw4wxa6h,Dr Laura Ashe,1
j8x32xg5,Andrez Harriott,1
a5bw35vr,Bob Ayling,1
74tnqlms,Jonathan Andrews,1
xu9or40c,Alison Adam,1
3s9l2vcw,Anna Vinton,1
ic0nug9o,Andre Nel,1
clethslp,Anas Sarwar,1
dpx35yde,Professor Anil Seth,1
9bivca8i,Alex Kitson,1
mkno3gxb,John Allen Paulos,1
m13ecwyp,Victor Adebowale,1
adnmq2sr,Andrew Cruickshank,1
frekqccc,Andrew Whyment,1
a92bvhsg,Ari Up,1
sauauweg,Alex Carter,1
bd03sfg6,Amy Robbins,1
ctppij51,Alison Broinowski,1
50n83wv6,Adrian Locke,1
mwzwffrh,Adam Faith,1
u0zkjeus,April Ashley,1
y5smzaec,Jim Al–Khalili,1
4gtu1we1,Abigail Green,1
pku1ijd3,Nick Adams,1
q4r7c6ft,Adam Lyth,1
xyvqatdi,Ade Edmondson,1
mn0z3xjq,Andy Rourke,1
s24kv4ig,Ashley Slater,1
n650xp4h,Albert Reynolds,1
c00ld7hh,Stephen K Amos,1
d027dsaw,Scarlett Alice Johnson,1
y9cain2y,Anne Campbell,1
7mzhj4bn,Alan Sapper,1
6ydrhen0,Anne McCue,1
zwxrm3je,Adam Raphael,1
xx6lx86l,Nick Atkinson,1
1ih6n47h,Leslie Ann Goldberg,1
eimvgf5h,Alex Cuthbert,1
gw4h9cf8,Fiona Armstrong,1
h3vkm7in,Angela Bishop,1
we3rjhz2,Jimmy Anderson,1
daz2v3h7,Mina Anwar,1
9g1bkazz,Anthony Frodsham,1
ztkh5twg,Anne Doyle,1
i5jfttf6,Alice McNamara,1
mza73a00,Stuart Adamson,1
x963fysj,Akmal Saleh,1
vktoz8ig,Margaret Atkins,1
da8zizs7,Ashford Campbell,1
ta62e5i7,Andrew Barton,1
a6hmt1cz,Julien MacDonald Adler,1
3awqen8f,Amanda Burton,1
5o2htier,Felipe Fernandez Armesto,1
wz6vk8xo,Reginald Anusson,1
hgwn4mmo,Jackie Adams,1
x2hfo9w6,Alan Asher,1
7s7iyup3,Ann Mallalieu,1
3q565tqf,Aamer Rahman,1
vjr7bkni,Digby Anderson,1
g94nu12v,Anne Hudson,1
esh6rugx,Mark Allen,1
qtytn5ty,Austin Stevens,1
iqof9be3,Anne Tiernan,1
096r379d,Anne Nolan,1
zyssippm,Jim Allister,1
50v2xzli,Ashley Evans,1
9ufdpwa6,Alison Moyet,1
xzd9e5oq,Angela Epstein,1
jjgs80ix,Emily Ashton,1
x7u7mle6,Alison Goldfrapp,1
jitjmntx,Alex Pennie,1
6c83oi5f,A.J.P. Taylor,1
96oscv17,Ashton Sims,1
4bpym0am,Anika Bostelaar,1
5pppdxbl,Al Pitcher,1
cku78zy5,Andrew Newman,1
9x5tqn4y,Karen Armstrong,1
rak4tfxx,Anona Winn,1
gyb3mh5f,Kelly Adams,1
unn9frgc,Alice Roberts,1
4j0fo5ta,Annabel Crabb,1
sm4pwvci,Stephane Anelli,1
62slv2rd,Andrew Sheridan,1
1opy0lct,David A. Stewart,1
h2h7tnwg,Matt Abbott,1
ymx2cbdc,Angus Maude,1
p3q1pn34,Dougie Anderson,1
3xn5lgrj,John Altman,1
tenxd3el,Angela Voss,1
fuze8q7l,Anne Henderson,1
av6df8kv,Andre Vincent,1
etbuarj9,Anne Aly,1
0yd4vc1w,Ossie Ardiles,1
phmxmdvx,Stephen Ashfield,1
54zp8g70,Mary Ann Lund,1
s661fzji,Sir Roy Anderson,1
1akmtebk,Ardis Butterfield,1
lxue8lfw,Sam Attwater,1
evzq7f1x,Aaron Ramsey,1
p8hw00xw,Andrew Rosindell,1
6uavg43f,Ashleigh Dallas,1
rtuy108f,Anne Gildea,1
veihotw0,Antony Hegarty,1
23ek3z17,Anthony Albanese,1
s44xcryg,Anna Friel,1
uh0re92d,Amanda Mealing,1
jk3yksyq,Alex Oliver,1
09df9p8s,Alex Danson,1
9fzcd8rw,Al Clark,1
ylwg9wrz,Barbara Alleyn,1
4lnrirh2,Ayesha Dharker,1
07zjuy6b,Martina Anderson,1
du2edjl1,Anne Goldgar,1
trhi66lv,Adam Gillen,1
7ouawesc,Dr Avtar Brah,1
3szsjq6r,Arthur I. Miller,1
gky3ymxx,David Arnold,1
nqu3em1a,Andrew Wheatcroft,1
qqbcf82z,Derek Acorah,1
ea9n4ski,James Allan,1
y3cxf02n,Peter Ackroyd,1
tbf2mjbl,Dan Aykroyd,1
g4n05vti,Joanne Anderson,1
b831o7cu,Adrienne Truscott,1
zepykbct,Haleh Afshar,1
39ktq9qa,The Amigos,1
ft0mekx1,Aude Doody,1
pi4g20g9,Leslie Aiello,1
xlvtqb2j,Rich Archer,1
g1s465va,Anne Kelleher,1
zc2yjhxo,Anatole Kaletsky,1
92537n8v,Ian Aspinall,1
bts95eeq,Anne McGuire,1
8o7qiy8v,Anne Glover,1
vtsc69ha,Lindsay Allason-Jones,1
lf6ro0b4,Michael Angus,1
fmwlkt0r,Andrew Colman,1
egnxx1yc,Alexandra Walsham,1
0m19i16h,Suzanne Aigrain,1
knts4fcw,Julie Anthony,1
43gklwj9,Abandoman,1
q8qxg8i8,Anne Gerritsen,1
a1yoaped,Andrew Boe,1
k3rnaprj,Annie Nightingale,1
32of1apu,Andy Green,1
rfqe7u54,Anne Murphy,1
wn0t99nn,Paula Abdul,1
d2cmk9ua,Angela Conway,1
87shk1ue,Anthony Cross,1
1znm2yrp,Dr Mary Archer,1
5uzwbm2u,Anthony Head,1
qtarkwm1,Amber Lawrence,1
8bz6rsjk,Ali Williams,1
9bdcrj7t,Peter Atkins,1
9vt2nh0t,Anne Sheppard,1
u2vfmdwk,Aliona Vilani,1
5oa2bydf,Marc Almond,1
ma6tlord,Audrey Slaughter,1
1rf8vqcg,Kate Andrews,1
25criwss,Andrew Pontzen,1
a88luya5,Ashley Cole,1
mhvv4y2d,Adrian Lewis,1
bcgoqjyx,Andrea Ross,1
6i1nhjll,Andile Mngxitama,1
vlxulq4s,Andrew Forrest,1
itcyd2rx,Angela Pleasence,1
4br7oisk,Alexandra Boyd,1
4k3ck3q0,Andrew Foster,1
wdb97iuv,Andy Kershaw,1
d0dsa72w,Angela Lonsdale,1
djdmymiw,Alex McLeish,1
3hl5q10v,Alfred Robens,1
7o71qjze,Andy Matthews,1
g9lew0ee,Jud Arthur,1
qpaeqrau,Waleed Aly,1
67p5d2a2,Andrew Hunter,1
uocj2j9z,Alfonso Sharlando,1
hxmdm76y,Ann Vriend,1
ehjjj88u,Alma Carroll,1
zqx8ias0,Mary Ann Hobbs,1
7s5cbixn,Coral Atkins,1
hoa3cfq4,Delon Armitage,1
gr8bs4dv,Iggy Azalea,1
nz6kg4s8,Andrew Cunningham,1
xnmwy7so,Toni Arthur,1
zpkumxkn,Alex Massie,1
fk0gozds,Anne Fulwood,1
5orcxc2f,Andy Priaulx,1
uas7kyhb,Allan Wells,1
fopq0oyk,Lisa Appleton,1
txsiy8sj,Anjula Mutanda,1
mypdg3ka,Ali Alizadeh,1
53oq6tj0,Terry Alderton,1
mbnds3pj,Alan Dale,1
rw1o8srl,Alex Neil,1
f47de7w8,Ali Bastian,1
mpmcqvfo,Aiden Grimshaw,1
lcbdwhrh,Grace Adams-Short,1
alk71bgq,Andrei Illarionov,1
76p6mfoa,Amanda Pelman,1
zy34ch4h,Anne Hardy,1
i0gq302o,Alan Alda,1
62dcrbzy,Apryll Stalcup,1
uv5e9d1n,Angus Lockyer,1
f9gudd8r,Andy McCluskey,1
5qwm6csw,Angela Price,1
qm6qcv51,Anne Janowitz,1
i5mt0fbm,Wendy Alexander,1
b9gspuj1,Ian Astbury,1
e72lz7mt,Andy Fairweather-Low,1
w10rdj4x,Donald Anderson,1
1mfazu9m,Andros Townsend,1
u5hjgfox,Kate Allen,1
is12s4rb,Rachel Anderson,1
z3rzlj8s,Pal Aron,1
aeh39knz,Alex Mytton,1
1x29b7z0,Fay Bound Alberti,1
sdggyf7s,Andy Nyman,1
m9y6brxp,Tori Amos,1
j8dzdjri,Dawn Adiss,1
8c96tumj,Matt Di Angelo,1
q495my3k,Stephen Attenborough,1
yhbg76xk,Sam Allardyce,1
l1forvkz,Alex Jarratt,1
cb7zajop,Adrian Pasdar,1
kvchzx6w,Annabelle Apsion,1
y0bcjdug,Anthony Ackroyd,1
uhch6jj1,Alastair Wright,1
l3g7twuh,Andrey Arshavin,1
871pvlx9,Weird Al Yankovic,1
2e2gkalc,Anna Marie Roos,1
9h4zsf2w,Alexander Nekrassov,1
zehk6vh9,Eni Aluko,1
ok6lzjgu,Dennis Almeida,1
jw553ji7,Alan Eastwood,1
qcxr1fm8,Angela Pleasance,1
p9knpji5,Douglas Adams,1
s0lqxm2o,Lisa Appignanesi,1
l4ci1wwe,Rachel Allen,1
gectuq1v,Anton Du Beke,1
7dna8i3f,Alex Parks,1
2y2dw9e7,Bryan Appleyard,1
n8cjx6z7,Andrew Robb,1
e62aj17i,Aaron Porter,1
gujgzahn,Annette Crosbie,1
e79vq2ka,Andrew Stone,1
zfc1yo9l,Adam Gemili,1
n8psw94d,Valerie Amos,1
hrckthj6,Andrew Denton,1
ioxfr6zi,Anna Kournikova,1
nhm17a8j,Alan Millard,1
re3uzvwm,Kate Abdo,1
fazw1do2,Ali Criado Perez,1
4h3of52c,Jonas Armstrong,1
v9wvwyhk,Aravinda de Silva,1
24fjbw8m,Ashlee Simpson,1
8qtsfaqg,Anne Hooper,1
odvjelu0,Alex Corbisiero,1
ibcu8uzv,Ashleigh & Pudsey,1
m3te6j23,Andrew MacKinlay,1
0rd3zi8r,Anthony McFarlane,1
l8odg5vy,Alison Carnwath,1
er67ooa4,Alice Koenig,1
57ttffdj,Alan Walters,1
en04rhwi,Rick Astley,1
schff03b,Julian Amery,1
o6s70igr,Vanessa Amorosi,1
am4dnj1a,Liliana Archibald,1
246oe2mr,Peter Archer,1
4gpvd8ut,Alan Tudge,
w0m3jten,Angus Wilson,
