3tpyoai7,"Lisa Maxwell",425
anx0aq5q,"Humphrey Lyttelton",358
2fi0cnn2,"Lynda Bellingham",321
yipahedd,"Sean Lock",309
6ria91hx,"Ruth Langsford",234
0smmr1o3,"Keith Lemon",224
3xla1274,"Lee Mack",201
pioyrpar,"Mark Lamarr",186
7vx3qihg,"Linda Robson",179
rq34yrxp,"Linda Smith",145
f9aqgxfg,"Sally Lindsay",120
szqj2i5f,"Gary Lineker",113
2si5a6d3,"Rod Liddle",80
4hgpp1yz,"Lesley Garrett",76
pgoexum5,"Lucy Porter",70
wguqcrlr,"Matt Lucas",69
jtkbv70w,"Zoe Lyons",60
xyq08s93,"Liza Tarbuck",58
rwxhc32a,"Joe Lycett",57
om2iuo4o,"Gabby Logan",51
m20sraag,"Ann Leslie",44
cr7ce9yy,"Lloyd Langford",44
xq202779,"Josie Lawrence",43
homuapft,"Maureen Lipman",41
hh3bsso3,"Ken Livingstone",39
mweb58qf,"Lee Hurst",39
rh8pcjot,"Michael Legge",38
jrj4vgbo,"Joanna Lumley",29
u59d9hld,"Meshel Laurie",28
sh8lw0ta,"Caroline Lucas",27
9w6faun1,"Jay Lafferty",27
n80zlxdw,"Lembit Öpik",25
lc93xu1n,"Les Dennis",25
e6wb7i8j,"Lorraine Kelly",25
ue6apkfm,"Frank Lampard",24
bgfey1xd,"Josie Long",23
d0dayrd3,"Liam Fox",22
4mp3563h,"Penny Lancaster",22
pceu1zm1,"Chas Licciardello",21
mbn8u12z,"Louis Walsh",21
me1djtrk,"Colin Lane",20
lne9ewme,"Lorna Luft",20
qgrc9bij,"Louie Spence",20
5w9vpz1s,"Lucy Bartlett",19
5qafkezh,"Cariad Lloyd",18
beh9r3d9,"Patrick Lichfield",18
wwkpqdzx,"Lady Antonia Fraser",17
6x4n0ufh,"Leanne Wood",17
55nbbpcv,"Sue Lawley",17
plcijfz9,"Alice Levine",16
adwy1gkx,"Lauren Laverne",16
1m3vw7b3,"Lee Ryan",16
eckt9ik8,"Nigel Lawson",16
fkybtxwz,"Denise Lewis",15
j4x51a23,"Laurence Llewelyn-Bowen",15
4tvm98xv,"Lolly Adefope",15
s7i1rglx,"Norman Lamont",15
ya4m2asf,"Rula Lenska",15
nvrepk5z,"Helen Lewis",14
3n7uaov8,"Julia Langdon",14
jgg4fqdq,"Larry Lamb",14
wlk9prmg,"Lisa Snowdon",14
w35t0eif,"Louis Smith",14
bw8tq99q,"Louise Hazel",14
vk4io8y0,"Ruth Lea",14
ylxe47a0,"Andrew Lansley",13
5wel4jmi,"Jamie Laing",13
s6gc0sj2,"Linda Lusardi",13
w5219u35,"Richard Littlejohn",13
hgk9p5rc,"Steve Lamacq",13
kr1jdg09,"Bettine Le Beau",12
r97dr9wh,"Lesley Joseph",12
xd976g6t,"Pixie Lott",12
03mha2zh,"Tony Law",12
mh8m9s62,"Camilla Long",11
ilw6409z,"Lance Percival",11
1vcyl572,"Lisa Jardine",11
7ad4ld0f,"Lisa Rogers",11
rceuh2p4,"Liz Lynne",11
5bmvshce,"Lucy-Jo Hudson",11
imdu6d6n,"Lulu",11
5fu25cza,"Quentin Letts",11
frvtpmkl,"Ralf Little",11
3m69qcl3,"David Laws",10
ptic5dgo,"Leslie Ash",10
37cmnk83,"Lisa Nandy",10
1ikeux91,"Liz McClarnon",10
qw17f42h,"Lucy Beaumont",10
sr0bucbj,"Lucy Speed",10
ir47ot7p,"Ludovic Kennedy",10
pdn2ma3e,"Lynda Chalker",10
xqb4xodt,"Lynsey de Paul",10
sxd68mcj,"Oliver Letwin",10
mjfmsoby,"Peter Lilley",10
i398cril,"Louise Welsh",9
wn1yamvj,"Nemone Lethbridge",9
p4ox9yao,"Peter Lewis",9
h2i86hcx,"Suzannah Lipscomb",9
2fcz3zo3,"Elfyn Llwyd",8
1n019xum,"Graeme Le Saux",8
r4k9er21,"Helen Lederer",8
h7k2jh44,"Helen Liddell",8
7cgf8ofb,"John Lloyd",8
fl30no6f,"Laura Whitmore",8
foobttcv,"Lawrence Goldman",8
i5vduz4m,"Leigh-Anne Pinnock",8
1rlvy9at,"Leon Brittan",8
9ogitb6c,"Lethal Bizzle",8
zq4i2l0w,"Libby Purves",8
a5n2vhg5,"Lindsay Tanner",8
ygty122t,"Lisa Scott-Lee",8
net0ohrz,"Liza Goddard",8
xoptut0i,"Lou Sanders",8
g19gg6ui,"Louise Adler",8
z7ha1251,"Lynda La Plante",8
0o8pm2dm,"Mark Little",8
wxx9gw0q,"Matt Le Tissier",8
yb89y7b7,"Miriam Lyons",8
x35tn12w,"Rosemary Leach",8
7c6xkbfl,"Zoe Norton Lodge",8
g70rpr30,"Amy Lamé",7
ohcox43b,"Andy Lee",7
uxyxbl7c,"Camilla Cavendish, Baroness Cavendish of Little Venice",7
ez4jpezy,"Chris Langham",7
4p25xr2d,"Dai Le",7
2cn9r9e4,"Dave Lamb",7
v6ctogpn,"David Lammy",7
7smnrcfy,"Dominic Lawson",7
iq80r236,"Laura Davies",7
ns487id4,"Lemar",7
xj0ly80i,"Len Goodman",7
kap8cuhk,"Leslie Phillips",7
1k8hj96i,"Lionel Blair",7
id0r5tz6,"Louis Tomlinson",7
ffa29no9,"Meat Loaf",7
0ue0n0fz,"Melissa Lane",7
yabs4lim,"Ollie Locke",7
o1f0mjg0,"Shane Lynch",7
0724mpe9,"Stewart Lee",7
1epv3lho,"Tim Lovejoy",7
98c7u0ig,"Cornelius Lysaght",6
3nbhzket,"Damian Lewis",6
suqu6u1r,"Jacqui Lambie",6
syabyvky,"Jean Lambert",6
lpi87usr,"Kathy Lette",6
lnjgf4fi,"Larissa Waters",6
z1nz6b3b,"Larry Dean",6
ni2drv8b,"Lawrie Sanchez",6
vnztueh2,"Leo Sayer",6
n5ouehky,"Lewis Macleod",6
ztx5tmwq,"Linda Colley",6
6d1fkvvt,"Linda Nolan",6
92n3pud6,"Lisa Annese",6
6z2qxt7e,"Lisa Faulkner",6
s6hnlh9s,"Lisa Riley",6
81hmznev,"Lisa Stansfield",6
hjzuxufj,"Liz Kendall",6
8cde90br,"Louise Redknapp",6
xb5no1x3,"Luke O'Neill",6
wy1xjce2,"Ming Long",6
nte1xufb,"Prue Leith",6
5q8d0f5f,"Zoe Lucker",6
86t87lay,"Allan Lamb",5
gf141aag,"Brandon Lewis",5
how3vxhs,"Clive Lewis",5
9o242njw,"Denis Lawson",5
44y40wje,"George Lamb",5
p8101an0,"Graham Linehan",5
wohcy5g8,"Henrietta Leyser",5
2h5rlk6h,"Iain Lee",5
1ucilxzz,"Lawrence Dallaglio",5
kr4af4xd,"Lee Mead",5
72cbdilj,"Lee Sharpe",5
5mrxpurq,"Lenny Henry",5
ah4osfx8,"Lenore Taylor",5
0n99q2rr,"Lily Allen",5
gebc54zt,"Lionel Barber",5
f7u87xd2,"Lionel Shriver",5
itmpzxqy,"Liz Smith",5
6xpqlg9t,"Louise Mensch",5
4o9rjknr,"Lucy Prebble",5
era628rk,"Mark Lawrenson",5
nj1xfbru,"Mark Littlewood",5
owqjp6fy,"Moira Lister",5
ryhz4086,"Nick Lowe",5
jr8qb0l7,"Norman Lamb",5
9pdijsvk,"Tony Livesey",5
7aupqvd4,"Alex Lee",4
gb5sdbiy,"Amanda Lamb",4
n004okg5,"Andrew Lancel",4
39o291k0,"Arthur Lowe",4
ozvrcoxg,"Bernard Levin",4
kn7y24x5,"Bonnie Langford",4
2jc4zeik,"Carolyne Larrington",4
gwcef9un,"Cherie Lunghi",4
1da3xdy2,"Gary Lucy",4
9oc7ly4q,"Gavin Laird",4
bo8y6g8n,"Hugh Leonard",4
fvjty42g,"Ian Lang",4
mqnpl06y,"Jane Lapotaire",4
o2ehur4l,"Kate Lundy",4
1a1001nd,"Ken Loach",4
0yk2oqyj,"Kenny Logan",4
gt3n4yow,"Kristen Lippincott",4
300ka95s,"Kylar Loussikian",4
3ohpm0zm,"Lawrence Mooney",4
9p4arpu4,"Layla Moran",4
69wtsoce,"Leon Osman",4
i4cy9ivd,"Leroy Rosenior",4
3w6bbu13,"Leslie Thomas",4
ynik4blm,"Lewis Hobba",4
pwjfs4vn,"Liam Payne",4
pgfcxpmu,"Libby Brooks",4
zcbos8vv,"Linda Barker",4
6nxb0v7v,"Liz Fraser",4
6i44iycc,"Liz Saville-Roberts",4
x5ty7gxq,"Lord Kearton",4
8ecj2msl,"Lorraine Chase",4
4xlst0fi,"Lorraine Pascale",4
ye2dcywy,"Louise Bours",4
um7e5i1i,"Loyd Grossman",4
6842or3s,"Lucy Benjamin",4
dbe1lfbc,"Lucy Pargeter",4
qjlxaabi,"Luke McGregor",4
ujvkgwf9,"Lydia Shelly",4
2yud9sh7,"Lynne Featherstone",4
p7fwg8oo,"Lynsey Hooper",4
oqodh3po,"Marcia Langton",4
v73uovm5,"Martin Lewis",4
1m692m9k,"Nat Luurtsema",4
puzrhepi,"Nigella Lawson",4
lvwfm1hm,"Olivia Lee",4
dwarfjy8,"Prof Lucie Green",4
cmcbeg5b,"Rebecca Long-Bailey",4
bf2hph6f,"Simon Le Bon",4
yx2wm38l,"Abz Love",3
p74d3n3p,"Annie Lennox",3
wba6tv0k,"Benjamin Law",3
mhbsr2dc,"Chris Leslie",3
d8wr0pxe,"Daisy Lowe",3
5g8z74ie,"Darryn Lyons",3
2o45le8o,"David Lidington",3
26tvdby6,"Des Lynam",3
065b9jn5,"Dr Nick Lane",3
3xuo844c,"Greig Laidlaw",3
jla1y4bc,"Hugh Laurie",3
fei1akzr,"Jan Leeming",3
e2vfplp2,"Janna Levin",3
dw3dry7c,"Jeffrey L. Bleich",3
0i8o2cqq,"John Laurie",3
xzrxzwur,"Joleon Lescott",3
mc4wxon4,"Jon Lee",3
j7izyx26,"Jonathan Lynn",3
acmbupgx,"Julia Lovell",3
jcjj5gq0,"Karl Lucas",3
xdqe1jzw,"Lachie Chapman",3
ww54sjv0,"Lachlan Harris",3
1m0y8oem,"Laila Rouass",3
z4qqhpt0,"Laura Ashe",3
uerh0dz3,"Laura Grimond",3
e0ieugq4,"Laura Perrins",3
s3znq6je,"Lauren Booth",3
pjdwum00,"Lauren Goodger",3
uglr85l5,"Lauren Kassell",3
8qmabcui,"Laurie Penny",3
yamb1wky,"Laurie Taylor",3
v5bvhhkh,"Lawrence M. Krauss",3
cznyt5z6,"Lee Latchford-Evans",3
a6blg4n9,"Len McCluskey",3
kbb9jsum,"Leon Lopez",3
a8nh79oq,"Lesley Dunlop",3
m0ps6r09,"Lesley Riddoch",3
kdm3jhm9,"Leslie Cannold",3
bo14lfnl,"Levi Roots",3
mgbkhr66,"Liam Byrne",3
m4teh7eg,"Liam Tancock",3
da4cr1vx,"Liam Withnail",3
pn0xqbbg,"Liba Taub",3
19f9j5mb,"Linda Papadopoulos",3
s1w668o1,"Linda Partridge",3
zs1ekz4r,"Linford Christie",3
hg3ry5oi,"Lisa Dobriskey",3
08xdps02,"Liz Bonnin",3
jgg561pd,"London Hughes",3
mia8p8pe,"Louisa Lytton",3
lmyiuou9,"Louise Christian",3
ag0mjt1x,"Louise Jameson",3
mxdat0mw,"Lucy Cooke",3
r2b47pjv,"Lydia Bright",3
exfcm7gd,"Lyndon Ogbourne",3
kn6p18m4,"Lynn Faulds Wood",3
jogtj9n8,"Mark Latham",3
izorqdnj,"Michael Le Vell",3
isnc0isu,"Nick Lane",3
t5opwn6s,"Paris Lees",3
x88y0zqg,"Phyllida Law",3
0t9u3q75,"Phyllis Logan",3
27gu4xli,"Professor Dame Hermione Lee",3
0hsh6tre,"Robert Lindsay",3
pemxi29l,"Robert Llewellyn",3
wwuy1r73,"Rustie Lee",3
yi50bsfc,"Sean Long",3
sp4tbnbv,"Tim Lockley",3
ng0qxqgp,"Toni Lamond",3
37d0bvq4,"Adam Lambert",2
mhvv4y2d,"Adrian Lewis",2
m8cbv2k2,"Alex Lester",2
nuujqcqj,"Amelia Lily",2
vbi862z7,"Andrew Lawrence",2
wxpwew06,"Brian Littrell",2
3cozwda0,"Bruno Langley",2
sji8ney8,"Charles Lawson",2
cw3ibu0b,"Cher Lloyd",2
i4e2af0f,"Chris Lowe",2
5o25jfml,"Claude Littner",2
hr56ekvi,"Cyndi Lauper",2
04572buh,"Damien Leith",2
g69qoivt,"David Langton",2
bpar3qkm,"Denis Law",2
yctp67f9,"Derek Laud",2
q9yevpvt,"Desmond Lynam",2
f7ve0oww,"Dilys Laye",2
hchmvnrw,"Dinsdale Landen",2
x62ue5pq,"Dominic Littlewood",2
ybft2rx2,"Eddie Large",2
gacxpopp,"Fiona Lewis",2
5s9uajf8,"Francine Lewis",2
rxnx63u9,"Francis Lee",2
ahq1ruck,"Gillian Lynne",2
d3hz60kf,"Harold Lever",2
ljb1i1yr,"Henry Livings",2
kij03fcp,"Henry Lonchurst",2
pa01eupz,"Ian Lavery",2
u3fzirmi,"Isobel Lindsay",2
lvt9cuwj,"James Loughran",2
62v9t7to,"Jamie Lambert",2
3jb5zeaq,"Jane Leeves",2
rs8f2j8z,"Janice Lennon",2
cqeku9ml,"Jeremy Lloyd",2
yq75h6cq,"Joan Lester",2
dzyhibgj,"Joan Lestor",2
v30bes83,"Joe Longthorne",2
is5u3rj0,"John Leslie",2
gv8qnr9f,"John Lydon",2
eedadqgn,"Johnny Logan",2
3sgvobl5,"Josh Lewsey",2
0m2aa811,"Judi Love",2
dhja8d7d,"Judith Lucy",2
4mh5qu2q,"Julius Lipner",2
d1al4xs6,"Katrina Leskanich",2
75ivhp8b,"Lady Antonia Wardell",2
hi7zigjw,"Lady Harlech",2
7utgb0e6,"Laila Morse",2
1cvy59gn,"Lalage Bown",2
w2y87us0,"Lara Mulcahy",2
p1e0o51f,"Lars Tharp",2
7kwge1vl,"Laura Hamilton",2
z46aexdz,"Laura Marcus",2
x37oh6qn,"Laura Pidcock",2
2a3o81nn,"Laura Solon",2
xdjmez90,"Laura Trott",2
e3q6nz3i,"Lee Briers",2
ezl17ngw,"Lee Dixon",2
ijhqa22r,"Lee Pearson",2
35yrpbvq,"Lee Sheriden",2
spp6kjqj,"Lee Simpson",2
lkng81mn,"Lee Smolin",2
ttsnwhzs,"Lee Westwood",2
zo2dmx7e,"Leeroy Thornhill",2
vknilgnn,"Leigh Halfpenny",2
qmqbs02r,"Leigh Learmont",2
745v7bbm,"Lemn Sissay",2
e708ds40,"Lenore Taylor",2
8tve5oc9,"Leo Pliatzky",2
m8zxef73,"Leona Lewis",2
n5mo56s9,"Les Ferdinand",2
tgcw43dv,"Lesley Abdela",2
g8otg445,"Lesley Ann Down",2
05ocqrsg,"Lesley Nicol",2
smzy5so2,"Leslie McKeown",2
1d5ylurh,"Letitia Dean",2
gxssiqrh,"Leucha Veneer",2
is9etccp,"Lewi Morgan",2
44z8a9ue,"Lewis Moody",2
v6841dy1,"Libby Morris",2
zv2omtjb,"Linbert Spencer",2
xx2nbz5w,"Linda Burney",2
8xqz7m7q,"Linda Christmas",2
oaoftey5,"Linda Gray",2
i8y9qm02,"Linda Jaivin",2
w55d06e2,"Linda Thorson",2
cmsbzf6s,"Lionel Richie",2
3hbjo05p,"Lisa Butcher",2
5t32fb80,"Lisa Maffia",2
5huiaobk,"Lisa McCune",2
1yljvlno,"Lisa Wilkinson",2
8z1ctbj9,"Little Boots",2
s6lzte1m,"Lizzie Armitstead",2
kunszlfn,"Lizzy Yarnold",2
kj8bsuoj,"Lloyd Cole",2
ti73iunt,"Lloyd Griffith",2
rabfr4t3,"Lord Charles Brocket",2
f32vtged,"Lord David Cecil",2
73md2qck,"Lord Deedes",2
jim7n33v,"Lord Howe of Aberavon",2
axg1x9lm,"Lorna Fitzsimons",2
0m5x5tzu,"Louise Haigh",2
uj23k1td,"Louise Wener",2
kjuawrjj,"Lowri Turner",2
r6ejcc3h,"Loyiso Gola",2
8vri53j9,"Lucie Cave",2
b4jm67dd,"Lucy Davis",2
3orfqshu,"Lucy Fallon",2
n2yjqao1,"Lucy Powell",2
403so2oq,"Lucy Turnbull",2
uctwd8zz,"Luke 'Ming' Flanagan",2
fo0fnqn8,"Luke Dale Roberts",2
a7npjmj1,"Lydia Khalil",2
lxzwwqon,"Lynda Baron",2
uhpyyfo6,"Lynn Barber",2
8kaq66dw,"Lynn Seymour",2
ge9dexhe,"Lysette Anthony",2
ro12lfzm,"Mark Labbett",2
tiknth22,"Mark Lawson",2
a3yrbnid,"Mark Lewis-Francis",2
wms8vf0i,"Martha Lane Fox",2
fx6xzv8w,"Martin Lee",2
e1ggc07c,"Matt Lapinskas",2
5x6xyk4n,"Matt Lawrence",2
kp38l2in,"Matt Littler",2
q4eeninj,"Michael Lyster",2
z4tp9e8q,"Nakkiah Lui",2
cikjztnm,"Neil Lennon",2
6h0s0nbo,"Rabbi Lionel Blue",2
gx5wshcw,"Rachael Latham",2
46m349oi,"Richard Lambert",2
cftzo6kz,"Richard Last",2
07cb7cwi,"Richard Leonard",2
kxj5nhco,"Robin Lustig",2
mql1nff8,"Sara Leighton",2
mk94szpr,"Sarah Ludford",2
pmc9ibfv,"Sarrah Le Marquand",2
gj3rpd1i,"Scott Ludlam",2
8fp0kw3j,"Sheila Lawlor",2
gxupkkmc,"Siân Lloyd",2
3qax76pu,"Stefanee Lovett",2
5qdx8d58,"Sue Lloyd",2
xu4tmaba,"Susan Littler",2
2tsofx6a,"Sussan Ley",2
nurxrli0,"Tim Loughton",2
q4r7c6ft,"Adam Lyth",1
50n83wv6,"Adrian Locke",1
v6auj4kn,"Alastair Logan",1
1tmm7a2c,"Alex Lloyd",1
qtarkwm1,"Amber Lawrence",1
55xwmax2,"Amelia Lester",1
14v62t6y,"Ana Lamaro",1
nq6o9a9r,"Andrew Lapthorne",1
d1srbli5,"Andrew Leigh",1
52w4i5or,"Andrew Louth",1
xrjjeaaq,"Andy Lewis",1
d0dsa72w,"Angela Lonsdale",1
s05k1k8n,"Angie Le Mar",1
uv5e9d1n,"Angus Lockyer",1
661sfbun,"Anne Leslie",1
34tl3uwk,"Anthony LaPaglia",1
lvms1hnq,"Beau Lotto",1
o720vmnh,"Belinda Lang",1
sem5pk7n,"Benjamin Law",1
soy30d3c,"Bill Leak",1
xfyjc7jw,"Bri Lee",1
b1tp2imt,"Camilla Luddington",1
o9iatxsc,"Carla Lane",1
2ho1fpqv,"Carrie Lear",1
e8tfozt3,"Catherine Livingstone",1
20rq5u89,"Chantal Leverton",1
lfbbqbyr,"Charles Leadbeater",1
z3tlydix,"Cheng Lei",1
kb5gv9kj,"Cherry Lewis",1
vcd8l05f,"Christina Lamb",1
a5l4mmy0,"Christina Lyon",1
tc8cybit,"Christine Lagarde",1
6rmj1rtj,"Christine Laird",1
x7ssaq9f,"Christopher Lore",1
0yxykyc9,"Clare Lees",1
pco582lw,"Cleo Laine",1
yxll2eoy,"Clive Lloyd",1
588dyj7x,"Cynthia Lennon",1
44m3am6v,"Dan Lobb",1
7n5d7k60,"Daniel Libeskind",1
3p0q5fq4,"Darian Leader",1
44j9eauf,"Darlene Love",1
q8b2vncq,"Dave Lee Travis",1
twvz7vf2,"David Levy",1
6d13rojp,"David Lonsdale",1
h8z6cg9x,"Dean Lennox Kelly",1
gpnb587v,"Dee C. Lee",1
luwf9gsg,"Delia Lindsay",1
bixni1ft,"Dennis Locorriere",1
k7es4fe3,"Dinah Lee",1
wawplq43,"Dolph Lundgren",1
al58ij2v,"Dominic Lieven",1
tkdwzqf9,"Dr Carolyne Larrington",1
f4qa1rmf,"Dr Janna Levin",1
fw4wxa6h,"Dr Laura Ashe",1
5w5n67oc,"Dr Lindy Edwards",1
axkgxo6a,"Dr Lucia Dolce",1
8r3lzgeh,"Dr Lucy Grig",1
z18e5rdr,"Dr Lynda Birke",1
gyqasyu3,"Dr Vivienne Lo",1
cpsl0j63,"Dustin Lance Black",1
e5zapym8,"Dylan Lewis",1
k9v2gdli,"Edward Luttwak",1
a5h2bkyk,"Elaine Lordan",1
sy9ril9o,"Elena Lappin",1
3kbua42m,"Emily Lethbridge",1
x0hbofmy,"Emma Loosley",1
cob7bfxv,"Esther Leslie",1
e8zimvr5,"Eva Longoria",1
sszyervn,"Evgeny Lebedev",1
8txq7x6m,"Francis Leach",1
i5jamrls,"Frank Leboeuf",1
5pfygpvy,"Frederick Lawton",1
nl8ctxya,"Gemma Lloyd",1
5qxqgj3i,"Genevieve Lemon",1
v5b2cboy,"Geoff Lawson",1
2ct5aj5j,"George Lane",1
ozfqeh1x,"George Layton",1
rjwvbrh7,"Giles Long",1
4uff682s,"Graham Leonard",1
1pd28tsj,"Hannah-joy Lewis",1
ctphooum,"Henri Leconte",1
f96v9azq,"Henry Luxemburg",1
wcvnd3t5,"Ian Lavender",1
oqesk10b,"Iszi Lawrence",1
eg8op88v,"Iveta Lukosiute",1
vmlxe5ip,"Jack Latimore",1
6chmepgz,"Jackie Llewelyn-Bowen",1
gafbmqi6,"Jacqui Lait",1
dnjpam4s,"Jae Laffer",1
a4ee8ggj,"James Lance",1
4v47j86w,"James Lynch",1
o5o8ez0v,"Jamie Lomas",1
bvgb2t3v,"Jane Langdale",1
5x3z83lf,"Jasmine Lowson",1
290dk5hp,"Jason Leonard",1
ixo6mghy,"Jay Laga'aia",1
i6d24ize,"Jeff Lang",1
w1jratg7,"Jeff Leach",1
0wkcg8em,"Jeremy Limb",1
ujt6t2om,"Jianchao Liu",1
ewnwdzxg,"Joanna Lewis",1
97a0sp96,"Joe Lydon",1
pltvwex4,"Johann Lamont",1
wcacsqkj,"John Landis",1
dfxtbvd8,"John Lee",1
ju5so7l0,"John Leguizamo",1
ymkho5ku,"John Lennox",1
u74j0z1c,"John Leslie",1
79h6caif,"John Liffen",1
29qvflmy,"John Linehan",1
41icvqhf,"John Lippitt",1
1lbi6df1,"Jonah Lomu",1
eg26jmgp,"Jonathan Guy Lewis",1
yhvunkw3,"Joost Luiten",1
kg6vbm76,"Jordie Lane",1
ir3a8r5g,"Josh Lawson",1
2h5jykis,"Julian Lloyd Webber",1
ctflnwz6,"Juliette Lewis",1
g1ycw2cs,"Justin Lee Collins",1
d7hevadl,"Karen Lynn Gorney",1
1h3zlsnn,"Katharine Lerman",1
8tzevgtd,"Kathleen Lennon",1
ufcan87c,"Kathy Lloyd",1
0gueilr4,"Kele Le Roc",1
pvvlfh4u,"Kelly Llorenna",1
u6zdy9fn,"Kenny Lynch",1
y09xiubi,"Kirsty Lang",1
h4xg6y0j,"Krystyna Lennon",1
81pk17su,"Kurt L. Schmoke",1
zedz9jzl,"La Toya Jackson",1
ogdhks0a,"Labrinth",1
5rc3m6ae,"Lacey Turner",1
fybhmyve,"Lady Gaga",1
j0n769hp,"Lady Shrewsbury",1
1fbvhix8,"Laliv Clenman",1
igvq0tze,"Lally Katz",1
tzp3sabz,"Lance Horne",1
7g8y39iz,"Lance Price",1
vd1cfnpi,"Lara Dungan",1
hqvfym9k,"Lara Giddings",1
c1uttor6,"Lara Goodridge",1
69nun258,"Lara Honnor",1
uje8ap0h,"Lara McAllen",1
8c69gcmq,"Larissa Behrendt",1
dzns2t76,"Larry Hagman",1
k1x0m0c8,"Larry Hibbitt",1
gbwgpgnu,"Lars Laamann",1
pd8jokqq,"Laura Bassett",1
elx9blrt,"Laura Dockrill",1
94hwj33o,"Laura Dodsworth",1
vlojq9ih,"Laura Herz",1
q03kozph,"Laura John",1
ksliii45,"Laura Jones",1
fbe7zrut,"Laura Main",1
dtu482vf,"Laura Massaro",1
el91u4ws,"Laura Tingle",1
3dlk0sg8,"Laura White",1
746w208w,"Lauren Holly",1
a27umxy7,"Lauren Luke",1
rpw7c8ma,"Lauren Steadman",1
d4i7vlm9,"Laurence Davies",1
e76w21as,"Laurence Fox",1
6jtjgmyy,"Laurence Howarth",1
80tl60k2,"Laurence Lerner",1
qb0p2iq8,"Laurence Martin",1
jocfyxzv,"Laurie Brett",1
hmbget0c,"Laurie Cadevida",1
iz9z1ysn,"Lawrence Krauss",1
er76f4lp,"Lawrence Rainey",1
43k5uky3,"Lawrie McMenemy",1
d8tyzdji,"LeAnn Rimes",1
npoqlsmf,"Lea Walker",1
lm1qgdtm,"Leah Flanagan",1
xq5xsw4y,"Leanda De Lisle",1
rpo1sa2j,"Ledley King",1
gkkq4xw1,"Lee Boardman",1
i76t83ql,"Lee Byrne",1
an4m19ky,"Lee Carsley",1
cxlsnsof,"Lee Kernaghan",1
1ldghmhp,"Lee Mears",1
izmbkfx5,"Lee Rhiannon",1
xwdak9sp,"Lee Simon",1
kxgii7wn,"Lee Warburton",1
l44dvbd8,"Leee John",1
fiw7zdev,"Leigh Marklew",1
1ibi2r7q,"Lemmy",1
cw4y78u0,"Len Murray",1
guzdcofm,"Lena Jeger",1
vorksxe6,"Lena Nahlous",1
ofcm38v8,"Lenka Kripac",1
bz6pwfxg,"Lennox Lewis",1
fos9urbq,"Lenore Skenazy",1
i8socbvv,"Leon Barron",1
vv584xfj,"Leon Ockenden",1
nvzi0v7b,"Leonard Downie",1
kgvxs2mz,"Leonard Roberts",1
f2zca1ig,"Les Gock",1
jm99pxbn,"Lesley Cohen",1
4h1cjmd2,"Lesley Knox",1
vu4pl46r,"Lesley Manville",1
e8yzwmlt,"Lesley Sharp",1
pi4g20g9,"Leslie Aiello",1
1ih6n47h,"Leslie Ann Goldberg",1
u54da01k,"Leslie Caron",1
3ufmqmhc,"Leslie Feist",1
fqlhb0n6,"Leslie Vainikolo",1
l335c50l,"Leslie Welch",1
sjhd3lwt,"Leszek Kolakowski",1
uh7i0lge,"Leyla Hussein",1
mbwmge13,"Liam Charles",1
u182mp6m,"Liam Finn",1
lkrj2gh6,"Liam Halligan",1
khm5v0ml,"Liam Malone",1
jg1bfhwt,"Liam Phillips",1
0j2uhmd0,"Liam Treadwell",1
jlns1ej8,"Lianne La Havas",1
2d2iaycc,"Liberty Sanger",1
y8uoz7wu,"Lida Rodriguez-Taseff",1
0j98vijs,"Lilia Kopylova",1
am4dnj1a,"Liliana Archibald",1
8epcafm7,"Liliana Brisby",1
tcymkkte,"Lillian Board",1
bemakywz,"Lin Buchfield",1
x3ywa7y3,"Lincoln Townley",1
0k3l8f5j,"Linda Armstrong",1
oks2ikbl,"Linda Bellingham",1
qyuvy7r7,"Linda Bellos",1
ft61k6f5,"Linda Henry",1
43b1gtld,"Linda Martin",1
fj9eq57i,"Linda Tirado",1
25fr2bkp,"Linda Woodhead",1
xjmb20ph,"Linden Brownley",1
al0huic7,"Lindiwe Mazibuko",1
fncx8v35,"Lindiwe Zulu",1
vtsc69ha,"Lindsay Allason-Jones",1
5339plox,"Lindsay Fox",1
56jbql62,"Lindsay Wagner",1
6m91zehs,"Lindsey Coulson",1
w8cnk5ly,"Lindy Grant",1
66gzry2i,"Linford Martin",1
ewwz9py7,"Linzi Martin",1
j5qv8u5e,"Lior",1
s0lqxm2o,"Lisa Appignanesi",1
fopq0oyk,"Lisa Appleton",1
ay3a70nc,"Lisa Barbuscia",1
x1jyfwve,"Lisa Duffy",1
czeq1a1y,"Lisa Forrest",1
bvdrev08,"Lisa I'Anson",1
8qqq3xwl,"Lisa Kay",1
upqmy5fy,"Lisa Kekaula",1
ljokr1bq,"Lisa Lambert",1
0au77dgu,"Lisa Lampanelli",1
ufnhqu1z,"Lisa Miller",1
4po00lko,"Lisa Potts",1
avx21bb7,"Lisa Singh",1
aie2dwdw,"Lisa Voice",1
z062z684,"Lissie",1
muzmmrmv,"Little Pattie",1
r6n7zhp8,"Liz Brewer",1
93cbppb5,"Liz James",1
ztd47uz3,"Liz Johnson",1
4b8wzjt9,"Liz Jones",1
8f9i0vos,"Liz McColgan",1
4ick3y7d,"Liza Minnelli",1
3q4rg9bp,"Lizzie Roper",1
em96tcrn,"Lizzie Roper",1
h8n80ypa,"Lloyd Griffith",1
e070zsgs,"Lloyd Peck",1
jwlkihpq,"Lloyd Ridgeon",1
ah0eo9dt,"Loene Carmen",1
k3bylr7j,"Loick Essien",1
s58t1q5y,"Loki",1
85fbfhoq,"Lola Young",1
542igz41,"Lomana Tresor LuaLua",1
e3q9d2kb,"Long Yongtu",1
ho3colmi,"Lord Elwyn-Jones",1
8nbebos0,"Lord Falconer",1
8qxzts1g,"Lord Geoffrey Howe",1
mnniioi2,"Lord Havers",1
k3z6j988,"Lord Heseltine",1
9t15npui,"Lord Howe",1
dhktusas,"Lord Krebs",1
x7lkiv1f,"Lord Oaksey",1
621l7vab,"Lorraine Candy",1
4wsg8qqh,"Lorraine McIntosh",1
e5gepeem,"Lorraine Pascal",1
2kps9fky,"Lorraine Pearson",1
3t6vnxu7,"Lorraine Pilkington",1
m6kisvbm,"Louis Eliot",1
vhc3cywr,"Louis Rawlings",1
3ktg5q7l,"Louis Theroux",1
b3ln3srd,"Louisa Johnson",1
qyzcox71,"Louise Bagshawe",1
my9b09uy,"Louise Byrnes",1
xo302ep9,"Louise Cooper",1
d85spbgi,"Louise Dunn",1
wuoc764f,"Louise Harra",1
yimnpmxt,"Louise Harris",1
b0olel8g,"Louise Milne",1
7d76d22d,"Louise Minchin",1
ry7v4y9f,"Louise Robert-Smith",1
oda5v37v,"Louise Sauvage",1
3w9yoch5,"Louise Toms",1
k2ux7rsi,"Louise Wilkinson",1
s37riady,"Luca Belgiorno-Nettis",1
9vpkki9x,"Lucia Dolce",1
msvt5uj0,"Luciana Berger",1
7mn9gvuy,"Lucien Laviscount",1
jwurpxan,"Lucy Beckett",1
pioyn09i,"Lucy Brogden",1
zw54znen,"Lucy Bronze",1
o0m6ysfk,"Lucy Brown",1
92syreem,"Lucy Durack",1
wr537v3n,"Lucy Mangan",1
lwhxl6bu,"Lucy Mecklenburgh",1
w0ddlmn2,"Lucy Montgomery",1
uexnfpl3,"Lucy Riall",1
yatqf7wm,"Lucy Shuker",1
36yzdfwa,"Lucy Siegle",1
bjff54rf,"Lucy Wooding",1
fpoaa6n0,"Luisa Omielan",1
843106vu,"Luisa Zissman",1
y2neiu60,"Luka Bloom",1
1p4mtper,"Luka Sulic",1
nhqwa16u,"Luke Bowen",1
1f39kwk5,"Luke Campbell",1
wlnfra2m,"Luke Hemmings",1
5fzd4x2o,"Luke Marsden",1
n153vc9w,"Luke Pasqualino",1
nk0um2bu,"Luke Pritchard",1
3qjvvav7,"Lulu McClatchy",1
qfmaxtax,"Luna Frank-Riley",1
mv0xdg8g,"Luo Xiaopeng",1
rs6yfdsp,"Luol Deng",1
73vcpp3z,"Lutalo Muhammad",1
d9gdulrv,"Luther Blissett",1
01gs671j,"Luther Burrell",1
z9h53erw,"Lydia Cacho",1
lln80516,"Lydia Khallil",1
oce1befx,"Lyle Shelton",1
vcbe9y89,"Lyn Faulds Wood",1
5nzdkf3n,"Lyn Pykett",1
wnejmluo,"Lyn Seymour",1
qoq6xcf5,"Lyndal Roper",1
93s1ap7i,"Lyndsay Hammond",1
ndrenc08,"Lynn Collins",1
uod89ul2,"Lynn Davies",1
p4waxbmw,"Lynn Ferguson",1
ehc37ngg,"Lynn Symour",1
rxv50dud,"Lynne Bretonn",1
7gebu4q7,"Lynne Franks",1
th9h0lh1,"Lynne Frostick",1
cgbx9m7a,"Lynne Perrie",1
sv65ua0e,"Lynne Truss",1
ax0t3axm,"Lynsey Brown",1
jbguf23f,"Lynsey Sharp",1
xn7j17o1,"Magnus Linklater",1
dpt6qt5p,"Marcel Lucont",1
be0ei7j6,"Marek Larwood",1
47g1gsc2,"Marina Lambrini Diamandis",1
ddcj46st,"Marina Lewycka",1
jsfj9v33,"Marjorie Longdin",1
kcw8t7ec,"Martin L. Evans",1
54zp8g70,"Mary Ann Lund",1
uvoatg99,"Mary Laven",1
g1gn9cm2,"Mary Lynn Rajskub",1
bx18p6wf,"Matt Lee",1
ru8121zs,"Megan Lloyd",1
vo8xla39,"Mette Lindberg",1
qz631d6q,"Michael Legge",1
yirk5309,"Michele Levine",1
leej2bom,"Michelle Laurie",1
v5zx0p2z,"Mike Lewis",1
dm345i2s,"Neil Lawrence",1
n7qwd73d,"Nick Lachey",1
aoybnk6f,"Nicola Liscutin",1
p4l6967m,"Nigel Lythgoe",1
njob5njq,"Norman Lovett",1
ifed2sh7,"Olga Levancuka",1
g1sikn2h,"Patricia Laffan",1
4jq30fqm,"Paul Lambert",1
mkgmgbaw,"Paul Langford",1
emj7etsx,"Paul Lawrie",1
zvqyima8,"Paul Leveridge",1
z240an2o,"Paul Litchfield",1
49hl94be,"Paula Lane",1
xia2h9on,"Pearl Lowe",1
s61cb6rl,"Peter Lovenkrands",1
xfhz1ny9,"Peter Luff",1
8x1amtjr,"Phil Larder",1
xrusi65c,"Philip Lowrie",1
f3oponzi,"Phillis Levin",1
6z7ko2i3,"Professor Clare Lees",1
olas5uue,"Professor Henry Louis Gates Jr",1
701fi66a,"Rachel Leskovac",1
cjm4btdt,"Rhodri Lewis",1
2wkyd2eh,"Richard Lane",1
5y8oap6h,"Richard Luce",1
15642foj,"Ricki Lake",1
7068khlb,"Rob Lutton",1
r88t2n7b,"Robin Lumley",1
jwh9gk6t,"Roger Lloyd Pack",1
n9uiotoz,"Roger Lloyd",1
915jvcol,"Rosario La Spina",1
kk4wkiss,"Roy Lancaster",1
oe6h26vo,"Ruth Levitt",1
72eqhy9j,"Sam Leith",1
r3gqiw97,"San Lazaro",1
caktcy57,"Sara Lyons",1
oz6ebn0q,"Sarah Lewis",1
xr4sfly3,"Scott Ludlum",1
r9kmdvce,"Shane Lowry",1
8ohsj173,"Simon Laham",1
os64odsf,"Simon Lee",1
913qn457,"Sipokazi Luzipo",1
qwlqobfs,"Stephen Lang",1
3ej149ae,"Stephen Lowe",1
rc14itov,"Steve Lukather",1
gzty11qc,"Stuart Laing",1
5x07qo4r,"Stuart Law",1
8x4us3wx,"Suzanne Lowry",1
cbrp8shy,"Syd Little",1
rw6zfn6o,"Tao Tao Liu",1
nsl90ass,"Teresa Livingstone",1
2ms6fdam,"The Oompah Loompahs",1
2nl0yc9r,"The Rt. Hon. Tub of Lard",1
rivpvk1g,"Thomas Lynch",1
3g4adw5y,"Tim Levinson",1
5z01ivt9,"Tim Lindsey",1
cziqjuzw,"Tom Lackey",1
4uso6z81,"Tom Lister",1
5b7di5rg,"Tony Lentin",1
e5k48b48,"Vanessa Lloyd-Platt",1
s495ic9q,"Victoria Lyon",1
re7y98mh,"Virginia Lewis",1
lm3gydbz,"Zelda La Grange",1
