pizp4tjl,"Nicholas Parsons",953
pz8jx4u9,"Coleen Nolan",907
soy8ecxw,"Derek Nimmo",309
5yv2rmx8,"Nadia Sawalha",299
ra1ov9e4,"Neil Delamere",173
32gvimgg,"Nick Hancock",158
ezum7f40,"Noel Fielding",140
rlldarrq,"Graham Norton",115
wtzft1x0,"Ross Noble",113
ewwqjcle,"Nish Kumar",87
sbynrgke,"Ned Sedgwick",55
6993z4xk,"Nina Wadia",46
gr0xurn4,"Nick Grimshaw",45
2t7xmn6q,"Barry Norman",39
oyesh1hw,"Nigel Farage",39
yzcnla0i,"Geoff Norcott",29
2vmtxo13,"Chris Neill",27
0yyxvvhl,"Nigel Dempster",24
tpzpaesf,"Norman Tebbit",24
17ti1bqt,"Neil Morrissey",23
i5w6irho,"Nigel Havers",23
xq8cu6jz,"Nicola Sturgeon",22
v7rqfjjw,"Andrew Neil",21
px3ej8zq,"Nick Clarke",20
x06ndrsl,"Nick Helm",17
4fardcxu,"Mark Nelson",16
eckt9ik8,"Nigel Lawson",16
6p7tnu9f,"Norman Fowler",15
s7i1rglx,"Norman Lamont",15
pyed9i0p,"Natalie Cassidy",14
pfdwt6fw,"Neil Kinnock",14
bpd8wguf,"Nick Hewer",14
oz9kzhhw,"Fraser Nelson",12
ufd3xqyh,"Nancy Seear",12
02265fdx,"Neil Mullarkey",12
g42bnat8,"Nick Knowles",12
8rodv8dt,"Paul Nuttall",12
j3mtpq27,"Nicky Morgan",11
6uqwlgfv,"Bernie Nolan",10
36p1x3b6,"Emma Nicholson",10
37cmnk83,"Lisa Nandy",10
4h0hgie4,"Nan Winton",10
ra9zrc4l,"Nanette Newman",10
4rm30csy,"Nathan Caton",10
fsjiq6ra,"Nathan Sykes",10
85bqozg0,"Neil Hamilton",10
3t94ubfv,"Nicholas Ridley",10
3preqmj5,"Nick Clegg",10
qa3ey1m6,"Noddy Holder",10
ptshr9pe,"Pat Nevin",10
tarh9p4y,"Denis Norden",9
wn1yamvj,"Nemone Lethbridge",9
hmv4c25n,"Niall Horan",9
5110uwv5,"Nina Sebastiane",9
m8rxe9uy,"Jesy Nelson",8
g5bj3oj5,"Karl Newton",8
wqpjicjs,"Nancy Dell'Olio",8
knxobbw6,"Nicholas Soames",8
std2sp3i,"Nick Frost",8
fkiimo67,"Nick Ross",8
lnfpseu0,"Norman St. John Stevas",8
7c6xkbfl,"Zoe Norton Lodge",8
laa6kfmm,"Nadine Dorries",7
ptfjvocs,"Nerys Hughes",7
hbemn8om,"Nick Brown",7
orqkrrg4,"Nick Harvey",7
6tfzred0,"Nick Minchin",7
s8iaatgc,"Nick Revell",7
y970m4cm,"Nick Robinson",7
2dbqa5ip,"Nicola Roxon",7
fpueh90c,"Norman Baker",7
ry4w7zm9,"Norman Pace",7
14zt9ny6,"Norman Swan",7
gv22roq4,"Paul Nicholas",7
s7lybz39,"Steven Norris",7
h439u2lu,"Brian Noble",6
nux420y4,"Brigitte Nielsen",6
xnms0zoq,"Dr Aoibhinn Ní Shúilleabháin",6
tc9lovpx,"Julia Neuberger",6
6d1fkvvt,"Linda Nolan",6
ehizy9jm,"Nadhim Zahawi",6
jod1j8fv,"Naga Munchetty",6
6uwkgn43,"Niall Ferguson",6
mv32n0ke,"Nick Mohammed",6
h3pmy6xk,"Nicky Byrne",6
6jwq1uil,"Nicole Scherzinger",6
tnq3jdb9,"Pauline Neville-Jones",6
f6lzbfna,"Big Narstie",5
iuxnu0tv,"Jean-Christophe Novelli",5
91ojybge,"Jordan North",5
yqczunvt,"Matthew Norman",5
jbenwtlp,"Nabil Abdulrashid",5
lg72zp96,"Nadine Coyle",5
1g81odb7,"Natalie Anderson",5
qben7t14,"Natasha Hamilton",5
t7ojzioh,"Neil Bratchpiece",5
qcmcwceh,"Nick Cater",5
zhljs1k7,"Nick Doody",5
3617ehdu,"Nick Ferrari",5
ryhz4086,"Nick Lowe",5
asieg8gn,"Nick Newbould",5
9dlag9e6,"Nicki Chapman",5
5gt2fs03,"Nicki Hutley",5
hgdnz0lb,"Nicky Campbell",5
0uzqvidc,"Nicky Henson",5
oi4rspa1,"Nicola Adams",5
2s4kfzui,"Nicola Roberts",5
vostak5z,"Nitin Ganatra",5
jr8qb0l7,"Norman Lamb",5
awwilv0g,"Shen Narayanasamy",5
e1camghh,"Tony Newton",5
vuphunhw,"Trevor Noah",5
yim8p7xz,"Vivian Nutton",5
1r125nr8,"Ben Norris",4
t46kwyh9,"Cameron Neilson",4
hqnbl5ru,"Fiona Nash",4
tdk2neu5,"John Newman",4
4rq8c8ts,"John Nicolson",4
ubdbpt1s,"Kate Nash",4
k4qg8x4v,"Keiron Nicholson",4
128p2hhc,"Maajid Nawaz",4
5ws34mfz,"Martina Navratilova",4
0n7lkvyl,"Mikey North",4
7o0hzl48,"Nadiya Hussain",4
z3gumi5f,"Nancy Sorrell",4
1m692m9k,"Nat Luurtsema",4
i3veo7hh,"Natalie Bennett",4
h1iu8l3x,"Neil Hodgson",4
dciufxtp,"Nick Carter",4
zj7ts6jt,"Nick Xenophon",4
epqt6faz,"Nicky Hambleton-Jones",4
8z9le298,"Nigel Davenport",4
ytjohd3h,"Nigel Dodds",4
5hkarh8n,"Nigel Ng",4
puzrhepi,"Nigella Lawson",4
3z3ewa6v,"Nihal",4
uwxpft6h,"Nina Conti",4
3lnbsttu,"Trevor Nelson",4
7d4uza22,"Amy Nuttall",3
azjd26a0,"Andy Nicol",3
k3rnaprj,"Annie Nightingale",3
3c8s1glm,"Cathy Newman",3
vg3lq33c,"Deanne Nelson Henry",3
065b9jn5,"Dr Nick Lane",3
fvb43c28,"Gary Neville",3
hwrfiawe,"Gill Nott",3
79jvsf72,"Hermione Norris",3
xqao4zoh,"John Julius Norwich",3
pukxw56h,"John Nettles",3
4t0svezd,"Kirsty Newton",3
2jmu4cle,"Maureen Nolan",3
47awfknp,"Michael Nazir-Ali",3
52xdqrsi,"Nancy Cartwright",3
s8tms8x8,"Naomi Standen",3
lsbtxauv,"Nasser Hussain",3
lw9s9tk5,"Nassim Khadem",3
dbb93fkd,"Natalie Haynes",3
trfdqopa,"Natasha Marsh",3
zgog6tcp,"Natasha Stott Despoja",3
tmgqbgi7,"Natasia Demetriou",3
zkl1ekk5,"Natasia Demetriou",3
2ir4ocka,"Nathan Cleverly",3
ki3mko5b,"Nathaniel Parker",3
g753hkxc,"Navnit Dholakia",3
ux2juy2k,"Neil Robertson",3
0p67ymz0,"Neil deGrasse Tyson",3
780rrh5u,"Nell McAndrew",3
ml6qm1cs,"Newton Faulkner",3
atrw4zsz,"Nicholas Henderson",3
5t757pdz,"Nick Easter",3
isnc0isu,"Nick Lane",3
2uv9afev,"Nick Matthew",3
sphlzl1x,"Nick Moran",3
93gf3thx,"Nicol Stephen",3
w6g2ifyv,"Nicola Horlick",3
y1u4gjhb,"Nicola Stephenson",3
hw9n5vm5,"Nigel Planer",3
7pkk9a9z,"Nikki Grahame",3
49ro1yuw,"Nikki Sanderson",3
bf5iqee5,"Nina",3
qn5mq54o,"Noel Annan",3
wz3hmvpq,"Noel Debein",3
ds67o4jl,"Noel Edmonds",3
chuol9lg,"Noel Pearson",3
x1scb117,"Olivia Newton-John",3
qlgdu0ba,"Ritchie Neville",3
11kv2b4z,"Robin Nedwell",3
g9nfh43g,"Sam Nixon",3
gk6n4dnx,"Alison Newman",2
sdggyf7s,"Andy Nyman",2
yi5506yo,"Archie Norman",2
o2ml7zgi,"Bobby Norris",2
ltvsaigo,"Christine Nixon",2
1t0w6rrt,"Fred Nile",2
donjugcr,"Freya North",2
rymizsk1,"Grant Nicholas",2
3qvg6ik6,"Guy Noble",2
epod5dl8,"James Nesbitt",2
ofaznblo,"Jeremy Northam",2
teu2gvnw,"Jo-Anne Nadler",2
evzytre1,"Joy Nichols",2
wmjclvm2,"Kate Nelligan",2
d5e6q539,"Katie Noonan",2
imn547i7,"Katie Noonan",2
xf6h4ahf,"Kayvan Novak",2
4zfh0u9t,"Kirk Norcross",2
05ocqrsg,"Lesley Nicol",2
4gmn6nm2,"Mandi Norwood",2
t6l61q9c,"Matthew Nicholls",2
4krv344p,"Najeeba Wazefadost",2
z4tp9e8q,"Nakkiah Lui",2
uadmomxf,"Naomi Ryan",2
u5tldwek,"Natalie Gumede",2
wq9r1w9p,"Natalie J. Robb",2
d1a750mi,"Natasha Danvers",2
kl88rrg2,"Natasha Kaplinsky",2
rtk22teh,"Natasha Pyne",2
6ns0yqci,"Nazir Afzal",2
keondfcz,"Ne-Yo",2
vuebkpjc,"Ned Sherrin",2
80ivqz56,"Neil Fox",2
um67g1sd,"Neil Hannon",2
cikjztnm,"Neil Lennon",2
jw6y3o14,"Neil McIntosh",2
tfxiw789,"Neil Sedaka",2
opzgpzfh,"Neil Wallis",2
tnseaze0,"Nell Campbell",2
60asy06g,"Nelly Furtado",2
whma9vcq,"Nev Wilshire",2
brpo64a2,"Ngiare Brown",2
ofdorclq,"Nicholas Fairbairn",2
knd259la,"Nicholas R. Bailey",2
sekbbf97,"Nicholas Scott",2
rur39ktd,"Nicholas Vincent",2
nk98d7n7,"Nick Baker",2
bvd2ytv3,"Nick Cohen",2
mkkxswr8,"Nick Dougherty",2
r5bvetr3,"Nick Heyward",2
a0th7zn0,"Nick Miles",2
l1m3kzf7,"Nick Pickard",2
r2yv9rlr,"Nick Skelton",2
ybm2rujo,"Nick Thomas-Symonds",2
mf4suyp4,"Nicky Clarke",2
2twrud1v,"Nicky Scott",2
g8xewd2k,"Nicky Stevens",2
zpzdyby7,"Nicola Coughlan",2
sh38cqq1,"Nicola Pagett",2
it6b7cxa,"Nicole Pohl",2
b71k2ruf,"Nigel Aston",2
vctkjv38,"Nigel Evans",2
uugt4yt9,"Nigel Hawthorne",2
oztrfjm9,"Nigel Kennedy",2
a02rr378,"Nigel Martyn",2
al3xusyn,"Nihal Arthanyake",2
yqul2djb,"Nik Kershaw",2
r0xarzq5,"Nik Speakman",2
e80cjm4q,"Nikki",2
uaieoeb7,"Nikolai Tolstoy",2
d490oa05,"Nile Wilson",2
s9y8mwto,"Nina Myskow",2
1t58i9pb,"Nitin Sawhney",2
jx2mil5a,"Noel Clarke",2
mzxgdmjt,"Noel Fitzpatrick",2
kik1m53y,"Noisettes",2
ytvzqgpw,"Noreena Hertz",2
e0m721yh,"Norman Davies",2
s1n9y102,"Norman Painting",2
ig1jm66z,"Norman Willis",2
w4l40mww,"Nova Peris",2
00puhho2,"Peter Newsam",2
71hnfpck,"Phil Nichol",2
o3hggmas,"Rasmus Nagel",2
sxrmp6x3,"Richard Di Natale",2
2g215la9,"Ricky Norwood",2
fjm4rzlw,"Sam Adams Nye",2
9b7kt205,"Steve Nallon",2
u88le5ll,"Steve Norman",2
ipvp5r4w,"Stevie Nicks",2
o4tvs9gu,"Suzanne Neve",2
heei8u2j,"Vicky Neale",2
h1l4knmb,"Adam Ni",1
rw1o8srl,"Alex Neil",1
9h4zsf2w,"Alexander Nekrassov",1
hbj52vgx,"Alison Nicholas",1
gfmgl3dn,"Alissa Nutting",1
ic0nug9o,"Andre Nel",1
cku78zy5,"Andrew Newman",1
9u9wup7m,"Andrew Newton-Lee",1
096r379d,"Anne Nolan",1
6dqu2fzj,"Antti Niemi",1
guytva9n,"Ashton Nicole Casey",1
lkic4m5p,"BJ Novak",1
08cs7a0g,"Belinda Neal",1
i8nukfqe,"Benjamin Northey",1
z3l44iwv,"Beth Neilson Chapman",1
kwve47tl,"Bill Nye",1
uiggcnj6,"Brendan Nelson",1
4evrc7of,"Brian Noble",1
qy3vsx7u,"Chris Nierstrasz",1
017vgvs6,"Christopher Nixon Cox",1
qzulteri,"Claire Norton",1
7tt8jm5p,"Clare Nasir",1
jklwwz26,"Cynthia Nixon",1
iljk8cu0,"Daniel Nettle",1
5h2h0uj0,"David Napley",1
08xibotj,"David Neilson",1
0pq3w3re,"David Norris",1
8jc91g8t,"Dermot Nesbitt",1
8a763arz,"Diana Nguyen",1
vemt71p8,"Dipak Nandy",1
yt5e1xun,"Dirk Nannes",1
hutbg62u,"Doc Neeson",1
emvkx781,"Donya al Nahi",1
enx3m0ep,"Dr Nancy Wood",1
bb19rc7y,"Dr Neil Johnson",1
ca3ggedp,"Dr Niall Ferguson",1
k3cuxmkw,"Dr Nick Groom",1
hg9dk0zw,"Dr Vicky Neale",1
t7ilonm2,"Eddie Naessens",1
2g7mtbpy,"Emma Noble",1
kohlk2h4,"George Negus",1
9tkzzz7u,"George North",1
tjabo9cb,"HG Nelson",1
rgc31xow,"Ian Nelson",1
1uvxyweg,"Ilie Năstase",1
sklzi5sz,"Imam Nur Warsame",1
0wo1wgfa,"Indira Naidoo",1
ai3tc4ri,"Jacqueline Ninio",1
7zs5nz3g,"James Naughtie",1
eqsbp66m,"Jamie Noon",1
da87ywyj,"Jeanne Nuechterlein",1
le7lsvny,"Jenny Nelson",1
8ez3phko,"Jim Naughtie",1
5xwvoygh,"John Nayagam",1
j421rdi3,"John Noakes",1
kxtzwhtp,"John North",1
7d27r9bi,"Kara Noble",1
7vey977r,"Kate Neal",1
of3u1byg,"Katie Nicholl",1
bf5mc9zl,"Katrina Noorbergen",1
dwr24i4o,"Kay Nash",1
dcyxpeeq,"Kevin Nolan",1
3vz6n1vy,"Kunal Nayyar",1
vorksxe6,"Lena Nahlous",1
nw2rk8jh,"Mandy Nolan",1
gtzp4tr0,"Mary Newbould",1
z66x7pe5,"Mavis Nicholson",1
k922ijej,"Mehri Niknam",1
ybeft8tn,"Mick Norcross",1
p00oe411,"Mike Nolan",1
mbo1uwe2,"Nader El-Bizri",1
rxbqy46a,"Nadia Almada",1
1353jtrd,"Nadia Salemme",1
22rfn8b3,"Nadim Sawalha",1
9pfv9rbf,"Nadine Countess of Shrewsbury",1
m13s2ln8,"Nadine Gordimer",1
tgioi3ow,"Nadja Durbach",1
gifahukm,"Nafsiah Mboi",1
j0v29x5m,"Nahji Chu",1
2414evd7,"Nai Palm",1
m05w8h3i,"Nalini Joshi",1
o7aq65t9,"Nana Mouskouri",1
5i2idooj,"Nancye Hayes",1
rybs5s4c,"Naomi Appleton",1
9kyixi81,"Naomi Cleaver",1
e79obq83,"Naomi Klein",1
pid429bi,"Naomi MacIntosh",1
phzqibnc,"Narelda Jacobs",1
0s6e5f2w,"Narelle Hooper",1
00en10oh,"Narguess Farzad",1
iab2vh9r,"Natalia Narochnitskaya",1
8pxya59q,"Natalie Appleton",1
wc2owufm,"Natalie Casey",1
3yk9umwi,"Natalie Cole",1
korgq6eb,"Natalie Grace Chua",1
mumqudlg,"Natalie Imbruglia",1
g5gnibb3,"Natalie Nougayrede",1
pckjf3y9,"Natalie Pa'apa'a",1
awh96y7r,"Natalie Pa‘apa’a",1
481h6265,"Natalie Pinkham",1
klh70gd9,"Natalie Powers",1
o5ff42wz,"Natalie Wheen",1
rxo2cfab,"Natasha Bedingfield",1
8pyhmfkg,"Natasha Cica",1
9ywzgfsh,"Natasya Hodges",1
3qujj8so,"Nate James",1
8hoe960w,"Nathan Byrne",1
0fc9m1p3,"Nathan Morris",1
xa8c6xy0,"Nathan Robertson",1
x2a1912r,"Nazeem Hussain",1
9l0viis4,"Ned Temko",1
ho2egy5e,"Neil Back",1
6wev0xoc,"Neil Cameron",1
k4ezfmye,"Neil Claxton",1
6719qldn,"Neil Dudgeon",1
6ijomlq7,"Neil Fitzmaurice",1
083fj9jq,"Neil Innes",1
whqzz1ih,"Neil James",1
bhpi1ypz,"Neil Johnson",1
dm345i2s,"Neil Lawrence",1
n3a773jo,"Neil MacGregor",1
tlobhh2h,"Neil Mallarkey",1
iepespf3,"Neil McDermott",1
2l2fuuoq,"Neil Mitchell",1
r8tqbfg8,"Neil Price",1
rpduj5b7,"Neil Ruddock",1
igg15rr0,"Neil Sammells",1
nl6q8rth,"Neil Shand",1
1emvgfxf,"Neil Stewart",1
s4ybcsuf,"Neil Warnock",1
6444dgsk,"Neirys Hughes",1
uxhb523e,"Neko Case",1
smdgmlbp,"Nemone",1
andlg42g,"Nerina Pallot",1
5z5t1kdc,"Nerys Evans",1
r0ipo1b0,"Nesrine Malik",1
kadw2pvz,"Neville Morley",1
cqdck11j,"Ngaire Joseph",1
bhjedrlr,"Nia Griffith",1
ihy0zcq0,"Niall Madden",1
mah0a0kc,"Niall Ouinn",1
i79ilsrd,"Nic Holas",1
r7z4vd2f,"Nichola McAuliffe",1
91mom4lv,"Nicholas Boyle",1
bm6ys2nx,"Nicholas Burns",1
ie1vyhoq,"Nicholas Cochrane",1
l39ljajn,"Nicholas Cronk",1
38smf4j9,"Nicholas Goodison",1
1y9n3k9b,"Nicholas Guyatt",1
yctx81g7,"Nicholas Horsley",1
nyzm8fug,"Nicholas Hoult",1
ivv4bxhl,"Nicholas Humphrey",1
0inksnn6,"Nicholas McCarthy",1
9sofzg08,"Nicholas Rodger",1
5sixlqjx,"Nicholas Roe",1
l5cu7o64,"Nicholas Shrimpton",1
hld165h0,"Nicholas Winterton",1
pku1ijd3,"Nick Adams",1
xx6lx86l,"Nick Atkinson",1
9ye3dd4z,"Nick Baines",1
n0vnij53,"Nick Bateman",1
oxjae2zb,"Nick Berry",1
kc8lxw0b,"Nick Boles",1
sj6zydsz,"Nick Bracegirdle",1
2unkphrq,"Nick Budgen",1
6wjsg4r4,"Nick Griffin",1
hxjfnpsr,"Nick Herbert",1
mmgubsb8,"Nick Hodgson",1
8k7sor8p,"Nick Jonas",1
l2povm2r,"Nick Keynes",1
x093ameb,"Nick Klomp",1
n7qwd73d,"Nick Lachey",1
s0osjd9m,"Nick McKim",1
8x0xz4bf,"Nick Owen",1
6d528qeu,"Nick Raynsford",1
bpygrwzf,"Nick Rhodes",1
tnundbjl,"Nick Rowley",1
0rteqeq4,"Nick Scott",1
31jvowse,"Nickolas Grace",1
vrnsc6og,"Nicky Harrison",1
75ks8882,"Nicky Ison",1
29d3nvyg,"Nicky Johnston",1
tum9va4d,"Nicky Morgan's handbag",1
dio8oahv,"Nicky Shaw",1
gore0zgl,"Nico Evers-Swindell",1
yydz64va,"Nico Hulkenberg",1
ofz2ja8u,"Nico Rosberg",1
r82fhf06,"Nicola Bown",1
z6okknu4,"Nicola Duffett",1
aoybnk6f,"Nicola Liscutin",1
12vn5pvm,"Nicola Minichiello",1
8385nwt6,"Nicola Sanders",1
m21vhhmh,"Nicola Stapleton",1
wwvaqb0y,"Nicola Tappenden",1
jrzm6jqn,"Nicola Wheeler",1
hxme2ggx,"Nicola Wilkin",1
iz60iv4z,"Nicolas Colsaerts",1
dy7m4uwl,"Nicole Cooke",1
orpkm28v,"Nicole Faraday",1
3hmjqsjz,"Nicole Russo",1
26hnhsbw,"Nicolette Fraillon",1
cftm72zz,"Nigel Benn",1
irkf7nyo,"Nigel Broackes",1
6v64yw1e,"Nigel Hamilton",1
p4l6967m,"Nigel Lythgoe",1
n7gctx36,"Nigel Marven",1
e7nmktb1,"Nigel Owens",1
w97uq8af,"Nigel Pivaro",1
mptg87vn,"Nigel Rees",1
4o97hane,"Nigel Reo-Coker",1
gujm7gm3,"Nik Rabinowitz",1
l0c2hyuv,"Niki Evans",1
g861d44m,"Niki Savva",1
4e283ds4,"Niki Vasilakis",1
9239hlw5,"Nikki Bedi",1
soksqxxs,"Nikki Chapman",1
uw4sipch,"Nikki Fox",1
329xp5uh,"Nikki King",1
e9r36rja,"Nikki Williams",1
t5roq3yd,"Nilaja Sun",1
viosbih6,"Nile Rodgers",1
kfau5phk,"Nimco Ali",1
mftyk3b9,"Nina Francis",1
3v35u3w9,"Nina Temple",1
5okfl313,"Nina van Pallandt",1
gmhmehbk,"Ninette Howard",1
h726k2vb,"Ninia Benjamin",1
7wzk5ckp,"Nitin Kundra",1
ge0o6imo,"Njambi McGrath",1
un06wof1,"Nkegbe Botsyo",1
doat9285,"Noah Huntley",1
cf2kw4sp,"Noah Wyle",1
mievicv8,"Nob Bonnet",1
q20085hl,"Noel Malcolm",1
igpuni47,"Noel Sullivan",1
ir1y753a,"Noeline Brown",1
1qa87ght,"Noga Arikha",1
hz3hqbw1,"Non Stanford",1
bemfqou3,"Noni Hazlehurst",1
s2akbu2n,"Nonny Williams",1
yhzggab6,"Norma Ronald",1
s2bfnpv7,"Norman Blake",1
c0r2sauq,"Norman Doidge",1
1f5aywhm,"Norman Housley",1
nfherk8l,"Norman Jay",1
njob5njq,"Norman Lovett",1
lfbc8anz,"Norman Stone",1
g6y7sae9,"Norman Wisdom",1
m26f4kmj,"Normie Rowe",1
7bl34fdt,"Nuala O'Faolain",1
zxus5usv,"Nyadol Nyuen",1
d5l36zwo,"Nyadol Nyuon",1
c1tq5tyu,"Nyta Mann",1
0hqjx014,"Patti Newton",1
ztytcbwz,"Peter Noone",1
0ybgkk4k,"Peter Norfolk",1
5paaj43c,"Philip Neville",1
6zo1d9u8,"Rabbi Norman Solomon",1
eixamyv6,"Rex Newmark",1
8lu7q9xr,"Richard Di Natale",1
xeveli31,"Richard Needham",1
s317s5ad,"Richard Neville",1
md18tdp6,"Robert Newman",1
1st9ulgq,"Shane Nicholson",1
oe4ejn0n,"Shimrit Nothman",1
zwde9x84,"Simon Newman",1
4qpvpns0,"Sir Paul Nurse",1
44evpfws,"Stana Nenadic",1
hp6t7uht,"Su-Elise Nash",1
546i2dcc,"Sylvia Nasar",1
7prq3luw,"Terry Neill",1
z0l9qugx,"Thandie Newton",1
5lq5uzg8,"Tim Neal",1
hwdxjjbt,"Tim Nicholls",1
h153icat,"Tom Newton Dunn",1
a7tuikbr,"Tracey Neville",1
7mpsjpl2,"Trevor Neal",1
irw78t0n,"Uttara Natarajan",1
mwljf4v1,"Virginia Nicholson",1
d7fsl3kd,"Wes Nelson",1
k9s6rqlm,"Yve Newbold",1
