vvgcg1oo,Melvyn Bragg,716
mtov1a5z,Bob Holness,532
t4r1ivmw,Barry Cryer,460
tn2a91cb,Tim Brooke-Taylor,443
j92v1p1s,Sue Barker,371
2fi0cnn2,Lynda Bellingham,321
m552j442,Jackie Brambles,317
u6qgsmzh,Barry Took,309
jlhj9gmd,Alan Brough,228
l2c0axys,Bill Bailey,162
b93y6vnu,Jo Brand,126
e7o1gtcv,Gyles Brandreth,106
9hgf4amz,Rob Brydon,105
funl9xzs,Marcus Brigstocke,105
k4ynw4wa,Bob Mortimer,91
m9jas0rx,Frankie Boyle,79
fcarckng,Brian Cox,79
t2vdoodq,Fiona Bruce,69
lqu3n4lu,Ed Byrne,68
j9nk18ol,John Bishop,62
jv4w409s,Hamish Blake,49
vj7g8edl,Rob Beckett,43
pyqgtpx8,David Baddiel,42
2t7xmn6q,Barry Norman,39
m2pllc47,Joan Bakewell,37
8kk9kqxv,Christopher Biggins,34
bmrxku03,Jo Bunting,32
sjvcpxhb,Tony Benn,31
l57v7nvn,Bill Oddie,31
yp8wx8lv,Margaret Beckett,28
eu9xnhsd,Bill Tidy,25
hte51vd7,Emma Bunton,25
h6o9xvx5,Kevin Bridges,25
zpj590rm,Karren Brady,24
zkbg1ia3,Fern Britton,23
27y8byz9,Rory Bremner,23
ikv6fsuk,Katy Brand,23
sas88cch,Clare Balding,22
z2hsca0r,Bob Mills,22
uheebfyu,Boris Johnson,22
9glurh4i,Michael Ball,21
cken57hf,David Blunkett,20
o1jxxatw,Beverley Callard,20
c5gl5oce,John Barrowman,20
4lzawlf5,Aisling Bea,20
mhn6jovu,Bradley Walsh,20
8b83ajav,Danny Baker,20
t1g5imsm,Ben Miller,19
rsd93cn6,Brian Blessed,18
vln4g78a,Beverley Knight,18
2nlejb5v,Barnaby Joyce,18
yt4t1xp8,Kelly Brook,18
8osc35ur,Alex Brooker,18
ptmo2wjv,Cilla Black,18
a004yyt8,Bill Shorten,17
a7y0buzm,Charlie Brooker,17
h3jvd5mj,Jason Byrne,16
4vvk3v0o,Brian Conley,16
cq066ct3,Malcolm Bruce,16
79obsaor,Melanie Brown,16
nshmb3ef,Chris Bryant,16
s58xt1cz,Robin Bailey,16
rpplxf6m,Bridget Christie,16
6jzole13,Kenneth Baker,15
kkagp8c2,Ben Fogle,15
9adh28pj,George Brandis,15
lyhqj9gj,Russell Brand,15
0pieout7,Jennie Bond,15
og8l7e2v,Tony Banks,15
xlgrf8k6,Mary Beard,15
2f1nzrjr,Zoë Ball,14
l2nlnoss,Dave Berry,14
4yfnoz60,Billy Bragg,14
dzo497jr,Bel Mooney,14
shclqt0l,Alan Beith,14
w3ys941t,Tony Blair,13
pali8hyz,Bernard Cribbins,13
n8fubkkv,Christine Bleakley,13
4yuzqr39,Barry McGuigan,12
ii4d99on,Paul Boateng,12
rnu4f62i,Amanda Barrie,12
bkbqocds,Chris Bowen,12
l9dxrh30,Sanjeev Bhaskar,12
wiig4cwi,Gordon Brown,12
exfyytuy,Julie Bishop,12
fbxgl1ec,Brian Sewell,12
qv2s2rhk,Bryan Gould,11
rd0ds2hm,Hazel Blears,11
1j1ht9qy,Tony Burke,11
vj70vg71,Adam Buxton,11
qgmnota2,Jonathan Bate,11
abacokut,Anthony Berlingeri,11
88jn81u8,Ben Bradshaw,10
cx7fjuj3,Drusilla Beyfus,10
4wnhni21,Dinah Birch,10
remjgzbd,Brian McFadden,10
u2hn2gk5,Amira Bennison,10
l3qwywbu,Kathy Burke,10
twwcraft,Richard Bacon,10
6uqwlgfv,Bernie Nolan,10
kb7br2of,Stephanie Beacham,10
e92t4t3i,Rosie Boycott,10
zz4xtt8j,Bonnie Greer,10
xkrw649n,Andrew Burnham,10
5x3slix2,Anton du Beke,10
wddjqzq5,Alfie Boe,9
w48zn6cf,Virginia Bottomley,9
becwnhsl,Robert Bathurst,9
7cfmed1k,Ben Shephard,9
qw17f42h,Lucy Beaumont,9
nzjlb6or,Peter Bradshaw,9
r4i9834v,Boris Becker,9
0qb7ja28,Bobby Mair,9
9mr5zyt8,Beverley Turner,9
ynebho4z,Michael Bolton,9
v1gu4vsc,John Biffen,9
n7b10tzf,Roger Black,9
1z14i3ky,Brian Dowling,8
xv8o8xgj,Edith Bowman,8
cnv269x1,Jeremy Black,8
0tldhorj,Tony Blackburn,8
w2m5qu13,Angela Browning,8
1rlvy9at,Leon Brittan,8
3nar73wn,Mark Butler,8
27g5s77i,Angela Barnes,8
d1au4cv0,Jim Bennett,8
m5y1jvbd,Bruce Forsyth,8
niu331uj,Richard Briers,8
7hoy8pie,Kathleen Burk,8
i6hyr6mk,Brendan Cole,8
wzkl3ced,Frances Barber,8
5z85nsny,Ben Elton,7
rtmeig4x,Charlie Brooks,7
6hf6p78p,Michael Bywater,7
qcn04i6k,Boy George,7
18zbo0fb,Tim Blanning,7
kuqv5wqd,Brooke Vincent,7
w9ysud9a,Ben Jenkins,7
hbemn8om,Nick Brown,7
1k8hj96i,Lionel Blair,7
fpueh90c,Norman Baker,7
7far79yb,Frankie Bridge,7
nw2oky6n,Hilary Benn,7
apw4lnya,Raymond Baxter,7
k5r8a9zg,Patrizio Buanne,7
6skz3jvs,Ann Burdus,7
jn4owd3v,James Blunt,7
7r9mq6up,Rhodes Boyson,7
bmq75zmz,Jackie Ballard,7
uye1bfdt,Barbara Castle,7
r1ihu4hn,Barbara Dickson,7
buuy9fbm,Dominic Brunt,7
vkg1szzl,Bobby Davro,6
cjfqfqrv,Barbara Kellerman,6
odn7n35i,Bryan Forbes,6
du5xj8dc,Duncan Bannatyne,6
spu3rctm,Barbara Kelly,6
fc4nhixg,Barbara Blake,6
9ogitb6c,Lethal Bizzle,6
w505n70n,June Brown,6
bp5k0ezt,Benjamin Zephaniah,6
qyglandk,Bobby Ball,6
tnbw1f3m,Honor Blackman,6
7mwq5l6k,Frances Bennett,6
ceabu1ek,Andy Burnham,6
8zd41h9x,John Bird,6
1es4qv40,Brian Mannix,6
w7eajh5g,Rusty Berther,6
d93me3wo,Sarah Beeny,6
dyt5wqyu,Beth Tweddle,6
nj5glg51,Jonathan Biggins,6
4e42n86e,Tim Barrett,6
flhcb6y6,Bob Carr,6
7lqhz8e9,Tessa Blackstone,6
vvf9tt4c,Terence Brady,6
hdf7d144,Jeff Brazier,6
3pk768os,James Burke,6
h101z71i,Chris Barrie,6
2gd8hh8v,Sir John Betjeman,6
nux420y4,Brigitte Nielsen,6
pqa1fzgz,Ed Balls,6
q2nayvqs,John Banham,6
y8iaroom,Warren Baker,6
jtjqjjtx,Janet Brown,6
9rmmlrlh,Bernard Jenkin,6
m1s10b9e,Mark Butcher,6
wype9yfk,Ben Richards,6
h3pmy6xk,Nicky Byrne,6
pkjd0gi6,Alexandra Burke,6
awpz1o8f,Jeremy Browne,6
ednrsyr1,Cheryl Baker,6
m7x5pms0,John Bercow,6
3ginxxb0,Beatrix Campbell,5
tjvc7r70,Bob Marshall-Andrews,5
zqg2tlj1,Annabel Brett,5
0nntrnkr,Colin Blakemore,5
f6tm75jf,Dane Bowers,5
93yxsc1l,Chris De Burgh,5
ltnk2jj3,Ben Goldacre,5
nslskbz5,Barbara Taylor Bradford,5
i937ty7p,Peter Bottomley,5
0rtfor0y,Brian May,5
0nr501qq,Bill Deedes,5
otjasyul,Isobel Black,5
5nokzzc8,Brad Friedel,5
zw0w065h,Stefan Booth,5
g7cxyl1d,Brenda Dean,5
wl8uygfk,Samantha Bond,5
6yo1rvfx,Julian Baggini,5
6u2qjhij,Chris Bisson,5
piei1ueq,Heston Blumenthal,5
h598vrkj,Betty Marsden,5
uugvdtpi,Bob Crow,5
ckyw4la2,Denise Black,5
sy2sdgn0,Dane Baptiste,5
vkzzu32n,Bob Katter,5
lv2iazaj,Bruno Tonioli,5
u8taz6ci,Michael Buerk,5
tlyx4fr2,Bradley Simpson,5
f9da50u9,Bruce Anderson,5
gebc54zt,Lionel Barber,5
2jlucyk1,Richard Branson,5
nddetxdw,Sam Bailey,5
ban1a166,Tina Brown,5
vv8h9cri,Rodney Bickerstaffe,5
rqnvspff,Brian Johnston,5
uaunb3ej,Martin Bell,5
rt07odv5,Mary Berry,5
p25a12lx,Stephen Bowman,4
5m1m5251,Robert Burchfield,4
vxipltun,Connor Ball,4
s0fwa0k9,Bernard Braden,4
gxzmmwj9,Billy Murray,4
5j78u9xm,Patricia Brake,4
bf2hph6f,Simon Le Bon,4
nyuwr3wk,Malcolm Bowie,4
cleodxwk,Ben Price,4
3l9udkdq,Jonathan Biggins,4
94jaxrap,Brian Mawhinney,4
jvfs4j03,Steve Backley,4
7fsuisyj,Cory Bernardi,4
w61idsqb,Raymond Blanc,4
lb3zqjpq,Barry Foster,4
avcq822p,Bob Brown,4
apj9gom4,Brid Rodgers,4
cjbxzhwr,Ashley Banjo,4
kn7y24x5,Bonnie Langford,4
emjv9pru,John Barrow,4
tv1xvwll,Karen Barber,4
i3veo7hh,Natalie Bennett,4
v0x98ygf,Brian Greene,4
ewuv4i03,Peter Berner,4
3vqsxv5m,Alexandra Bastedo,4
ozvrcoxg,Bernard Levin,4
tfhck03l,Amanda Byram,4
n4w65wfc,Bill Buckley,4
i5xgiz29,Katy B,4
kwtbxuqx,Casey Bennetto,4
mv7hs8xc,Tom Baker,4
wbqgy0rh,Simon Blackburn,4
kmh6elds,Rosie Barnes,4
tz6pw08q,Urs Buhler,4
h8eha5o5,Bridget Rowe,4
t6xj30lm,Asmir Begovic,4
f7iyqe7m,Brenda Maddox,4
p30djym1,Alistair Brownlee,4
u4g7o88k,Andy Bell,4
1ofpyop4,Ian Bleasdale,4
4xcte17a,Oliver Baines,4
ye2dcywy,Louise Bours,4
oo7xp8de,Bear Grylls,4
v58ro4o9,Jimmy Bullard,4
i0oci9rv,Bob Monkhouse,4
6842or3s,Lucy Benjamin,4
0rpzyncz,Mark 'Bez' Berry,4
5c352n6d,Danny Bhoy,4
ksthpqcm,Blythe Duff,4
jwtu1q03,Belinda Carlisle,4
q49ld4hs,Tony Britton,4
14nf7p9g,Bonnie Tyler,4
0jat6b57,Glynis Barber,4
lx70n2wd,Bernard Ingham,4
13lnhyr1,George Benson,4
oxqbx0dg,Angela Browne,4
76u8v3dm,Rob Buckman,4
1r125nr8,Ben Norris,4
8w27giak,Beccy Cole,3
f27tagis,Brian Turner,3
2dojt1m8,Claire Brooks,3
d78fezow,Angellica Bell,3
ccamuv4r,Ben Adams,3
cw5wxjpr,Vicky Binns,3
sd61h7y0,Jocelyn Bell Burnell,3
bu3x6ndg,Camila Batmanghelidjh,3
qhewh34w,Brian Moore,3
j64bog9e,Clare Bowditch,3
7ib8rk7e,Michael Brown,3
59xzioyx,Darcey Bussell,3
9mcayvdz,Alice Beer,3
89yyavw2,Richard Blackwood,3
u3jw0sdg,Professor Catherine Belsey,3
0kvfpevl,Fern Brady,3
dw3dry7c,Jeffrey L. Bleich,3
38krr3di,Tania Bryer,3
keb2dqp7,Max Beesley,3
f9zchx62,Michael Billington,3
fhnvu0a0,Fran Brearton,3
xltxx9ad,Jason Biggs,3
kr1jdg09,Bettine Le Beau,3
j2mapkvs,Jamie Briggs,3
t7su0owb,Adam Boulton,3
2czgxtm7,Max Boyce,3
3o6bobkz,Katie Boyle,3
dsznpekv,Barry Smith,3
xb47c463,Susie Boniface,3
5d7577dg,John Barnes,3
xixlb5el,Brian Friedman,3
3liwmnww,Keisha Buchanan,3
zczgn0gy,Isobel Barnett,3
taybsq84,John Barron,3
0dlwjkya,Sue Black,3
as56ms52,Tom Ballard,3
66tzv6vy,Henry Blofeld,3
5dv07g8j,Barry Fantoni,3
06bte3rh,Anna Burke,3
6pcz7kn9,Faith Brown,3
nlm288vg,Becky Tinsley,3
ep0rgd2d,Ben Kay,3
b2dxgeve,Johnny Ball,3
3t0v070s,Bianca Jagger,3
7j1ggbhy,Mark Bright,3
2ez6rxe4,David Basnett,3
ys8ros5z,Rebecca Barnard,3
wqnfustb,Caprice Bourret,3
o7s9sw27,Charlotte Bellamy,3
laisofsq,Isla Blair,3
xnaid2dz,Amelle Berrabah,3
90s5k3ab,Brian Paddick,3
zafh7ioh,Julia Bradbury,3
s3znq6je,Lauren Booth,3
o2h3355l,Stine Bramsen,3
ttmi9cj2,Michael Brandon,3
g290e2n5,Brian Wilson,3
8x9qd4ik,Brendan O'Neill,3
c8cdtu81,Bill Morris,3
llmqf503,Des Bishop,3
qp8um316,Alistair Beaton,3
d3eqyiwg,Philip Martin Brown,3
uu34nofb,Britt Ekland,3
oh2u5vsr,Danielle Bux,3
zcbos8vv,Linda Barker,3
7zm4a62i,Barbara Roche,3
iu3nqy0s,Beatrice Han-Pile,3
45i9j8dp,Bruce Dickinson,3
rzed1efw,Rhonda Burchmore,3
mgbkhr66,Liam Byrne,3
083tggso,Jim Bowen,3
0ov42z95,Gary Beadle,3
5ftmgqwa,Jean Boht,3
456fvaer,Adam Bandt,3
k6dm1fxt,Vicki Butler-Henderson,3
63w0htwy,Bette Midler,3
i5zadb3f,Anna Bligh,3
4t1nnl7d,Kyran Bracken,3
30rt134h,Barry Humphries,3
7xfow9sp,Brian Schmidt,3
k50ysuy2,Barbara Murray,3
lmassjua,Mike Broers,3
yq79z02c,Benni McCarthy,2
ko6x1pvr,Andrea Bocelli,2
ygbejihg,Benazir Bhutto,2
n3ouxzf3,Morwenna Banks,2
fncwg37c,David Brown,2
hjhn5p7e,Barbara Amiel,2
eciixcwi,Bronwyn Bishop,2
zzj67mce,Doc Brown,2
ssv3t9p8,Charlie Baker,2
08xdps02,Liz Bonnin,2
ioia8ej6,Justin Burford,2
2rfr2165,Kamlesh Bahl,2
k3136fmz,Cyrus Broacha,2
hc254qfs,Ben Ofoedu,2
2v0cryy3,Huw Bowen,2
8cwciia4,Professor Quentin Bell,2
xoosiint,James Beattie,2
2rpk5iae,Baroness Castle of Blackburn,2
t6hoho5f,John Baddeley,2
nwfqjmu4,Van Badham,2
ot97xcux,Stephen Bayley,2
gmtvm8pu,Sandra Bernhard,2
dnpqm6py,Jessica Benton,2
vgkimzup,Jeremy Beadle,2
k3pc8b49,Bruce Kent,2
510x57ul,Judy Bennett,2
mpl4alqc,David Bentley,2
5ovzrrbh,Adam Bloom,2
1hsiw8kq,Christianna Brand,2
26b1hemq,Humphrey Burton,2
kyoo21kf,Brian Souter,2
xzdwyed9,Sir Rhodes Boyson,2
0hvlut8s,Chris Bonington,2
po7bsm0q,Joey Barton,2
bzct5spy,Susie Blake,2
urcft0x2,Billy Ocean,2
dncemckk,Billy Zane,2
busnkmll,Brendan O'Carroll,2
2qzhj4vf,Myra Blyth,2
qv4406yo,Rusty Bertha,2
a8faw2uo,Michael Birkett,2
6hbs93aq,Anders B.,2
wvs9g0y0,Arj Barker,2
6h0s0nbo,Rabbi Lionel Blue,2
sldzyjmp,Colin Barnett,2
3cozwda0,Bruno Langley,2
2ycype3f,Drew Barrymore,2
0mldo92l,Calum Best,2
qvadahv1,Rachel Billington,2
792earzj,Helen Bond,2
z64iqvy9,Edward Blishen,2
3cmiu17l,Jeremy Bowen,2
h21pt9wd,Charley Bagnall,2
uhpyyfo6,Lynn Barber,2
ne1sclbr,Julian Burnside,2
i9hu1ace,Billie Piper,2
ku1d61p4,Ben Brown,2
avmw8ykq,T. C. W. Blanning,2
ewwc23ca,Tanya Byron,2
nk98d7n7,Nick Baker,2
nwlgj2xm,Tamara Beckwith,2
wxpwew06,Brian Littrell,2
heqzxhih,Simon Birmingham,2
f6kr2a57,Ben Ainslie,2
m8t9ojyy,Andrew Bolt,2
fvkoi4lv,Bruce Jones,2
f05w6g7u,Terri Butler,2
5rectlx2,Alex Bellos,2
rqjjvuyd,Bettina Arndt,2
7ylagd25,June Bolton,2
r2b47pjv,Lydia Bright,2
8t74w7wn,Conrad Black,2
wvbly28h,Brian Butterworth,2
l85k748u,Frank Bough,2
6jy10xvy,Anna Burnside,2
bfque3ek,Kevin Bishop,2
8pfv8e6u,Richard Bowring,2
g70hz838,Serge Betsen,2
16s3d7z4,Steve Brookstein,2
ietq5h64,Belinda Emmett,2
sj582l0c,Bruce Trent,2
fnczw8xk,Andy Brown,2
erdz8azs,Jock Bruce-Gardyne,2
eri1vgfk,Emma Barton,2
trkqqxyl,Michele Brown,2
6whrpwm5,Jean Barker,2
d4hm7s2j,Brenda Edwards,2
c59k2og7,Sarah Blasko,2
g8ojadzt,Sally Bercow,2
2aec7b77,Christine Blower,2
595z4p1l,Peter Brough,2
toffugwn,Bill Jordan,2
h77bm1uw,Ken Bruce,2
7jhicm3z,Marc Bannerman,2
arfib3bb,Simon Brett,2
69c03337,Brian Cadd,2
x8dvrzrl,Hannibal Buress,2
08pg5oel,Brian Eno,2
qbwj44ki,Brent Kutzle,2
73fhy786,James Bolam,2
a08xuz2w,Tim Bresnan,2
yzod8g1b,John Bowen,2
epw7e3lv,Philip Ball,2
4wvwt4oy,Clemency Burton-Hill,2
r45oufvp,Brett Kahr,2
p6mc0jtf,Richard Baker,2
eyatt9e0,Alexander Broadie,2
r0i9cs5r,Brian Redhead,2
ydi83xxg,Des Browne,2
7wgyq6fd,Ian Botham,2
omvjap5z,Baroness Brinton,2
ykcr09nr,Bridget Rosewell,2
xtj60ueq,Bill Simpson,2
zlulz6q7,Michelle Brown,2
4fhc2see,Alan Bennett,2
d4fwfm1x,David Bridie,2
hl2880ti,David Bradshaw,2
83slutk4,Jessica Brown,2
9ep34gxe,Michael Bates,2
607nfxdp,Brendan Sheerin,2
j2591r21,Gary Barlow,2
j9f1bd0z,Alain de Botton,2
qgdmqisp,Brooke Kinsella,2
38gcv4rg,Michael Bentine,2
qd1j45st,Stephen Blundell,2
wb37jn4j,Bronwen Maddox,2
ril8pwqq,Joel Barnett,2
r7kdyr5q,Bryan Marshall,2
emun4q19,Mary Byrne,2
jizh0euh,Bernard Hepton,2
t9jh41jy,Tara Blaise,2
92qabysf,Don Brown,2
c9sndy50,Viv Benjamin,2
rabfr4t3,Lord Charles Brocket,2
0gfn8cvf,Dr David Butler,2
yntnb4mr,Ben Cohen,2
1izbnl5w,Barbara Wootton,2
er3ia15e,Rachel Bowlby,2
m9avpti1,Alistair Barrie,2
5w9vpz1s,Lucy Bartlett,2
rq50yer3,Sarah Badel,2
ujuqcm7j,Jeremy Bullmore,2
xx2nbz5w,Linda Burney,2
6lmj2rg7,Sarah Brightman,2
famubijp,Brian Taylor,2
ihjgwfeu,Martin Brundle,2
t4cb2ymy,Bill Turnbull,2
s0mfbpap,Richard Beckinsale,2
3hbjo05p,Lisa Butcher,2
2rpq1i7h,Matt Burke,2
0fjbcfwr,Simon Biagi,2
gs61hdxb,Jeni Barnett,2
b6xbwcno,Brian Wolfson,2
z9jn3cfe,Melanie Blatt,2
e4evozmp,Debra Byrne,2
m8qq8uac,Barry Cunliffe,2
sbc8ov98,Ben Hanlin,2
8z1ctbj9,Little Boots,2
5t6t2zxf,June Barrow-Green,2
yptqj669,Rob Bonnet,2
fdccpljd,Zinzan Brooke,2
5t5xfilp,Brian Molko,2
5ms3c1yb,Bonnie Angelo,2
8sgaiqsm,Angela Baker,2
9bc9r4da,Stephen Baldwin,2
e1jz9j4p,Basil Boothroyd,2
pgfcxpmu,Libby Brooks,2
1cvy59gn,Lalage Bown,2
5nnrt4zy,Ruth Badger,2
zopjpmbn,Barbara Switzer,2
7nub1puu,Ben Thapa,2
4ek9ey8x,Felix Buxton,2
i72rggvu,Shane Bourne,2
a9p8alpe,Janey Buchan,2
r63bo82o,Ann Bell,2
jnano5b9,Helen Beebee,2
q6w2qre7,Stephen Baxter,2
ds1hvtj5,Richard Bradley,2
qr65cwle,Michael Brunson,2
vk1uvfqu,Karan Bilimoria,2
71hqlc6t,Mutya Buena,2
4iy3lc9f,Mike Benton,2
lxzwwqon,Lynda Baron,2
gnfgsxv1,Peter Beattie,2
20uex6ln,Simon Bates,2
vuj6h7mh,Brian Harvey,2
phytjakd,Steve Backshall,2
yblw16ni,Jesse Bering,1
qadvogi7,Bob Geldof,1
aha7aqdf,A.S. Byatt,1
ir352ygq,Jane Bonham-Carter,1
1wgg22qv,Catherine Belsey,1
z0c30iub,Samantha Beckinsale,1
us6cek6r,Philip Bailey,1
0vim2pts,Peter Beardsley,1
zqzmp0du,Tracey Barnard,1
zh4oxji1,Hartley Booth,1
xr9bta1l,Colin Byrne,1
v70o89xz,Pete Burns,1
beeznc9b,Peter Brooke,1
g3b3b4av,Monica Bradley,1
c1k09owo,Greg Behrendt,1
h550csp2,Veronica Brady,1
o4s0vll2,Chris Baldick,1
gwjglx9o,Cerrie Burnell,1
4eevbife,Zanny Minton Beddoes,1
w4zbm3v2,Alistair Burt,1
91mom4lv,Nicholas Boyle,1
rohe834d,Sally Bee,1
9bujn9rr,Bruce Billson,1
ejo3go6f,Graham Bell,1
2uyku25h,Matt Bowman,1
hr3f6bs4,Julie Barrau,1
irkf7nyo,Nigel Broackes,1
dpp3vd48,Belinda Carroll,1
l9m3k4gp,Garry Bushell,1
4var9eo6,Bernard Weatherill,1
soy30d3c,Bill Leak,1
2is65ej1,Steven Bramwell,1
zjbri8nn,Beverley Craven,1
zp4h14c0,Grahame Bulfield,1
fc76akfw,Boothby Graffoe,1
t5dlx7gf,Professor Barry Marshall,1
qqzzr2ja,Brad Simpson,1
wvmigruz,Eddie Butler,1
x9k0kf6c,Basshunter,1
7t9jzr8f,Joe Brown,1
bdlf4eaz,Bill McKibben,1
sj6zydsz,Nick Bracegirdle,1
p82xjrzq,Brandon Block,1
3o7jz8an,Billie Jean King,1
n62a6385,Bharti Patel,1
n427h2ta,Clairy Browne,1
puk5c0p5,Bill Heffernan,1
k0f6yttg,Beryl Platt,1
jj1p6l65,Emma Barker,1
xzbl90wr,Professor Sarah Bridle,1
w3obslvp,Stuart Bingham,1
27iwufe9,Carol E. Barrowman,1
zt8gl480,Robert Beck,1
1470aobh,Tom Bradby,1
x302a2v5,Baroness Trumpington,1
bwp6pmmp,Brendan O'Connor,1
z8kyna4s,Elizabeth Bruton,1
mskmaozn,Brean Hammond,1
i8b4zx8v,Paul Binski,1
986c0gst,Barry Jackson,1
7s5xec3s,Brian Belo,1
3rnrxinr,Bob Owens,1
9d9jak3m,Christopher Brookmyre,1
80hls3qd,Holly Bleasdale,1
tmhz4o19,Blanche d'Alpuget,1
rgqya6vj,Jocelyn Brown,1
3gnmbyfn,Bob Ainsworth,1
a6bwz3b1,Robert Beatty,1
974vuap6,Brian Ritchie,1
8aon7rw3,Jo Breezer,1
yifxazmc,Michael Carl Bryan,1
zl821hbj,Michael Bloomberg,1
1ebvq12r,Bea Campbell,1
gkkq4xw1,Lee Boardman,1
3kngsk8o,Marc Baylis,1
vjvwrb2x,Chris Berg,1
mcvlr402,Virisila Buadromo,1
rcvl241p,John Barclay,1
lro72ghi,Dave Bassett,1
gf141aag,Brandon Lewis,1
w4ij891s,Brendan Burns,1
lj3vxytt,David Bull,1
db5ezfli,Ben Inman,1
o0m6ysfk,Lucy Brown,1
hnzuq7zt,Suzanne Burlton,1
3rj7xu48,Jonathan Betts,1
75cb0x6f,Michael Bentley,1
hi3w5t02,Gerry Beckley,1
ufic02m4,Ben Hull,1
crwouf4n,Malcolm Barber,1
3d982c1s,Ben Fordham,1
gd39y9cq,Bassem Youssef,1
1dmmr9d3,Brett Solomon,1
m3bv9eup,Matt Baker,1
jo4sm7vg,Constance Briscoe,1
vd825i96,Eldad Beck,1
tg11mq4g,Bess Price,1
jlx0uzst,Boris Berezovsky,1
ydua5wk6,Mark Bonham-Carter,1
7srh9f3u,Pik Botha,1
0fzg6pjo,Frank Bruno,1
jbtaduyp,Asa Briggs,1
xu2ton8f,Brooke Magnanti,1
n0d5dbdk,Ben Youngs,1
xjerjiez,Prew Boswell,1
s2bfnpv7,Norman Blake,1
jwurpxan,Lucy Beckett,1
xjmb20ph,Linden Brownley,1
vqgwefjh,Moo Baulch,1
9skvvyyi,Billy Field,1
2lp7a2lb,John Brooke,1
28egi2yq,Stanley Booth-Clibborn,1
7wt32nnw,Mike Brady,1
5y6jtrag,Geoffrey Boycott,1
dkqe1c5p,Blak Twang,1
u6phdiza,Bruce Byron,1
drt2ckxy,Terence Beckett,1
mwbrwjf7,Jan Berry,1
z3l44iwv,Beth Neilson Chapman,1
qo3vdp5r,Bonnie Wright,1
7ydxhson,Baz Bamigboye,1
i4lh5jqp,Bob Cronin,1
iexm02er,John Della Bosca,1
q5v6rprt,Emma Boon,1
jl0ncx5l,Robert Buckman,1
oxjae2zb,Nick Berry,1
up7blc2y,Brooke Fraser,1
ju2xhvqn,Victoria Barnsley,1
tmy2s4zb,Bashabi Fraser,1
jocfyxzv,Laurie Brett,1
mo3qao8n,Mike Beaney,1
3yder4a2,Bernadette Robinson,1
g7lh01h5,Barak Kushner,1
fve4r8fl,Billy Idol,1
xhq1g3cs,Alexandra Buggs,1
b2sch8ka,Philip Bull,1
mcri44nv,Ben Brooks-Dutton,1
06syzmz1,Mike Baird,1
zrfrpfhq,Jamie Baulch,1
1gu98t7g,Guss Brooks,1
u85tf5nd,Brendan Courtney,1
5qyuvx5e,Julian Barbour,1
njykwbh6,Candy Bowers,1
5l9ie25u,John Bolton,1
ealil2kh,Philippa Browning,1
s37riady,Luca Belgiorno-Nettis,1
86aj6kut,Thelma Barlow,1
peggu28c,John Bishop,1
kk68iig6,Bill McGuire,1
5wbsmz60,Becky Downie,1
z0nnwawy,Ray Burgess,1
4wg9rpo0,Ozwald Boateng,1
og6yjiw1,James Brown,1
aok86nsc,Betty Boo,1
yf2jj7pq,James Bourne,1
pgs7qbn1,Bill Mackenzie,1
gajmvksp,Richard Burns,1
vh7mujd0,Professor Malcolm Bowie,1
0h8c6uv6,Ashleigh Butler,1
z9rd8jqz,Gillian Beer,1
apooluxy,Blair Worden,1
y4eaei6q,Caroline Barnes,1
csvhhcc5,Dave Beasant,1
bw52xanh,Ruth Bratt,1
6hf5tdrr,Jane Bussmann,1
svch68wy,Sarah Baxendale,1
mpqvexdn,Emily Browning,1
msvt5uj0,Luciana Berger,1
wi5lomrv,Boyd Hilton,1
8ur4046v,Steve Bell,1
zba447q9,Eddie Brill,1
it0wsrph,Micky Bartlett,1
18di72lr,Jimmy Barnes,1
qgp5nij1,Mary Baker,1
qbqc4ipy,Claire Bayner,1
wg36kfss,Charley Boorman,1
wke75igd,Brendan O’Connor,1
kckip70g,Bobby Gee,1
cftm72zz,Nigel Benn,1
uzhin1t5,Billy Connolly,1
70g8ojpg,Billie Whitelaw,1
pzrrzi2e,Tino Best,1
xu4yzlab,Frank Brennan,1
7q19leu7,Sam Brown,1
z890kvb6,Brian Ritchie,1
pn2nelg7,Michael Bublé,1
8y5w9zg9,Bruce Woodley,1
ybytvle7,Brad Hooker,1
v8ziybgk,Tim Blackman,1
cj6wix0m,Margaret Boden,1
e4j0xfns,Bob Bozman,1
i8nukfqe,Benjamin Northey,1
b7wvq7vc,Sir Barry Cunliffe,1
9jzgcx3n,Toni Braxton,1
qyzcox71,Louise Bagshawe,1
dcervjqu,Dannielle Brent,1
y2neiu60,Luka Bloom,1
18bgb68r,Barry Crocker,1
zz7c2ttn,Marcus Bentley,1
g6eggp76,Françoise Barré-Sinoussi,1
yep3a4cb,Brett Goldstein,1
9ludllq8,Jessica Berens,1
blh3fyvr,Dan Biggar,1
8prp1atj,Boss Burns,1
c7kavggq,Iain Banks,1
s8dinvd0,Jadene Bircham,1
pd8jokqq,Laura Bassett,1
0pyq3q20,Bronagh Hinds,1
lm7nlz6x,Bill Amos,1
hau4fgyy,Tom Binns,1
k9skruyz,Siân Berry,1
4okbenog,David Bradbury,1
9zv6ghws,Bill Emmott,1
qiavqfd2,David Blanchflower,1
5wwqoh6g,Sister Bliss,1
jg4w8sdq,Angie Bowie,1
7bp44fov,John Burgh,1
bn6v0ieg,Stuart Blanch,1
clamg0x3,Ben Mingay,1
87ongj7b,Tommy Bowe,1
j7gknto5,Scott Brennan,1
uacgh1ry,Bryan Robson,1
ptc4krwz,John Blair,1
cn4kn39c,Scott Bakula,1
pc83zj8d,Errol Brown,1
a90kpnnh,Chris Botti,1
swx9w3sc,Bill Gates,1
0qzkrqn6,Professor Homi Bhabha,1
3s9lq8zb,Keedie Babb,1
y6oh49lz,Betty Boothroyd,1
refc3ktk,Belinda Jones,1
1lhacs9u,Vicomte Bernard de la Giraudiere,1
a4zfycy7,Matt Berry,1
e6ckdy1m,Bryan Adams,1
qt2m94nf,Antonio Banderas,1
9tsmikkf,Boyzone,1
d8lthlet,Rohan Brooks,1
l2lgk32o,Ben Haenow,1
ir1y753a,Noeline Brown,1
0oulgz09,Tim Benjamin,1
0sartygf,Ian Blair,1
p9oj1hz2,Erin Boag,1
vmt6dwow,Bill Hayden,1
1wcjm9pw,James Buckley,1
5stvl318,Carlos Bernard,1
h726k2vb,Ninia Benjamin,1
4czqqh1e,Ben Volpeliere-Pierrot,1
ay3a70nc,Lisa Barbuscia,1
wtfkubrl,Kate Barker,1
8qeaeauy,Dr Ben Marsden,1
k4seu1an,Vika Bull,1
9jn7i4wr,Kelle Bryan,1
hr09ytjo,Simon Burns,1
lv606hv1,Michael Bogdanov,1
08cs7a0g,Belinda Neal,1
1wqe4n80,John D Barrow,1
1034kewz,Tom Burlinson,1
i8socbvv,Leon Barron,1
dukod0ar,Saffron Burrows,1
5v9eug6z,Khali Best,1
9uo7ab5t,Mark Bouris,1
5etacc3t,Tina Barrett,1
ibzr9bjy,Sidney Blumenthal,1
4aewk1yk,Banjo Duo,1
oks2ikbl,Linda Bellingham,1
5g6sx3mm,Beryl Reid,1
qvpsxob1,Barbara Stocking,1
ce1ocooe,Rory Best,1
9b7dj6td,Josef Brown,1
oc0vu57n,Beth Fulton,1
yjbhypmr,Trevor Brooking,1
phcyh3xh,Billie Faiers,1
lqbklocp,Beatrice Heuser,1
l07jm04a,Ray Buckton,1
w3fg06dz,Belinda Beaton,1
oh6m4b94,Brenda Blethyn,1
mb0f642k,Chris Bailey,1
qpfhyg6w,Karin Bowie,1
oigv71xv,Jenson Button,1
cs5wm8y8,Teddie Beverley,1
spberwqa,Harry Bennett,1
cj6pp1o7,Conor Burns,1
5oftijrc,Allan Border,1
4c3q5p67,Sanjoy Bhattacharya,1
itulafh2,Marion Bartoli,1
e5i6ebc3,Michaela Breeze,1
gcmauocq,Tom Bell,1
g0aruzzp,Bill Beaumont,1
gvz8cd72,Chris Baker,1
y8curdl3,Bruce Hawker,1
oc9kko28,Bobby Fox,1
7cb5hl0z,Deborah Bull,1
n02xp6lg,Vera Baird,1
buajz0km,Elizabeth Boa,1
zweuyjw7,Ben Clark,1
lvms1hnq,Beau Lotto,1
l3k3of2e,Charley Bagnell,1
yqq0plz0,Barry McGuire,1
a5bw35vr,Bob Ayling,1
mqe4uh7t,Graham Bradley,1
o2qo1ghm,Raef Bjayou,1
gqp6wob9,Eric Bristow,1
13k352bq,Brett Kelly,1
r39dhoaz,Wes Butters,1
h5snq1al,Grahame Bond,1
5aywwudj,Jimmy 'Five Bellies' Gardner,1
gzb0y415,Simon Brodbeck,1
jpnnksdr,George Beccaloni,1
jcp10mb7,Barbara Follett,1
m16fz12f,Caroline Barron,1
rxv50dud,Lynne Bretonn,1
0erl3c2d,Bates Gill,1
dfumqcy2,Brian Rix,1
pxogdsrq,Bob Ellis,1
ctppij51,Alison Broinowski,1
9tnezaoo,George Bernard,1
0vl6ztxw,Bernard Donoughue,1
r82fhf06,Nicola Bown,1
ukico601,Mary Bousted,1
r2zx25e4,Robert Charles Bryan,1
e3f2tprr,Becky Measures,1
571a0kgb,Wally De Backer,1
6n05c0pj,Richie Benaud,1
3h7paj7o,Michèle Barrett,1
34xxp97a,Jon Butterworth,1
j6nosik8,Tom Basden,1
y981mgbi,Bernie Grant,1
7bljmphq,Robert Black,1
k4b45gi4,MyAnna Buring,1
9hc2wxro,Charlotte Bingham,1
rt9k0clh,Benedict Cumberbatch,1
ft4l9kun,Beth Hart,1
hpi61vy1,Johnny Briggs,1
l9re6hvl,Clare Bowditch,1
mievicv8,Nob Bonnet,1
5tgywv89,Peter Bazalgette,1
anajx62v,Mary J. Blige,1
o720vmnh,Belinda Lang,1
efjcblug,Ted Benton,1
5nfk7yaq,Ben Foden,1
7dg1dc0l,Ravi Bopara,1
pk8mh3yj,Jacqueline Bisset,1
asqka73e,Elkie Brooks,1
lkic4m5p,BJ Novak,1
kc8lxw0b,Nick Boles,1
ff3y3clr,Bradley Mcintosh,1
h3vkm7in,Angela Bishop,1
8vh0weuz,J. Brown,1
cytxxypt,Phil Brown,1
lclj9i76,Brian Capron,1
w1y6qcff,John Butcher,1
cc3txp6m,Terry Butcher,1
63j2dmpg,Rosie Batty,1
uns0qez4,The Break,1
jhrtlrps,Ben Pimlott,1
z18e5rdr,Dr Lynda Birke,1
e3a6kkzt,Budgie,1
y2y9gk3p,Ricky Burdett,1
4acro9wz,Paul Barry,1
phwslr8h,Simon Breheny,1
ce62o26a,Patty Boulaye,1
trmmndi7,Simon Bird,1
i6u5k3y7,Peter Burke,1
64tuc19i,Chris Bath,1
9hjitu1w,Peter de Bolla,1
4xs41869,Godfrey Bloom,1
x54lgmwf,Johnson Beharry,1
fnyxhmp0,Peter Birkett,1
bemakywz,Lin Buchfield,1
ta62e5i7,Andrew Barton,1
3awqen8f,Amanda Burton,1
md9eeq5q,Brent Hoberman,1
c5nheoum,Tony Barry,1
ijhd61rz,David Blake,1
knd259la,Nicholas R. Bailey,1
twa3k3tr,Clint Boon,1
b9da7j8o,Philip Bulcock,1
vazwfye3,Hannah Bardell,1
9cyzwn3y,John Burton-Race,1
3hf0bt2e,Drew Brown,1
ix15dxtu,Dr Catherine Bates,1
flejg7mp,Howard Booth,1
yunrl3gf,Gemma Bissix,1
zuvmqkwd,Susan Boyle,1
qt1zwagx,Brendan Cowell,1
fd1ndkk2,Barbara Taylor,1
1ysxh87x,Julia Boffey,1
ldrsh6fd,Victoria Burley,1
o6om3j26,Richard Buxton,1
aby9tqot,Brian Glover,1
u41e9d6a,Stuart Broad,1
4bpym0am,Anika Bostelaar,1
17fm2irg,Benjamin Vis,1
p40gm4d1,Bryan Stevenson,1
45ipurvw,Dr Sarah Barber,1
00a9fsha,Basil Hiley,1
u46d543o,Britney Spears,1
d7rpzizs,Johnny Borrell,1
y4ht098u,Darren Barker,1
0ot067kn,Phillip Blond,1
thsdjx20,Buster Bloodvessel,1
3e3xtpxq,Brough Scott,1
pm9xgk1o,Emma Boughton,1
btc5kt0n,Sharan Burrow,1
7ggl3wjc,Duwayne Brooks,1
ahl6xwyt,Ron Brown,1
phus0h2f,Sharon Bird,1
1xk9nsxy,Bryan Ferry,1
zhts1gns,Thomas Biskup,1
bm6ys2nx,Nicholas Burns,1
h5nit3us,Holly Bell,1
m3x082so,George Brown,1
y7zxy47v,Danny Bayne,1
6o91a0kc,Marina Benjamin,1
2unkphrq,Nick Budgen,1
b1gaq5eu,Daryl Braithwaite,1
jiq5p4ud,Bernard Falk,1
rbqmgbzl,Brett Weymark,1
1akmtebk,Ardis Butterfield,1
rg1ro0c1,Jonty Bush,1
on4h6cqm,Craig Brown,1
twfm5lmc,Beverly Malone,1
ja5nir70,Martin Brasier,1
trt5lyhb,Samuel Buttery,1
gqgnvbuv,David Breeze,1
72id14jt,Barry Davies,1
05h2nh56,Daniel Bedingfield,1
r6n7zhp8,Liz Brewer,1
rk3ruomx,Dave Bartram,1
ylwg9wrz,Barbara Alleyn,1
8rkqzrqj,Ewen Bremner,1
7ouawesc,Dr Avtar Brah,1
bzek292j,Bob Sedergreen,1
kx3bb37v,Stephen Byers,1
y5b0maki,Sarah Blackwood,1
4xzp8pkv,Jane Badler,1
p4vmmryu,Bronagh Waugh,1
ga5beil6,Richard Boston,1
8c69gcmq,Larissa Behrendt,1
h2hfyjwl,Bolo Zenden,1
2xqd26yr,David Bagchi,1
9g2ucjzw,Ian Blatchford,1
cn5xgihx,Ian Broudie,1
e2n41418,Doris Behrens-Abouseif,1
7hjzjpkx,Elisabeth Beresford,1
ho2egy5e,Neil Back,1
dd72znm8,Jamie Benson,1
y9fz41ao,Euan Barton,1
e241hj2x,Paul Burrell,1
8epcafm7,Liliana Brisby,1
er7fa97x,Rachael Beck,1
neft9vqa,The Jonas Brothers,1
4wuyijzx,Mathew Bose,1
9v36m0eo,Jane Burns,1
mv5y008y,Christina Baxter,1
dnc4rkfj,Paul Blezard,1
ax0t3axm,Lynsey Brown,1
6npcgmq0,Benedict Brogan,1
ntuk8b2e,Oily Barkley,1
ojvf7c4r,Bill Rammell,1
18qerva7,Bart Willoughby,1
oc4hp5s5,Bridget Ogilvie,1
z5oc60oz,Richard Bourke,1
jwzfeb47,Peta Buscombe,1
n8u59b4n,Darren Bent,1
9qkobbm5,Julie Bindel,1
qyuvy7r7,Linda Bellos,1
a1yoaped,Andrew Boe,1
whae40mh,Charlie Bell,1
hjqstyxd,David Bates,1
01gs671j,Luther Burrell,1
uiggcnj6,Brendan Nelson,1
i76t83ql,Lee Byrne,1
avx088m4,Carol Berkin,1
v3hhvpnd,Beth Cordingly,1
6gdhg5h3,Julia Bush,1
znywh04n,Richard Brown,1
wjmzrk2s,Vernie Bennett,1
jijjrlll,John Bowler,1
62sp60v0,Rosamund Bartlett,1
m3u623su,Geraldine Brooks,1
no626amt,Pete Best,1
kwve47tl,Bill Nye,1
mmdktypf,Michael Biercuk,1
5ihigr28,Roy Barraclough,1
co4cb5j2,Bernard Williams,1
na5roo70,John Balham,1
e698hyb6,James Broad,1
n0n1ldfv,Barbara Windsor,1
3i0sb0o3,Brett Domino,1
8zproar9,Martin Bayfield,1
4br7oisk,Alexandra Boyd,1
mhs00ae5,Harold Bloom,1
5jg2m1f6,Bob Hawke,1
g8oa1h07,Jane Birkin,1
d1wioye9,Garry Bailey,1
epyjhqmt,John Butler,1
jy8sfzfr,John Biggs-Davison,1
61rbelud,Isobel Blaek,1
zlba27x0,Tahita Bulmer,1
savi1b8w,Beverley Hughes,1
9q0ylgp9,Mark Benton,1
zgr01jm1,Barry Ife,1
fj8yxca0,Julia Baird,1
gohosw3q,Brian Canham,1
n4hgnz6l,Bobby Skinstad,1
rxo2cfab,Natasha Bedingfield,1
ng7vuydp,Benet Salway,1
mea1l09q,Hairy Bikers,1
obm2btpw,Rachel Botsman,1
9lp8qxzm,Kellie Bright,1
8k9n096q,Sarah Jane Buckley,1
0hqaerip,Sacha Baron Cohen,1
ekbpg45o,Peter Brocklehurst,1
4ehe8x8e,Gordon Burns,1
adb978bu,William Barton,1
92ydvltg,Jan Butlin,1
7y4aoenx,David Bradley,1
wba6tv0k,Benjamin Law,1
km8oueoa,Barry Fry,1
45sbk8hq,Easther Bennett,1
twv6ry93,Kirstie Blair,1
f47de7w8,Ali Bastian,1
1strtfjw,Max Brown,1
ebdmorq6,Claire Bowditch,1
uxq1hrt6,Emily Bernhard Jackson,1
q9hubscs,Colin Bonwick,1
kshtv3j4,Bill Goss,1
bi5xv4ao,Barney Hayhoe,1
jv9f46in,Georgina Bouzova,1
naiskt2q,Michelle Barber,1
5yw2fkp1,Brinsley Forde,1
c0u0uvjv,Betty Churcher,1
zmnbcdgb,Marilyn Butler,1
4evrc7of,Brian Noble,1
l9t2qgwr,Joan Baez,1
2n88ncb6,Peter Bone,1
7twkbx2a,Diane Birch,1
sjioqjpp,John Burrow,1
nhqwa16u,Luke Bowen,1
crbx0o98,Sarah Barber,1
my9b09uy,Louise Byrnes,1
lqiudvpq,Bruce Guthrie,1
taf8ojgc,Marcus Berkmann,1
v4jgk957,Bruce Wolpe,1
t8xl5esm,Derek Bond,1
1x29b7z0,Fay Bound Alberti,1
dmg8w0zt,Brendon Gale,1
7gtu47pk,Bruce Hood,1
giqo8fla,Jon Bon Jovi,1
s44alw10,Eric Beecher,1
s2z9ylkx,Charlie Burchill,1
j75ghrtf,Bernard Carr,1
hvjer9jq,Catherine Boyle,1
whz6z6xv,Sebastian Bach,1
3452zhug,Peter Bowles,1
gqfmfzbk,Rob Burrow,1
onkf861m,Moyra Bremner,1
wi5qkt6y,Benedict O'Donohoe,1
lsx8nu26,Ben Foster,1
cwknid57,Matthew Bennett,1
auwo81l7,Joan Burnie,1
lm5i872z,Bret Walker,1
v71a8ykk,Jennifer Bowers,1
tpewttxu,Mark Buchanan,1
r7uim7cr,Tim Blair,1
wt07352l,Gary Brooker,1
ig6wahvp,Ben Folds,1
gectuq1v,Anton Du Beke,1
88jr4721,Ron Boswell,1
dpoqn8ti,Blade,1
b8vk9nma,Charles Burnett,1
t52f1ukc,Cyprian Broodbank,1
2y2dw9e7,Bryan Appleyard,1
5bgic6q3,Barunka O'Shaughnessy,1
b7x7d0y6,Hank B. Marvin,1
qsx8vh0c,Mark Blundell,1
2ec27djs,Barbara Young,1
rgon50ce,Brian Sedgemore,1
u1jqycp7,Jean-Jacques Burnel,1
qw2skuxd,Elena Baltacha,1
2t5wth4d,Steven T Bramwell,1
cq0uf34g,Carol Binstead,1
e3q6nz3i,Lee Briers,1
e4iq7rzy,Bill Sirs,1
dxpjl1j1,Helen Boaden,1
87p8tt67,Jake Burns,1
3jktef2e,Phoebe Brown,1
kmasnkgq,Dr Michelle Brown,1
evz43jmj,John Bennet,1
4uwz3yfs,Keith Brown,1
uy66i5e1,Barry Mizen,1
7ex5jps4,Burt Reynolds,1
hlbsffdz,Dr Celeste-Marie Bernier,1
q65m1owi,Boudewijn Zenden,1
xpzvhroj,Eliza Brown,1
uurp5j9z,Judith Brown,
xp689pel,Frank Barber,
d6q5iewd,Quentin Bell,
wyh9xyi5,Jimmy Barnes,
0tj9yeun,Billy Boyd,
