pizp4tjl,Nicholas Parsons,883
3dai14ts,Paul Merton,791
sx5n2tkh,Phill Jupitus,395
qudj2xew,Peter Jones,328
m760gkci,Phil Tufnell,317
zgiug8pp,Pippa Greenwood,191
yy0vihbr,Sue Perkins,173
wimq9t8v,Patrick Campbell,172
af5170ez,Peter Sissons,149
z7erbl7l,Peter Gibbs,128
1s5ocnkr,Patrick Hannan,127
bne00n41,Andy Parsons,126
pgoexum5,Lucy Porter,48
lyr97zzu,Sara Pascoe,40
rasf33l1,Paddy McGuinness,38
cmhnv8m3,Paddy Ashdown,35
gdj6om5g,Katie Price,34
1qottrm5,Matthew Parris,33
zgmet3jf,John Prescott,32
r6c8do7a,Peter Hain,30
nimfuofw,Piers Morgan,30
cyfp2kui,Pam Ayres,29
u9jjmpti,Patrick Kielty,28
ojvlidqa,Melanie Phillips,27
c9a7oyrc,Peter Hitchens,25
rmrcbuko,Polly Toynbee,25
ksf23dl3,Fiona Phillips,24
rss18urt,Tanya Plibersek,23
7drw86rm,Christopher Pyne,23
dodje5z8,Arlene Phillips,22
vj2aqy1m,Greg Proops,22
4mp3563h,Penny Lancaster,22
yz5igyqe,Peter Andre,22
xhf7q5tp,Steve Punt,21
arthkler,Jenny Powell,21
japacokt,Paul Sinha,20
vrx437un,Dr Phil Hammond,19
o4fbyyft,Martin Palmer,19
27edtclr,Pattie Coldwell,18
beh9r3d9,Patrick Lichfield,18
9oiw8vcv,Philippa Kennedy,18
yoqwlew0,Patsy Kensit,16
4d0guwpf,Joe Pasquale,16
77due5ci,Penny Wong,16
7lm338ce,Peter Serafinowicz,15
lpmh1gx3,Vicky Pattison,15
8w3kscjw,Michael Portillo,15
o2iakgfe,Paul Foot,15
o21pq7he,Peter Cook,14
mavv4num,Pauline McLynn,14
g9rbjzk1,Patricia Fara,14
sly4hu78,Patricia Hewitt,14
kgz0o86j,Eve Pollard,13
7ilh9zz1,Chris Patten,13
vde7eb2x,Patrick Moore,13
f5okts3m,Su Pollard,13
l1haa0fh,Paul McKenna,13
4erpgze9,Penny Smith,13
84vruyno,Paul O'Grady,13
ii4d99on,Paul Boateng,12
kdnck9f7,Julian Pettifer,12
fm9dgl7j,Paul Cartledge,12
wysonzb5,Amanda Platell,12
z4aqphno,Cecil Parkinson,12
8dpf1qtv,Paloma Faith,12
2wlzp3mz,Professor Green,12
l0fz3g9y,Penelope Keith,11
p23lxxzl,Patricia Hodge,11
q9joho5h,Phillip Schofield,11
ilw6409z,Lance Percival,11
xd976g6t,Pixie Lott,11
khat0fyv,Peter Jones,10
2xggrpwq,Paul Eddington,10
xqb4xodt,Lynsey de Paul,10
23ufw09i,Tara Palmer-Tomkinson,10
mjfmsoby,Peter Lilley,10
p8iil473,Robert Powell,9
l0qpesbk,Pam St. Clement,9
28i8y481,Peter Stringfellow,9
h2y2qk8d,Theo Paphitis,9
xea0266m,Professor Sir Martin Rees,9
p1qq8rxh,Wendi Peters,9
hns5e85y,Paul Hollywood,9
exvran66,Dougie Poynter,9
nzjlb6or,Peter Bradshaw,9
8kymic4q,Professor Frank Close,9
8rodv8dt,Paul Nuttall,9
l3j1j53d,Phil Taylor,8
xdvzwi1c,Suzi Perry,8
zq4i2l0w,Libby Purves,8
3llo1lg2,Peter Haigh,8
0v7pan2n,Peter Shore,8
ktbj7aj1,Philip Hammond,8
dcm86kyk,Jodie Prenger,8
ewm3lv1m,Chris Packham,8
qpdwowmo,Matthew Pinsent,8
chiv2p5v,Clive Palmer,8
mr6mvp4r,Enoch Powell,8
mnryntao,Prunella Scales,8
i5vduz4m,Leigh-Anne Pinnock,8
n9n5ua2l,Perrie Edwards,8
txyiz2ew,Peter Mandelson,8
8rxy9l50,Paul Ross,8
hdl5buqe,Peter Jenkins,8
6ecnttaq,Patsy Palmer,8
z7ha1251,Lynda La Plante,8
3tfkko6p,John Patten,8
ncip4wjk,Peter Walker,7
frgsflnb,Tom Parker,7
ry4w7zm9,Norman Pace,7
6ujlxw8e,Prunella Gee,7
nf5aof87,Peter Adamson,7
ltr6k381,Peter Egan,7
g77vov61,Pamela Stephenson,7
k5r8a9zg,Patrizio Buanne,7
ojakrkc0,Mica Paris,7
rlzqa2sb,Marjorie Proops,7
60flfsj8,Gail Porter,7
vukan7kq,Jack P. Shepherd,7
yel9kb2j,Pat Cash,7
8byd79i1,Katie Piper,7
gv22roq4,Paul Nicholas,7
mew0bg3g,Peter Garrett,7
6kb48pn3,Karen Pickering,6
tnq3jdb9,Pauline Neville-Jones,6
jpegtqkd,Phil Daniels,6
r3gbcre0,Joanna Page,6
ot37dh2b,Peter Forshaw,6
kap8cuhk,Leslie Phillips,6
uz656umt,P.J. Gallagher,6
2gidacwr,John Partridge,6
7lf1rd3h,Grayson Perry,6
hzypyrxt,Peter Davison,6
d3um4cbr,Victoria Pendleton,6
2ekb5drg,Peter Oborne,6
roi75cp2,Pauline Collins,6
m0nc6gct,James Prior,6
3uu1m2he,Gary Pallister,6
wi5ee7f5,Pete Helliar,6
wdq1zmpr,David Penhaligon,6
nc65879x,Professor Tony Ryan,6
26sqvuc5,Celia Pacquola,6
s634ywly,Paul Daniels,6
bd3o0na8,Sian Phillips,6
mzcva25w,Eric Pickles,5
3s0jpbeh,Peter Millican,5
32xt8u7c,Jonathon Porritt,5
aggd0zs6,Marti Pellow,5
ndsj6krb,Andre Previn,5
hn2u988p,Phil Willis,5
v71gpeat,Elaine Paige,5
i937ty7p,Peter Bottomley,5
cerrrjzi,Stephen Pumfrey,5
5a6bazms,Paul McGinley,5
e55jw3cn,Muriel Pavlow,5
jmwkcesb,Paula Radcliffe,5
t5skx3qx,Tony Parsons,5
o6djnbdn,Glen Power,5
7qlw3xjw,Piers Akerman,5
nsrmafnv,Peter Schmeichel,5
yccn7czz,Peter Reid,5
i7ioluwu,Paul Murdin,5
8a10ff4o,Patrick Garland,5
jr34xpar,Peter Scudamore,5
04gvw4o4,Paul Young,5
ahsu66d1,Peter Dutton,5
lnrvsiog,Pru Goward,5
edzj014p,Peter Seabrook,5
w7pryv9w,Sara Parkin,5
s3ca579y,Paul Gambaccini,4
9dthpqjv,Math Priest,4
n277qyqk,Murray Pittock,4
u2poy2lo,Kevin Phillips,4
5j78u9xm,Patricia Brake,4
u5iav6ro,Mary Portas,4
kfhhl8tj,Diane Purkiss,4
cleodxwk,Ben Price,4
18hdarlu,Hugh Paddick,4
pwjfs4vn,Liam Payne,4
hvdfu1vr,Pam Spurr,4
3gg4xxvc,Adam Phillips,4
uh5qozi6,Magnus Pyke,4
xjjg2czu,Steve Pemberton,4
l77nc1lh,Susan Penhaligon,4
0gpp3yhf,Peter Riddell,4
8g20qbyp,Helen Paul,4
ts7hrfy3,Phillips Idowu,4
qfywg3xy,Paul Kelly,4
wm67xya4,Sally Phillips,4
blymyp8r,Steve Parry,4
ewuv4i03,Peter Berner,4
7pyb6yvs,Alison Pringle,4
m84qibo0,Paul Foot,4
nte1xufb,Prue Leith,4
h6hiivuf,Ian Puleston-Davies,4
trkhvaas,Francis Pym,4
p5yu6gxl,Trevor Phillips,4
g6g10dr7,Stefanie Powers,4
tscnja31,Paul Robinson,4
8r6rdufj,Andi Peters,4
fkn1ef7s,Diane Parish,4
dxcfgjd8,Paul Daneman,4
q4v2jc2p,Philip Franks,4
halzcnur,Peter Helliar,4
kj1nkih0,Paul Heaton,4
j913kg9w,Peaches Geldof,4
bxuoqxn4,Patrick Cargill,4
un3lsjd1,Rick Parfitt,4
mg29knp0,Philip Alexander,4
rkw6ajci,Eddie Perfect,4
j3gxmha3,Tricia Penrose,4
qukh1s8w,Terri Psiakis,4
bgdnurg6,Mary Peach,4
bqrpkr0l,Adam Price,4
rp0s8x99,Peter Hillmore,4
4xlst0fi,Lorraine Pascale,4
e52cicbt,Raj Persaud,4
u50l7bgf,John Pardoe,4
noyy644d,Peter Crouch,4
l62zku5s,Allison Pearson,4
a9acwkwk,Keri-Anne Payne,4
mf7m9p9w,Paul Peacock,4
mqiwb6bs,Patricia Hollis,4
3ylrrod4,Peter Jay,4
htsekgtk,Perri Shakes-Drayton,4
09scnwi1,Paula Wilcox,4
dbe1lfbc,Lucy Pargeter,4
aygdq3sj,Paul Murphy,4
5jf5x98o,Paddy Mayhew,4
0g00q1qh,Preston,3
lsvld6d2,Penny Spencer,3
yk79na6i,Gloria De Piero,3
wv9bxto5,John Pilger,3
87k192gh,Peter Singer,3
gpsx8nvn,Peter Mandler,3
sbidupzr,Michael Pattemore,3
2xkv1d0j,Paul Channon,3
n7gwigu7,Priti Patel,3
u3jw0sdg,Professor Catherine Belsey,3
l4hsxeao,Ray Parlour,3
k90x0hwf,Pete Smith,3
27gu4xli,Professor Dame Hermione Lee,3
o4lb72qp,Paul Sculthorpe,3
0t9u3q75,Phyllis Logan,3
1askqwfm,Madsen Pirie,3
19f9j5mb,Linda Papadopoulos,3
oisylutw,Vicki Pepperdine,3
a18k8rwu,George Pascoe-Watson,3
m2vhktz8,Phil Kay,3
4zcvkylg,Dwayne Peel,3
84s73n6u,Cindy Pan,3
9bqrt7h3,Roxanne Pallett,3
xh7brbb3,Paul Potts,3
hw9n5vm5,Nigel Planer,3
y2wox3f8,Professor David Cannadine,3
rfcexpte,Claire Perry,3
x88y0zqg,Phyllida Law,3
90s5k3ab,Brian Paddick,3
4emq9or7,Patrick Jenkin,3
xorzqp8e,Ashley Pearson,3
24caezwv,Oliver Pritchard,3
gxxxjckh,Peter Alliss,3
5w8xsp8c,P.J. O'Rourke,3
ki3mko5b,Nathaniel Parker,3
cgdb8hzm,Richard Parkinson,3
jhbfb09i,Peter Tatchell,3
h8r9h18o,Alan Pegler,3
nonjy0ek,Phil Spencer,3
8651rnfw,Phil Vickery,3
5rlh1qxk,Patrick O'Flynn,3
d3eqyiwg,Philip Martin Brown,3
chuol9lg,Noel Pearson,3
e42nlpil,Peter Dickson,3
3eln90v3,Patrick Mower,3
s1w668o1,Linda Partridge,3
x1lk6lmb,Oliver Pritchett,3
dwarfjy8,Prof Lucie Green,3
2573rx26,Roger Penrose,3
ime7bcaf,Peter Thorneycroft,3
37bd54qx,Philip Olivier,3
x45pzlc3,Paul Johnson,3
k3kju1gx,Paul Howes,3
w1sniu2n,Peter Reith,3
ypvulzyx,Dawn Primarolo,3
7nppz9ww,Pauline Perry,3
64hq1cb2,Usha Prashar,3
d4u0coor,Michael Parkinson,3
a42e4i3u,Daniel Powter,3
6pxdtvkj,Paul Kaye,3
mxgmul33,Monty Panesar,3
df6nhesz,James Paterson,3
7bca58xj,Paul Grabowsky,2
6gove8tp,Robert Peston,2
68jx8c1i,John Paul Young,2
mk8d3j70,Patricia McKenna,2
nwmrzwnx,Jon Pertwee,2
w5vamb0r,Professor Roger Cashmore,2
g0qtq1bu,Tessa Peake-Jones,2
pvzzpp3b,Pete McCarthy,2
8cwciia4,Professor Quentin Bell,2
g49zdywc,Peter Shilton,2
4djd1xda,Vivienne Parry,2
wc28ekge,Patrick Harvie,2
9fu6jq5f,Richard Park,2
mqr4x2mg,Peter Parker,2
xwn3x5z1,Chris Paterson,2
rbwd0at3,Kevin Pietersen,2
ye2qbrd6,Paula Hamilton,2
bkijdo0r,Paul Jennings,2
eupnsfly,Patrick Duffy,2
j8ztejfq,Peter Pormann,2
qfbpz6e8,Paul Dempsey,2
pdul1s2n,James Pickles,2
aqqnx1t6,Anita Prynne,2
t0cm0pwf,Sir Peter Parker,2
0xxhbzdl,Pat Rabbitte,2
l1m3kzf7,Nick Pickard,2
uozovcj1,Edward Pearce,2
71hnfpck,Phil Nichol,2
kz71wqw7,Don Pollacco,2
00puhho2,Peter Newsam,2
8tve5oc9,Leo Pliatzky,2
3vk5t7ca,Peg Alexander,2
yf2zwpgj,Edward Petherbridge,2
w4l40mww,Nova Peris,2
z925fttt,Paris Wells,2
s1n9y102,Norman Painting,2
5dv5cxhc,Pat Richards,2
n2yjqao1,Lucy Powell,2
1c6iy1r6,Christian Porter,2
2jido3ls,Stephen Pollard,2
mcokbt8t,Philip Ruddock,2
i9hu1ace,Billie Piper,2
sh38cqq1,Nicola Pagett,2
4r4ymoqj,Professor Sir David Speigelhalter,2
3kwd6fi7,Patience Schell,2
kownz0nd,Merle Park,2
1fq20pb0,Pippa Funnell,2
sh14evtn,Tris Payne,2
yi99dqt5,Peter Hobday,2
gu5u96h3,Peter Cox,2
drc679ad,Maggie Philbin,2
sn2484yv,Hilary Pritchard,2
o52as4s5,Peter Tork,2
ez71qokt,P.D. James,2
pwzf0zck,Peter Sallis,2
pd503zmu,Geoffrey Pattie,2
rt2kbhje,Andrew Pierce,2
xfe4133h,Patricia Mann,2
v9pl1lb8,Penelope Wilton,2
awr4cuq5,Ian Poulter,2
ueb8bl0g,Philippe Saint Andre,2
8gpxif4g,Pippa Evans,2
595z4p1l,Peter Brough,2
rtk22teh,Natasha Pyne,2
2qktj6bd,Craig Phillips,2
xgv3mkz5,Pete Tong,2
oi7xrncd,Joel Pott,2
y4hil94p,Matt Pagan,2
r6tajxsd,Professor Angus Wilson,2
gygxskcb,Kate Peters,2
q9gkfvp6,Professor Sir Frank Kermode,2
epw7e3lv,Philip Ball,2
uycwt2ow,Pauline Quirke,2
pca9oqji,David Papineau,2
jhfu33a8,Terry Pratchett,2
laic55wy,Michael Palin,2
3iyzwr5v,Elizabeth Proust,2
b3dp4s8p,Zara Phillips,2
rsxnrotw,Paula Tilbrook,2
og9fgkly,Penny Roberts,2
zjak78t9,Joey Page,2
avwlc80b,Patrick McGorry,2
jxjhkvjq,Simon Pegg,2
qeh3flrw,Peter Hall,2
c3j9mk0l,Pauline Yates,2
6yhy0l4d,Marina Prior,2
uyu8a9fl,Peter Cosgrove,2
cd2901cw,Katherine Parkinson,2
7zsjluz6,Peter McKay,2
9dqy3tjn,Sir Roger Penrose,2
2mdqeyq5,Peter Tory,2
jg7tvifo,Professor Eric Hobsbawm,2
gr05bzk0,Peter Gilmore,2
xhlvp7yn,Anuvab Pal,2
lanbuqwz,Petronella Wyatt,2
1gvrvxs0,Owen Paterson,2
uvwb6itt,Charlie Pickering,2
syvcoqiu,John Parrott,2
2od0i40t,Pete Murray,2
lhlj4iib,Patrick Stewart,2
8z972rfs,Penny Junor,2
r7pv0mbt,Peter Ainsworth,2
8qmabcui,Laurie Penny,2
zooy0w19,Jacki Piper,2
4jg5va3r,Philip Davis,2
1xzz8dse,Peter Costello,2
t5opwn6s,Paris Lees,2
ul0a1tre,Paul Whitehouse,2
4hhm9pz0,Trevor Peacock,2
polu2cpd,Patrick McLoughlin,2
yyncwjgj,Professor Raymond Tallis,2
3808dcs3,Profesor John Gray,2
it6b7cxa,Nicole Pohl,2
a2ryjerb,Pamela Armstrong,2
p819uhn9,Shirley Porter,2
smgww40a,Preeya Kalidas,2
qa5s3f3t,Phil Wang,2
n2b7dzyi,Pamela Anderson,2
554pul28,Steven Pinker,2
9075w87a,Phil Redmond,2
o0qvxg7m,Peter Ridsdale,2
ink3bkbs,Siân Phillips,2
s0eiicpx,Phil Vickery,2
dp3q3tri,Paul Tyler,2
gnfgsxv1,Peter Beattie,2
y09zuequ,Eddie Pepperell,1
jg1bfhwt,Liam Phillips,1
f1ay7v5z,Peter MacKay,1
wwhxg4af,Professor Alan Winfield,1
5paaj43c,Philip Neville,1
8tpdz8ji,Patrick Kluivert,1
r5thfpdc,Pete Conway,1
x4mkkef4,Phil Charles,1
5iy1bt2k,Joe Power,1
us6cek6r,Philip Bailey,1
ohw01oak,Phil Williams,1
0vim2pts,Peter Beardsley,1
v70o89xz,Pete Burns,1
59ht49ns,Chris Powell,1
beeznc9b,Peter Brooke,1
9p7s3bmj,Jane Probyn,1
fubq35z4,Penny Mordaunt,1
6vsw7i44,Robert Poole,1
andlg42g,Nerina Pallot,1
j40286yj,Ann Pasternak Slater,1
eli5fyxe,Professor Heinz Wolff,1
ksw6ngma,Peter Morgan,1
eazhigct,Margaret Prosser,1
hh2mfjid,Pigeon John,1
aty342f7,Professor Sophie Scott,1
o78jvhc3,Peter Hartcher,1
f52cx74x,Prof Heinz Wolff,1
t5dlx7gf,Professor Barry Marshall,1
51bcccl3,Robyn Peterson,1
e8p76h73,Peter Harman,1
4ntcnvgd,Joan Pau Rubies,1
4oz5400z,Patrick Wall,1
r8a9koyj,David Puttnam,1
96tdrmxc,Peter Jonas,1
jlmo34uj,Professor Andrew Harrison,1
brpdlqfr,Paul Provenza,1
3wwrtfvv,Jonathan Pearce,1
dh395e16,Marise Payne,1
hva9plrj,Paul Cattermole,1
n62a6385,Bharti Patel,1
vwhaetmc,Philippa Forrester,1
k0f6yttg,Beryl Platt,1
xzbl90wr,Professor Sarah Bridle,1
lnh61kma,Gill Pyrah,1
w81rmxlr,Peter Oxley,1
fzz9rtvh,Peter Hennessy,1
jrr3tg2t,Pete Deveraux,1
oxbs1gcz,Jamie Peacock,1
d0tn9hsp,Patrick Aspbury,1
3t6vnxu7,Lorraine Pilkington,1
h97auro1,Paul Godfrey,1
i8b4zx8v,Paul Binski,1
kirgd0yk,Professor Eve Mitleton-Kelly,1
9b2un0yq,Matt Pollard,1
841wb0iq,Gustavo Poyet,1
4ujl4sx6,Patricia Vonne,1
xfhz1ny9,Peter Luff,1
scwq9jq3,Clarence Page,1
jx9do80t,Chris Potter,1
2sdq19g1,Peter Denley,1
42pfqy9b,Eva Pascoe,1
uaflhx6h,Philip Huward,1
075huxj8,Richard Perle,1
xp4p9ot6,Ron Peno,1
hi484cde,Pete Shelley,1
8qt1f4ur,Professor Richard Sennett,1
0ihpxgcj,Marjorie Proofs,1
1tjsj4ou,Professor Fred Piper,1
g1sikn2h,Patricia Laffan,1
6dnkcz4a,Russell Peters,1
u5839u5b,Patrick Kane,1
3adge7f5,Andy Pemberton,1
ra11bhci,Paul Antonio,1
4po00lko,Lisa Potts,1
05jblai7,Joel Peat,1
d6qvnttg,Paula Yates,1
vd94w9wp,Kazia Pelka,1
d3ltyx4p,Peter Thompson,1
tg11mq4g,Bess Price,1
oukv9bzx,Daniel Pipes,1
coyg9dmv,Steven Peavis,1
7srh9f3u,Pik Botha,1
e4lcb78o,Petula Clark,1
o8rh7d32,Paul Shane,1
49nwbvuz,Peter Jensen,1
xjerjiez,Prew Boswell,1
g5p8fxhl,Vicky Pryce,1
p8a13yqz,Jason Plato,1
eatgzwbm,Philip Welch,1
hfqealw9,Professor John Keane,1
fkzttq2x,Patricia Field,1
7jh0tnu7,Sacha Parkinson,1
5i6n7xq6,Phil Greening,1
06me90au,Stephen Pound,1
ubvmprgc,Professor George Steiner,1
gnepl7q6,Paul Zenon,1
a1nbz1g3,Peter Tapsell,1
n94rxrqe,Pavlos Avlamis,1
hjjkecc0,John Peel,1
2kps9fky,Lorraine Pearson,1
qvl3o8jo,Professor Jared Diamond,1
0u4f55wn,Roy Porter,1
olas5uue,Professor Henry Louis Gates Jr,1
9yutskew,Rhys Priestland,1
b2sch8ka,Philip Bull,1
xrusi65c,Philip Lowrie,1
gub83am1,Rowan Pelling,1
z0uek85h,Fiona Patten,1
7cm0htcn,Paul Oestreicher,1
u13f1gb7,Paul Di Resta,1
1scasndo,Paul Marshall,1
awh96y7r,Natalie Pa‘apa’a,1
0ezkw679,Professor Alan Walker,1
6q9lgdzk,Jermaine Pennant,1
41xumgdn,Dr Carolyn Porco,1
mjvlg054,Guy Pratt,1
xdvxcd5t,Carolyn Porco,1
ealil2kh,Philippa Browning,1
tbkd5h8b,Peter Whish-Wilson,1
j2pkg1eh,Peter Marshall,1
mx1a07ok,Peter Harvey,1
rr738hl8,Emo Philips,1
p6kjnqh1,Daniel Pearce,1
d370qd8b,Dr Suvendrini Perera,1
wk0qxvwq,Patience Hodgson,1
joos60z8,Deena Payne,1
3w9xweu7,Jennifer Paterson,1
3h1hujpo,Duncan Pow,1
hogw7vdi,Jess Phillips,1
w6tv2q3y,Professor Gerald Edelman,1
vh7mujd0,Professor Malcolm Bowie,1
l60gsjlt,Patti Clare,1
gqqleocp,Chelsea Peretti,1
w97uq8af,Nigel Pivaro,1
bkq1psyo,Prince Charles,1
6w0e4otf,Phillip Dodd,1
txs0w4ve,Mark Pallen,1
vjtzm59d,Ray Peacock,1
wlt9ke6z,Professor Amartya Sen,1
ftjmp2eo,Paul Rodgers,1
pv3xv5t8,Peter van Onselen,1
z240an2o,Paul Litchfield,1
g843j5eh,Jason Perry,1
ubwqkorp,Penny Palmano,1
ep7poukb,Adam Pitts,1
7qor5f55,Daniel Pick,1
kuug6nzw,Jonathan Pryce,1
3m93u7rn,Phil Alexander,1
19copzt8,Peter Ebdon,1
4tgtxsf3,George Pell,1
via898v2,Professor Colin Richmond,1
n222e2kj,Paul Stewart,1
7g8y39iz,Lance Price,1
ob0c11a5,Pam Charlwood,1
lob0l3i4,Paddy Considine,1
hpl3l2tr,Pauline Prescott,1
ukl6euhw,Jason Pebworth,1
acevzyon,Paul Kenny,1
iwnz6yu9,Paul Strathern,1
kbi2g9oe,Elliot Perlman,1
ouphqlyc,Professor Trevor Cox,1
xlanv17d,Peter C. Doherty,1
ssy1idq8,George Phillips,1
23nn837q,The Reverend Dr John Polkinghorne,1
up7k0t4s,Spencer Pratt,1
xobwr8t0,Paddy Gervers,1
oc9zi3dh,Peter Kennedy,1
833twgk2,Russell Profitt,1
lqbf1sbl,Paddy Doherty,1
mh07euqn,Paris Hilton,1
0qzkrqn6,Professor Homi Bhabha,1
89bgj1yw,Tom Porteous,1
ybickkjp,Peter Amory,1
mkgmgbaw,Paul Langford,1
0scnehel,Jacqueline Pearson,1
09epywlq,Sarah Jessica Parker,1
pit357z3,Eva Pope,1
ohk2o9of,Elizabeth Pisani,1
edh8fkw0,Paul Henderson,1
le5i3xty,Philip Glenister,1
cm79fgw4,Pär Wiksten,1
wl6ivvar,Amanda Palmer,1
6my8zpay,David Pocock,1
5e5wun1w,Priscilla Presley,1
7vmf7vji,Adele Parks,1
14l13vw8,Paul Rankin,1
ed5i0jno,Amanda Power,1
fl9887c3,Peter Holmes à Court,1
25wqrcxd,Donatella Panayiotou,1
hwihw8jw,Professor Danielle George,1
tzab2240,Catherine Pierce,1
fpgco6op,Peter Grant,1
q2x7b1bc,Cedric Pioline,1
0fgvufga,Zac Purchase,1
7epa4440,Andy Price,1
5nzdkf3n,Lyn Pykett,1
c66t04wx,Paul Sackey,1
e2um5ewl,Kieron Pollard,1
2rr4oq0w,Professor Ed Copeland,1
sr0mi2mo,Anne Perry,1
u58h18yd,Paul Chowdhry,1
6j4aag39,Professor Chris Plack,1
pnhxlrwt,Michelle Peckham,1
b2nq2as3,Peter Taylor,1
qbquixsm,Allison Pierce,1
a50nz31v,Matt Parker,1
j61intak,Chris Peck,1
48c2dz7q,Patricia Hunt,1
jhrye9lp,Rain Pryor,1
37s31z1m,Robin Page,1
049c4wgf,Sara Powell,1
bdcj79hn,Jorgie Porter,1
yzilozmg,Professor Richard Dawkins,1
p3nt704y,Frederik Pedersen,1
9j6f5xl9,Professor Martin Ward,1
gpjxpjcb,Patricia Smyllie,1
h6rlq9ew,Colin the Parrot,1
qgtmtj0k,Josh Pyke,1
mpharfr2,Reg Prentice,1
fnqntmtt,Yannis Philippakis,1
bqxci2wa,Emma Pask,1
tn0dj8vg,Paul Millett,1
c3y7oe16,Dolly Parton,1
p5nykhpz,Dennis Potter,1
d1te34t1,Caroline Petit,1
zvqyima8,Paul Leveridge,1
9jpi5po9,Pietro Corsi,1
2a6cmrre,Caroline Dodds Pennock,1
f3iv1f7q,Paul McMillan,1
mqfhgmk4,Peter Kilfoyle,1
2414evd7,Nai Palm,1
7vykjmns,Annastacia Palaszczuk,1
oyrzu4yn,Pierre-Yves Gerbeau,1
sah35wgm,Peter Sagal,1
j90yag2b,Penny Stokes,1
jojj0ao1,Anthony Parson,1
0knmtdug,Patricia Cutts,1
ompnffay,Pom Oliver,1
pckjf3y9,Natalie Pa'apa'a,1
mig4lu28,Peter Wilson,1
dpx35yde,Professor Anil Seth,1
sw0mj6ez,Pauline Fleming,1
iweusc58,Sadie Plant,1
s5tsignh,John James Parton,1
e1omvngs,Robert Pynsent,1
mkno3gxb,John Allen Paulos,1
i5gftte0,Peter Watson,1
n96wapdr,Ray Parker Jr.,1
2ouppl1r,Patience Purchas,1
0h58g75f,Pallavi Sinha,1
ztytcbwz,Peter Noone,1
d9aue9pr,Paul Mac,1
ntcbtoms,Geoff Parling,1
snkmtdjc,Valerie Pitts,1
pkabc7n1,Patrick Wolf,1
h0am8hjl,Claire Palley,1
l8omigih,Pete Wishart,1
55wxn8qc,Patrick McGuinness,1
xn5le1ni,Jonathan Philbin Bowman,1
2vflvh60,Paul Grayson,1
ooqilud0,Mark Philp,1
pvyabi90,Paul Gascoigne,1
yizvicfp,Pål Waaktaar,1
zkay384y,Philip Howard,1
jsjofi55,Patrick Devlin,1
5tgywv89,Peter Bazalgette,1
5du6bnr0,Campbell Price,1
6eut6m8s,Simon Price,1
bxn9rvci,Pat Doherty,1
emb12k97,Professor Russell Stannard,1
l6ooiuet,Patsy Calton,1
hosinlvm,Daphne Park,1
hqbi19ws,Paul Myners,1
eabk29dj,Charles Pollard,1
6z7ko2i3,Professor Clare Lees,1
cytxxypt,Phil Brown,1
tb3mc69a,Professor Paul Davies,1
rnggzxn5,Tony Phelan,1
o0xgkzdy,Oliver Peyton,1
jhrtlrps,Ben Pimlott,1
dj5srs93,Peter Hill-Norton,1
4acro9wz,Paul Barry,1
ce62o26a,Patty Boulaye,1
i6u5k3y7,Peter Burke,1
9hjitu1w,Peter de Bolla,1
fnyxhmp0,Peter Birkett,1
t74enhuv,Philip de Glanville,1
7swc003m,Silvie Palladino,1
y5isfufq,Paul Wellens,1
2fu3qdzv,Janet Paraskeva,1
5l0fymxf,Pat Dudgeon,1
pp92geru,Phil Thompson,1
b9da7j8o,Philip Bulcock,1
4k9tqmtq,Geoffrey Palmer,1
pjloy70g,Charles Powell,1
wfneee3e,Mark Pyper,1
2ae0ahd2,Paul Watson,1
0127bi7j,Shaun Pollock,1
4jq30fqm,Paul Lambert,1
bus9aqwf,Ed Pearce,1
m1y9uq6w,Patrick Monahan,1
2gku3ji5,Paul Merson,1
h3r7k814,Phil Cornwell,1
jitjmntx,Alex Pennie,1
e070zsgs,Lloyd Peck,1
fet0szfp,Mary Peters,1
u5kg0i1o,Peter Coleman,1
l34ac1rj,Phil Perkins,1
5pppdxbl,Al Pitcher,1
jg3oys0s,Peter Greste,1
0ot067kn,Phillip Blond,1
8jsoj5tj,Professor Tom Devine,1
7zjiblad,Professor Sheila McLean,1
0vd0t9a7,Peter Timms,1
8prg3toq,Jonnie Peacock,1
9dx9n3e9,Sandy Plunkett,1
i8fq6rqa,Philip Hardie,1
ml2fc2l0,Mark Porter,1
z3f2dlwr,Pat Dolan,1
qw8wx7s4,Hugh Pennington,1
ijhqa22r,Lee Pearson,1
cqmsww3w,Graham Poll,1
a8dzx5lu,Guy Pearce,1
vu8kzp9l,Camilla Parker-Bowles,1
lrj276kf,Steve Perryman,1
84zyjz6z,Freda Payne,1
jrqas7mh,Mike Peters,1
mn3bo3hd,Paul Marazzi,1
8x1amtjr,Phil Larder,1
rhqvx2gh,Professor Michael Ruse,1
wnh20vqy,Phyllis Calvert,1
8ldo2fno,Huw Pryce,1
ulmx6azv,June Purvis,1
n153vc9w,Luke Pasqualino,1
28omnw4b,Paradise Oskar,1
aiqh21kf,Karen Poole,1
y3cxf02n,Peter Ackroyd,1
e56kypjh,Peter Cundall,1
xnlgjv1z,Colin Pillinger,1
ncobvq68,C.J. Porter-Thaw,1
mwq6gyw4,Philip Maurice Davis,1
6bhjm8xv,Michael Praed,1
e241hj2x,Paul Burrell,1
c7o89rdh,Judy Parfitt,1
cx7qt719,Pamela Williams,1
dnc4rkfj,Paul Blezard,1
nd6z4vsl,Hoss Power,1
r8tqbfg8,Neil Price,1
qp3uqvrk,Peter FitzSimons,1
3ks347jx,Peggy Fenner,1
y8ty3ziu,Gwyneth Powell,1
f3oponzi,Phillis Levin,1
1hjmnt1g,Professor Tom Kirkwood,1
wqgv40e3,Will Pickvance,1
jt5aj0pi,Peter Greste,1
jwzfeb47,Peta Buscombe,1
u6p1x0fk,Paul Sykes,1
8sdj9lg0,Philippe Senderos,1
qd4qdqc4,Peter Shergold,1
wn0t99nn,Paula Abdul,1
7c6dscbe,Paul Garner,1
2dyaot8o,Paul Dyer,1
u31w1vr6,Marco Pierre White,1
jgkx0m0w,Peter Cain,1
9bdcrj7t,Peter Atkins,1
no626amt,Pete Best,1
5vkqokuc,Peter Jones,1
3pdf5z8b,Peter Wiseman,1
25criwss,Andrew Pontzen,1
gpcx0vw2,Peter Hillimore,1
klh70gd9,Natalie Powers,1
ba95klxz,Sir Peter Hall,1
pswknfh4,Professor Tim O'Brien,1
6vrr9crw,Martin Peters,1
vek3cb7w,Peter Swaab,1
px5bm6eg,Christopher Pelling,1
itcyd2rx,Angela Pleasence,1
csu9xivk,Sean Paul,1
whunvmzs,Fernando Peire,1
8b5cmn8w,Ricky Ponting,1
shfp2bfo,Peter Dunwoodie,1
ig8ult4g,Roger Poole,1
7zfrgb1u,Oscar Pistorius,1
cwb00a1a,PHIA,1
43rsqpyj,Peter Sutton,1
drh1s9e2,Paul Grabowsky,1
lcrruqif,Polly Vernon,1
orxahxpu,Stuart Pearce,1
e5gepeem,Lorraine Pascal,1
t6uf2frl,Maria Pretzler,1
muzmmrmv,Little Pattie,1
xyfirqw8,David Penberthy,1
o860350v,Stephen Plant,1
5orcxc2f,Andy Priaulx,1
tko0qzeo,Peter Carey,1
ekbpg45o,Peter Brocklehurst,1
dow08f5r,Pat Hudson,1
cgbx9m7a,Lynne Perrie,1
iwohk6d6,Peter Sutherland,1
ow6q6231,Phil Jamieson,1
sb40t7hi,Peter Kellner,1
p5m1p5c4,Ian Paisley Jr.,1
lyfgyfgf,David Page,1
rfkc9ntw,Kerryn Phelps,1
76p6mfoa,Amanda Pelman,1
3nfto0d8,Keith Potger,1
2986rx9a,Peter Capaldi,1
2kf2j7ju,Paul Fensome,1
kua73weh,Paul Preston,1
giumblb1,Chris Park,1
mnxbo7id,Dr Mark Porter,1
5qwm6csw,Angela Price,1
hljrtr19,James Purnell,1
hbiroyf8,Griselda Pollock,1
wheun7hy,Shellie Poole,1
5r8bg3il,Paul Capsis,1
og24p81k,Penney Poyzer,1
2n88ncb6,Peter Bone,1
4qpvpns0,Sir Paul Nurse,1
nbimax55,Richard Peirce,1
8e5aa4z6,Jacqueline Porter,1
xia2h9on,Pearl Lowe,1
z3rzlj8s,Pal Aron,1
6s7pj2mp,Peregrine Worsthorne,1
h47gom4w,Carl Pemberton,1
g4broc5h,Ruth Padel,1
5okfl313,Nina van Pallandt,1
xztnvdq8,Martin Plaza,1
sutml5rs,Peter Jackson,1
a0mqxwnk,Paula Hawkins,1
qep32b9l,Peter Craven,1
5cvndzgh,Tara Palmer-Tompkinson,1
cb7zajop,Adrian Pasdar,1
ttd2oe42,Pallavi Sharda,1
yulk92wt,Jada Pinkett Smith,1
zxv5lsgk,Cliff Parisi,1
3452zhug,Peter Bowles,1
6ep7nzdt,David Price,1
hc43bzjg,Tom Petrie,1
4g29w10u,Perez Hilton,1
plbsbdz4,Michael Piccirilli,1
qcxr1fm8,Angela Pleasance,1
0ybgkk4k,Peter Norfolk,1
13w4pm98,Pete Waterman,1
7dna8i3f,Alex Parks,1
fqhwurnz,Petrina Holdsworth,1
nk7majy1,Peter Rowsthorn,1
mmebapua,Phil Jagielka,1
e62aj17i,Aaron Porter,1
0hqjx014,Patti Newton,1
e98l6463,Seamus Perry,1
xtxkmue3,Paul McGeough,1
wx2yesvv,Penn Jillette,1
ip6lxyl3,Patrick Meaney,1
43k237yj,Paul Sereno,1
hunoks0s,Jodi Picoult,1
mg2k89mg,Paul Mason,1
241qss8j,Peter Donaldson,1
nmkjctib,Marcella Puppini,1
d2smkwew,Gillian Peele,1
49hl94be,Paula Lane,1
s61cb6rl,Peter Lovenkrands,1
qtnsqusn,Reg Presley,1
l6xftr18,Peter Ghosh,1
fazw1do2,Ali Criado Perez,1
zya0bn8a,Ilan Pappé,1
xj099m18,Ian Parkin,1
3jktef2e,Phoebe Brown,1
133j3155,Peter Hook,1
nqujqmuf,Christopher Parker,1
ibcu8uzv,Ashleigh & Pudsey,1
jwh9gk6t,Roger Lloyd Pack,1
my8pq0qh,Paul Capsis,1
io484122,Peter Fleming,1
y95841yc,Phil Woolas,1
o00lm71j,Pete Thomas,1
fu5odlhg,Georgie Parker,1
at0tjml3,Paul R. Ehrlich,1
emj7etsx,Paul Lawrie,1
blxj3l41,The Puppini Sisters,1
246oe2mr,Peter Archer,1
n4eaiqtp,Simon Platt,
1iqgm5iy,Chris Plack,
obosowoz,Paul Davies,
