0i00czvq,Graeme Garden,463
zgiug8pp,Pippa Greenwood,191
8lu8avar,Bunny Guinness,157
z7erbl7l,Peter Gibbs,128
sp0919u8,David Gower,113
szqj2i5f,Gary Lineker,110
e7o1gtcv,Gyles Brandreth,108
rlldarrq,Graham Norton,103
4hgpp1yz,Lesley Garrett,76
w4g8xnp5,Rhod Gilbert,70
6ofgtlik,Gloria Hunniford,69
yyfb5r5p,Gino D'Acampo,65
bk2xi19y,Germaine Greer,53
3qd06beg,Shobna Gulati,49
hajxdyo5,Greg Davies,48
2ufl1i4u,Dave Gorman,47
01l3hvh0,Gillian Taylforth,42
gr0xurn4,Nick Grimshaw,40
onmudl5p,Georgie Thompson,39
om2iuo4o,Gabby Logan,33
bmibqu3h,Geoffrey Wheeler,28
m114mdiv,Hannah Gordon,27
jae5mrc5,Gerald Kaufman,27
eldevkqe,Kate Garraway,26
vj2aqy1m,Greg Proops,22
s0o4np27,Gabrielle Drake,21
eyxy68yo,Mel Giedroyc,20
knmi89g6,Gok Wan,19
r9njiv0i,Krishnan Guru-Murthy,19
cgs4qc8w,A.C. Grayling,18
lna9xkc9,Geraldine Jones,18
vl9196ev,George Galloway,17
43na4nn4,Gillian Reynolds,17
69x8764f,Geoff Hoon,16
6jht67f1,Griff Rhys Jones,15
9adh28pj,George Brandis,15
ejvlgb2l,Trisha Goddard,15
67vsv16g,Graham Hill,15
xvxlztf6,Jeff Green,14
76r85g0g,Gina Yashere,13
vy1onu55,Gary Delaney,13
2q7woora,Greg Sheridan,13
1h4t1xrp,Gregg Wallace,12
8ev7swzj,Graham Richardson,12
lim5mmou,Justine Greening,12
in5a7oxv,Grant Shapps,12
wiig4cwi,Gordon Brown,12
afnocqlh,Gemma Collins,12
8rnyybhp,Annabel Goldie,12
2wlzp3mz,Professor Green,12
tf9nkz6t,Greg Hunt,12
owblrpp3,Teresa Gorman,12
k4ljie72,George Robertson,12
qv2s2rhk,Bryan Gould,11
f4smemcx,Jason Gardiner,11
fr4v1cne,Michael Gove,11
vc33r4p1,Russell Grant,11
usva0hyr,Geoffrey Howe,10
9mqrgif3,Tom Gleeson,10
haz10qtl,Godfrey Smith,10
d0mtohp9,Gayle Hunnicutt,10
mkoa1tta,Julia Goldsworthy,10
zz4xtt8j,Bonnie Greer,10
m2nsmyzo,Fi Glover,10
t5nxwba2,Richard Gill,9
4omd31xd,Kerry Godliman,9
v5ud22gw,Janey Godley,9
bjtysmgw,Chris Grayling,9
hqdxigmd,George Osborne,9
wpqjhrjv,Angela Gordon,9
sn5wg8yd,Kirsty Gallacher,9
ror0r2ic,Monica Grady,9
tidatlv4,Damian Green,8
d5pakaaf,David Gest,8
6zq865uy,Max George,8
sa1y26xy,Gay Search,8
foobttcv,Lawrence Goldman,8
m5gihwar,Ed Gamble,8
do5csj4h,Gaynor Faye,8
k8rrlj2r,Gareth Malone,8
h63widgu,Greg Rutherford,8
bhtjjzxw,Gary Speed,8
net0ohrz,Liza Goddard,8
or1mwpoj,Clare Grogan,8
scbacs4v,Gail Emms,7
p2eezziq,Valerie Grove,7
qcn04i6k,Boy George,7
pkg8d83q,Grahame Morris,7
yluwzeu8,Gaby Roslin,7
6ujlxw8e,Prunella Gee,7
hv1tiwu4,Jonathan 'J.B.' Gill,7
mbbaq69m,Josh Groban,7
7lf1rd3h,Grayson Perry,7
11ahyksq,Simon Goldhill,7
u2x4qp63,Glenys Kinnock,7
el1fuufx,Greg Rusedski,7
j4gtc0kx,George Shelley,7
60flfsj8,Gail Porter,7
jqsxalo1,Michelle Gayle,7
nuxigm25,Susan Greenfield,7
nudw0vz1,Gemma Craven,7
z03ulljx,Gigi Morley,7
3339vnlq,Gwyneth Dunwoody,7
mew0bg3g,Peter Garrett,7
srnjzwhz,Glenda Jackson,7
ox4m2kb3,Gareth Gates,6
w0z55yp9,Julia Gillard,6
dbbvuhjs,Gary Rhodes,6
b42bx2y8,Cheryl Gillan,6
2ous5ay2,Sheila Gish,6
rgwo1xt3,Greg Dyke,6
7tgfhtp7,Richard E. Grant,6
mgsiouix,Josie Gibson,6
uz656umt,P.J. Gallagher,6
g5vdpbw6,Craig Gazey,6
3uu1m2he,Gary Pallister,6
c918shr7,Muriel Gray,6
sl219g4f,Rosalind Gilmore,6
xj0ly80i,Len Goodman,6
kx8ovieb,George Younger,6
cu9um9uh,Gillian McKeith,5
yho6uq1m,Gareth Hale,5
c1awpwyn,George Young,5
knnnnbu6,John Grimes,5
n1sa4be9,Richard Gameson,5
yiu0hess,Geoffrey Robertson,5
p8101an0,Graham Linehan,5
ltnk2jj3,Ben Goldacre,5
wplv8p7z,David Grant,5
ivw3han6,Jacqueline Gold,5
qx1gm7td,Geoffrey Dickinson,5
i3bnzexh,Carrie Grant,5
lwa0lphd,Michael Gambon,5
3nk74d3a,Matt Goss,5
l1tmtutp,John Gribbin,5
wiqek7yz,Grace Dent,5
zchm3zq4,Samia Ghadie,5
gtvej1sd,Tanni Grey-Thompson,5
vostak5z,Nitin Ganatra,5
oyn33zh7,Gabrielle,5
5l9cvlll,Annabel Giles,5
3c5mn5nt,Greg Woolf,5
9xbydx8d,Michael Grade,5
o6djnbdn,Glen Power,5
ubvmucp7,Victoria Glendinning,5
xygtzm23,Geoffrey Rippon,5
i61588e9,Gemma Jones,5
8a10ff4o,Patrick Garland,5
1n019xum,Graeme Le Saux,5
5i4yws7b,Claire Goose,5
7tc112i9,Edward Grimes,5
lnrvsiog,Pru Goward,5
o9jir3ao,Georgia May Foote,5
swpvsjix,Trudie Goodwin,5
d3gqsyax,Sally Gunnell,5
ht8iu4qj,Angela Griffin,5
fl285sii,Alexander Gowrie,5
s3ca579y,Paul Gambaccini,4
makxfbtb,Helen Glover,4
y5q88hyj,Gwen Taylor,4
gtv9hetj,Ruth Gregory,4
n9bpkp5a,Graeme Hawley,4
0rf9jm3m,Julie Goodyear,4
xc09sbqe,Jade Goody,4
aro0tsoc,Garret Fitzgerald,4
n9xuiut4,Graeme Souness,4
1c053826,Robert Gleave,4
9medbvdk,Graeme Swann,4
a4rxsqzd,Uri Geller,4
v0x98ygf,Brian Greene,4
lifi8uxl,Gordon Jackson,4
zykvk9z0,John Gummer,4
9oc7ly4q,Gavin Laird,4
3yi212h9,Gabriella Cilmi,4
lk5642kb,Samantha Giles,4
dtxhdnx9,George Walden,4
bjer6ppj,Will Greenwood,4
9pbwop5c,A.A. Gill,4
jff747q1,Ricky Gervais,4
j1vq8ukz,Giles Fraser,4
h2nnp5bm,Jason Gardener,4
b9uwkri0,Gillian Shephard,4
j913kg9w,Peaches Geldof,4
cwpz71ji,Gordon Ramsay,4
oo7xp8de,Bear Grylls,4
6w579r1n,Goldie,4
j16n220a,Jacky Gillott,4
0jat6b57,Glynis Barber,4
13lnhyr1,George Benson,4
w139sbis,Emma Griffin,4
780qxp6u,George Monbiot,4
olm3lxd8,John Guy,4
44y40wje,George Lamb,4
um7e5i1i,Loyd Grossman,4
ukfvnwms,Gerry Kelly,3
7plx7fkd,Zac Goldsmith,3
iak21r1q,Cassandra Goldie,3
4d07u1nf,Greta Scacchi,3
2b9yo7wh,Greg Combet,3
yk79na6i,Gloria De Piero,3
lb5f5k2o,Gordon Kennedy,3
95k4c8nh,Gwyn Thomas,3
ijccyzxe,George Clarke,3
w93536uu,Gwen Watford,3
qi6ulqpx,Steven Gunn,3
6wy4ycfh,John Gordon Sinclair,3
vg9im0f8,Diarmuid Gavin,3
nae8hrk9,Shay Given,3
5wpgr8wr,Dean Gaffney,3
40pzclof,Gerald Harper,3
s45mumae,Robert Gildea,3
i4ysi5zn,Gary Kemp,3
hwrfiawe,Gill Nott,3
ymz673p8,Adam Garcia,3
1zi4j02g,Sheryl Gascoigne,3
h91ix264,Gary McAllister,3
dlmpr4pg,Macy Gray,3
4n9puxbc,Gemma Cairney,3
jwnujzvg,Geraldine Quinn,3
j8onc4ut,Dr Val Gibson,3
cx5m1uqv,Corinne Grant,3
3mkiaprf,Ged Kearney,3
c2f3ohrb,Andy Goldstein,3
p12hqw4x,Greg Fleet,3
9arbqfwf,Galen Strawson,3
a18k8rwu,George Pascoe-Watson,3
v4cw3pag,Elizabeth Graham,3
cgkce9eq,Renee Geyer,3
3rdwdvc7,Gordon Clough,3
1da3xdy2,Gary Lucy,3
qyzy4hl5,Gareth Thomas,3
4mkxwzgl,Giles Coren,3
43n5nhdl,George Melly,3
pjdwum00,Lauren Goodger,3
5dgs2ho0,Greedy Smith,3
f5nifco5,Mark Gatiss,3
y8wnmc7m,Glenn Tilbrook,3
5gf6io5a,Darren Gough,3
0ov42z95,Gary Beadle,3
dwarfjy8,Prof Lucie Green,3
iuefqh8a,Janeane Garofalo,3
wd5hhpv3,Gethin Jones,3
3xuo844c,Greig Laidlaw,3
dlnek6ol,Sarah Greene,3
uuksxavw,Jo Grimond,3
zjto9r61,Thomas Galbraith,3
pk55t33m,Gerald Malone,3
uerh0dz3,Laura Grimond,3
7bca58xj,Paul Grabowsky,2
v5dilpsd,Hannah Gadsby,2
rymizsk1,Grant Nicholas,2
ncnkcf5w,Henry Gee,2
bq0y1l5m,Geordan Murphy,2
5ofu9czm,Katie Grant,2
wvhh5d12,Gilly Coman,2
htskyt25,Judy Geeson,2
qqvqo2n8,Glen Gregory,2
v41b7nbp,Greg James,2
sh5pf2e1,Jilly Goolden,2
4hexez3c,Eldon Griffiths,2
iq8jwacf,George McEncroe,2
7pkk9a9z,Nikki Grahame,2
9ny78n77,Gemma Merna,2
unp5z6hs,Glen Smyth,2
vaatfnfp,Alan Garner,2
5yrpcj1s,Gabrielle Glaister,2
9l95ieqv,Charles Gray,2
fupufep7,Graham Gouldman,2
nw4y4ost,Glynis Johns,2
pbrf6olr,Tess Gill,2
xxbdsg9k,David Guetta,2
yf7vd5l7,Gay Hamilton,2
kgxjyowg,George Cole,2
r6ub1ela,Gaizka Mendieta,2
bmrjth3g,Guy Rundle,2
lgrn3ago,Robson Green,2
q5l0os0j,Warwick Gould,2
ob6slnua,Mikey Graham,2
avh5323d,Sir Michael Gambon,2
qss2tbmk,Serena Gordon,2
2enffw8h,George Wright,2
dxjcylk2,Gareth Jones,2
3s6lq9dq,Gerard Henderson,2
97mmi9fh,Gillian Miles,2
vc123to3,Ron Goodwin,2
sw3s9chs,Chris Geere,2
1x895pi9,Graham Onions,2
pd503zmu,Geoffrey Pattie,2
nkmohyt3,Sandra Gidley,2
m9ghlbq9,Shaun Gayle,2
cidt4r9q,Michael Greco,2
b29relcj,Richard Gill,2
u2hczb1o,Simon Gregson,2
b0z531qp,Colleen Graffy,2
zjj2kget,Alistair Graham,2
hwwd9gux,Geraldine McEwan,2
4qe4jx7o,George Michael,2
95zjvtz3,John Groser,2
qb5jqjjz,Colin Gordon,2
9ugf1551,Gizzi Erskine,2
z06o3m9f,Andrew George,2
nr0v4whi,Jeremy Guscott,2
ttvlpp98,Gary Wilmot,2
u5a58ta5,Stephen Gately,2
0ti84j7v,Glenys Roberts,2
5v7gnip1,Dai Greene,2
1ouvakui,Dr Anthony Grayling,2
z16z3bu9,Jane Glover,2
u5tldwek,Natalie Gumede,2
j2591r21,Gary Barlow,2
2v2jcqlj,George Martin,2
d7482n93,Greg Clark,2
360vztue,Georgia Taylor,2
n8d9iztn,Jill Gascoine,2
q7uz0yk1,Eddy Grant,2
iv1hk0jp,Guy Sebastian,2
l5zf69hi,Glenn Wool,2
rdunermo,Timothy Gowers,2
o5hhhsyo,Gavin Esler,2
cr1psboa,Glen Matlock,2
gr05bzk0,Peter Gilmore,2
ollynlls,John G. Stackhouse Jr.,2
77bk3klq,Shirley Goodwin,2
xz1cvzf5,Gemma Calvert,2
5kxhdkst,Julie Graham,2
txtpo2w8,Jon Gaunt,2
n37vsozt,Stephen Graham,2
1voyh27x,Sue Gerrard,2
9t9u6aoh,Ivo Graham,2
qlmiduzi,David Garrett,2
tv15yif0,Geoff Cousins,2
bvsj6k99,Geraldine Turner,2
s765i14b,Deryck Guyler,2
3qvg6ik6,Guy Noble,2
v52pxfnl,Gennaro Contaldo,2
8e6lcdg5,Goldie Hawn,2
141vuggd,Davina Galica,2
ew5r3y5d,Katherine Grainger,2
3808dcs3,Profesor John Gray,2
qxu8lvxh,Graham Cole,2
y7u7dqp8,Howard Goodall,2
by7iskv1,Gerry Kelly,2
ahq1ruck,Gillian Lynne,2
27vg14xy,Aaron Gilbert,2
myj06iov,John Gillingham,2
1hi1g75c,Robin Gibb,2
co87t15y,Gillian Darley,2
e5d5g3c8,Gemma Atkinson,2
kzntjak2,Sankha Guha,2
zs0apxwq,Steven Gerrard,2
o56qp1u1,Richard Gordon,2
n47xibmx,Geri Halliwell,2
3m5lmsrx,Ashley Giles,2
oaoftey5,Linda Gray,2
yd2npdyx,Gareth Waugh,2
0nquveyc,Gay-Yee Westerhoff,1
z1pcgmym,Anne Green,1
qadvogi7,Bob Geldof,1
xiqpk9ns,Jennifer Gibney,1
w9xecs6z,Malcolm Gaskill,1
nvt2dpgl,Mark Greengrass,1
orqvqpzz,Mick Gooda,1
2ovc28zk,Gregor Townsend,1
ra3vv5ih,Gerry Fitt,1
7wup252e,Gina G.,1
c1k09owo,Greg Behrendt,1
tyez7q2x,James Goddard,1
ntwak6lp,Sir George Martin,1
gvuykykp,Greg Oliver,1
hmjag9hc,Edward Gardner,1
ejo3go6f,Graham Bell,1
l9m3k4gp,Garry Bushell,1
zp4h14c0,Grahame Bulfield,1
fc76akfw,Boothby Graffoe,1
oqtr8ls1,George Kay,1
tnbev9c1,Kim Graham,1
h326g3qz,Gordon Greenidge,1
thyl05z9,Geoffrey Hughes,1
kn9gq3a0,Stephen Jay Gould,1
ola94m5k,James Gibson,1
zxgxf1u0,Christina Gorna,1
d6hl5si2,Joe Goddard,1
uyf4bhy7,Gary Adams,1
k3cuxmkw,Dr Nick Groom,1
lnh61kma,Gill Pyrah,1
kmu18j3n,Fee Glover,1
lx0a3b6f,Sarah Green,1
h97auro1,Paul Godfrey,1
vb65inad,Glenn McGrath,1
lcb865bw,Gillian Tett,1
oxwiwkvn,Andy Gilchrist,1
9p9lq6kq,George Wendt,1
9hapnn8o,Geraint Thomas,1
sm2264xg,Gareth Stedman Jones,1
kirdj0rn,Stephen Gill,1
841wb0iq,Gustavo Poyet,1
nbos88a2,Gillian Relf,1
6i2le3e9,Whoopi Goldberg,1
p5dy8op7,Steve Gribbin,1
8mleh8fz,Richard Gombrich,1
8bjbparo,Dr Gwen Adshead,1
k2bdch29,Gurharpal Singh,1
4ekkbuhe,Richard Gottehrer,1
21uzdzsd,Gaia Servadio,1
hi3w5t02,Gerry Beckley,1
ydn1g3p0,Gary Eck,1
d7hevadl,Karen Lynn Gorney,1
cstb8g29,Iain Grandage,1
tb1ojcyv,Stan Grant,1
kkw5hls3,Georgia Groome,1
9l9ig60n,Vickie Gates,1
w62lsmie,Dr Eric Greene,1
nsa839id,Miranda Aldhouse Green,1
em43ngcl,Anila Graham,1
hni97iyb,Grace Collier,1
dr7yn5g7,Gene Simmons,1
g23l29fq,Geoff Raby,1
dyxu5aht,Shane Geraghty,1
5y6jtrag,Geoffrey Boycott,1
r7nb9lpf,Gavin Flood,1
5i6n7xq6,Phil Greening,1
9qwxpbn2,Gerry Adams,1
ubvmprgc,Professor George Steiner,1
8fcjnd24,Gail Kelly,1
maqlwkn7,Gregory Radick,1
ylysidel,Ariana Grande,1
i7sg10w3,Fiona Gilmore,1
jou0k9bm,Roxane Gay,1
fyi4og6n,Andy Garcia,1
w6r4yqe3,Gaël Clichy,1
ec5n85kz,John Gordillo,1
361zs924,Dorothy Grace Elder,1
olas5uue,Professor Henry Louis Gates Jr,1
jiy63g7u,Gabriella Mazzali,1
ikr03m7x,Ken Gill,1
0vnis2zb,Gary Jules,1
mlpd0qft,Gareth Gwyn,1
cz4dcgtj,Alistair Griffin,1
8rwqn3yy,Tanya Gold,1
hogm5yy6,George Thomas,1
up6msg4h,Gwynneth Flower,1
1gu98t7g,Guss Brooks,1
qmwqb07j,Garðar Cortes,1
r42jhhkr,Masha Gessen,1
a5kes8de,Simon Goodwin,1
lm3gydbz,Zelda La Grange,1
m13s2ln8,Nadine Gordimer,1
7n9a8yz5,Geoff Gallop,1
mjvlg054,Guy Pratt,1
eh2s0rz8,Gabriella Irimia,1
k18rf0b6,William Gibson,1
7i5jc3pf,Gavin Webster,1
ntdylz48,Giles Radice,1
2ur51o9w,Declan Galbraith,1
rwt3hhwm,Trina Gulliver,1
itqk60d7,Marion Gibson,1
f2zca1ig,Les Gock,1
a3rd49zp,Shaks Ghosh,1
w6tv2q3y,Professor Gerald Edelman,1
88xv6kkc,Tamsin Greenway,1
hyfw5ip9,Craig Gross,1
iieq7ag6,Dave Graney,1
n6eu373x,Grace Ioppolo,1
25jon86m,Michelle Gomez,1
z9rd8jqz,Gillian Beer,1
ccaprvbn,Glenn Wheatley,1
291vyqvi,Gregory Irvine,1
29wllokc,Dr Richard Gameson,1
a49e467t,Tony Gubba,1
df8o1xp0,George Carman,1
kckip70g,Bobby Gee,1
vhakwd1g,Damon Gough,1
ny7nlr10,Roy Gibson,1
u8dh7k8o,Ross Garnaut,1
gdv40yk1,Geoffrey Cantor,1
jhiksyj5,Martyn Gregory,1
p8cm1j79,Graham Taylor,1
i235mph8,Marion Gluck,1
3lpdndav,Usha Goswami,1
y2gkfz0n,Gary Stringer,1
0196xjns,Kevin Gallacher,1
axnszr5c,Julia Goodman,1
4tgtxsf3,George Pell,1
jk9oef3w,Isa Guha,1
4o3ybr8g,James Goldsmith,1
yep3a4cb,Brett Goldstein,1
shsc7jiz,Shane Gould,1
doi2egz4,Graeme Sharp,1
1slc76r8,Simon Garfield,1
f5tntx0h,Gurbux Singh,1
icfiu6ze,Graeme Clark,1
8dswmgtr,Sir Andrew Green,1
yg7wdj4k,Olly Grender,1
cb4kq3nm,Mike Gatting,1
ssy1idq8,George Phillips,1
7r1j4ar8,Dr Gabrielle Walker,1
8gsr6w84,Jaye Griffiths,1
ohcat79z,Mary Garrison,1
ne3kzguz,Terry George,1
de2dpa0z,The Reverend Graham Ward,1
xobwr8t0,Paddy Gervers,1
v5b2cboy,Geoff Lawson,1
2ct5aj5j,George Lane,1
ba716uje,Anne Gregg,1
swx9w3sc,Bill Gates,1
korgq6eb,Natalie Grace Chua,1
ft0cp964,Jon Glover,1
lnvbuw3a,John Grugeon,1
sncgegz2,Helen Graham,1
usn5rlcb,Grandmaster Flash,1
8r3lzgeh,Dr Lucy Grig,1
1lhacs9u,Vicomte Bernard de la Giraudiere,1
le5i3xty,Philip Glenister,1
4tapr6wn,Gemma Whelan,1
f9ec6mjt,Graeme Stanton,1
sphzkf6y,Geoffrey Rush,1
gdf6brx9,Glenn Hugill,1
6wjsg4r4,Nick Griffin,1
brl1odjj,CeeLo Green,1
kohlk2h4,George Negus,1
gppgon6h,Gore Vidal,1
hwihw8jw,Professor Danielle George,1
yglja93a,Scott Gibbs,1
ngk9jly8,Jane Goodall,1
jt7hh9zg,Martin Goodman,1
fpgco6op,Peter Grant,1
fg6zxwsk,Gail Dines,1
ylv6flix,JB Gill,1
wn65xjrs,Jesse Griffin,1
e1mvrrq8,Sir George Young,1
rdp3w5am,Rachel Grant,1
ykjaix9v,Chris Greener,1
w8cnk5ly,Lindy Grant,1
1y9n3k9b,Nicholas Guyatt,1
ui6nxyj8,Andy Gray,1
xvvz11zh,Graham Coxon,1
3ool5kk3,Geoffrey Thomas,1
mzh294l3,Graeme Squires,1
sjqmmbwk,Ellie Goulding,1
u022507b,Godrey Smith,1
hq846fwm,Mike Glazer,1
ua5n1ovv,Gordon Wilson,1
nztcz5va,Georgia Slowe,1
tuqhx4gs,Geoff Capes,1
zuxgie93,Robbie Grabarz,1
jcqol5kl,Robert Gwilym,1
6tpu3jy2,Grace Woodroofe,1
vgq61quo,Rob Guest,1
oyrzu4yn,Pierre-Yves Gerbeau,1
zvc0p8hf,James Guy,1
aev8wr5a,Jimmy Greaves,1
31jvowse,Nickolas Grace,1
2o79fpnc,Sandy Gutman,1
46ipi5am,Dan Gillespie Sells,1
scmxjtba,Garry Kasparov,1
de0enxfe,Dr John Gribbin,1
il5nal7m,Fran Godfrey,1
mqe4uh7t,Graham Bradley,1
fybhmyve,Lady Gaga,1
5w1mw8tg,George Megalogenis,1
eg26jmgp,Jonathan Guy Lewis,1
9sl23zf5,Deepa Gupta,1
h5snq1al,Grahame Bond,1
rh41mrb0,Greg Searle,1
5aywwudj,Jimmy 'Five Bellies' Gardner,1
jpnnksdr,George Beccaloni,1
4yu8bqqw,Tim Greenshaw,1
9besa5p8,George Takei,1
ntcbtoms,Geoff Parling,1
0erl3c2d,Bates Gill,1
gr8x4ope,Tony Gregory,1
nesz8a7y,Corinne Grant,1
9tnezaoo,George Bernard,1
iopu3f9i,Gwen Griffith-Dickson,1
19awr4bm,Grigory Karasin,1
1c9ngnuu,Stephen Gates,1
4gtu1we1,Abigail Green,1
y981mgbi,Bernie Grant,1
9ji6qlhv,Gavin Henson,1
2vflvh60,Paul Grayson,1
eqknfoq7,Geoffrey Robinson,1
3fcrhmhy,Georgie Somerset,1
pvyabi90,Paul Gascoigne,1
3ka5qdw0,Stuart Goldsmith,1
inuxyadu,Glen Wool,1
9cp6c0zw,Mitch Grady,1
ti73iunt,Lloyd Griffith,1
i4p0xxgw,George Hamilton,1
g1a7bx37,Damon Green,1
1ih6n47h,Leslie Ann Goldberg,1
zhe92ejy,Mary Gauthier,1
gxw30ms2,Jeremy Greenstock,1
g6a5k6cr,Sam Gray,1
6xgmjlmy,Sheridan Gilley,1
szpky8h1,Gus Macdonald,1
qpkscv1j,Graham Robb,1
b6vcdyqj,Greg McHugh,1
4xs41869,Godfrey Bloom,1
tj4qarp5,Regenia Gagnier,1
t74enhuv,Philip de Glanville,1
lg65s6nu,Slava Grigoryan,1
2qfj1ag4,Graham Gooch,1
6x7broww,Glenn Carter,1
edzc9t4k,Gemma Gibbons,1
4k9tqmtq,Geoffrey Palmer,1
2lk5qhck,Gene Robinson,1
ibhfnkv1,GloZell,1
m0bl5jka,Gerry Stergiopoulos,1
sfjid5w8,Raymond Geuss,1
e8e0ys4u,Gareth Evans,1
yunrl3gf,Gemma Bissix,1
k772kt1u,Reuben Gosfield,1
i86ijdvo,Gordian Fulde,1
t7h43cfn,Mitchell Grady,1
uoi2r2ba,Krishnan Guru Murthy,1
cwiwfdvw,Raphael Gualazzi,1
vppxs074,Graham Walton,1
aby9tqot,Brian Glover,1
x7u7mle6,Alison Goldfrapp,1
8qxzts1g,Lord Geoffrey Howe,1
jg3oys0s,Peter Greste,1
jmcrp2c1,Gemma Ray,1
hzfm3ii9,George Carey,1
jd1gnwh9,John Gunnell,1
et5cdbet,Gretel Killeen,1
bo6vrir1,Gary Tiedemann,1
i2i37xnz,Tamsin Greig,1
cqmsww3w,Graham Poll,1
5e0zqat9,Gavin Wood,1
drbzh6qr,Sarah-Lee Guthrie,1
imwan95v,Mikey Green,1
a8dzx5lu,Guy Pearce,1
e1dzq7kc,John Gaunt,1
m3x082so,George Brown,1
kn3jejt2,Roger Gale,1
df0ersol,Raimond Gaita,1
j69q9kqo,Mark Goodier,1
que7f4u8,Gregory Kane,1
hqarq9r3,Mel Greig,1
jl8w5a23,Simon Glendinning,1
1luozv56,Gary Moore,1
rtuy108f,Anne Gildea,1
5qxqgj3i,Genevieve Lemon,1
vv1kmdty,George Foulkes,1
mc5pks81,Gianfranco Zola,1
uvxsgh9a,Joseph Gilgun,1
9k7swpjj,Gillian Hawser,1
a9vq357h,Jane Goldman,1
du2edjl1,Anne Goldgar,1
xf7wj5ro,Janine di Giovanni,1
trhi66lv,Adam Gillen,1
7t7ltp0p,Geoff Hampton,1
rbxmirdb,Grace Knight,1
ks8fswv3,Jacqueline Grey,1
jbyic0ia,Joanne Guest,1
f6cp7cbd,David Grummitt,1
vlipekf9,Will Gompertz,1
aftugh3z,Geoff 'Coxy' Cox,1
4vtokl59,Vittorio Grigolo,1
pc242d2n,Ricci Guarnaccio,1
6x9u6e1z,Glenn Hoddle,1
vzipm9u1,Stelios Giannakopoulos,1
c1uttor6,Lara Goodridge,1
0x6u6f75,Gina Castelain,1
1w5g58xj,Guy Garvey,1
tem9epdc,Geoffrey Hayes,1
woxnd84y,Kate Grenville,1
y8ty3ziu,Gwyneth Powell,1
1gn2enlc,Hilary Greaves,1
8o7qiy8v,Anne Glover,1
jt5aj0pi,Peter Greste,1
jdob8l3e,Ghada Karmi,1
ey9wjddd,Gordon Honeycombe,1
q8qxg8i8,Anne Gerritsen,1
32of1apu,Andy Green,1
gox8i9x4,Jonathan Glover,1
osb4vvi5,Duncan Goodhew,1
7c6dscbe,Paul Garner,1
jdf0xmhn,Georgia Moffett,1
gx5c3vc5,Monica Galetti,1
g1957tyl,Gabby Roslin,1
3zk5vbyd,Kathy Griffin,1
yiew1uti,George Watts,1
eprm1u0e,Katy Gallagher,1
m3u623su,Geraldine Brooks,1
mpa2f697,Guy McKnight,1
6pf7h6qe,Gary Hart,1
qwwk5pnj,Tom Gray,1
7fw2n00u,Graham Thorpe,1
dqxeohwl,Ian Gilmore,1
ke5hxij8,Dhäŋggal Gurruwiwi,1
v7wogvnf,Justin Gatlin,1
dju7y2wb,Joe Gormley,1
ev4yoegx,Gavin Hastings,1
sazv9adb,Walter Goldsmith,1
3dlq4x1k,Mel Gaynor,1
8sm933ft,Ruth Goodman,1
txm8um97,Gordon Strachan,1
zyxfwgmc,Olivia Goldsmith,1
a7qjdj75,Glenn Carle,1
yqyvv1o7,Gordon Haskell,1
fvb43c28,Gary Neville,1
pdio70qg,Sharon Gless,1
d1wioye9,Garry Bailey,1
nktnbc59,Stephen Green,1
drh1s9e2,Paul Grabowsky,1
78gu2p9b,Robert Green,1
4uff682s,Graham Leonard,1
1ycv4yak,Gary Webster,1
rn9ena8n,Sanjeev Gupta,1
i1cgnlay,Jonathan Green,1
c1dte8ig,Richard Gregory,1
l8km9bb7,Jason Gillespie,1
gujvewtp,Gavin Stamp,1
4ehe8x8e,Gordon Burns,1
2xleqfb0,Iain Gray,1
bclccr0i,Jane Green,1
etr7l8jb,Hugh Grant,1
ywgjt6o9,George Gheverghese Joseph,1
e0wg3hcc,General Sir Michael Rose,1
vbnnnnvm,Grahame Morris</tr>,1
1yxc3sue,Jay Gardner,1
bk7g33bz,Gavin Strang,1
0i24qi3k,Grainne Maguire,1
5ni3t05a,Gen Fricker,1
mpmcqvfo,Aiden Grimshaw,1
lcbdwhrh,Grace Adams-Short,1
a4uwadcy,Elaine Glover,1
kshtv3j4,Bill Goss,1
jv9f46in,Georgina Bouzova,1
svcywdgp,Gerard van Gelder,1
ft7jh50w,Geoffery Rush,1
zu7c56yh,Grace Chatto,1
ozfqeh1x,George Layton,1
jcw0a8nt,Gina Riley,1
hbiroyf8,Griselda Pollock,1
38smf4j9,Nicholas Goodison,1
mgh5p0r9,Michelle Garnaut,1
4zivzb8v,Jane Grant,1
9t7jt852,Graeme Innes,1
5d6o12ej,Felicity Green,1
lqiudvpq,Bruce Guthrie,1
6do83a6z,Therese Grankvist,1
dmg8w0zt,Brendon Gale,1
iku8ewux,Gethin Jenkins,1
oszefncx,Gina Jeffreys,1
lnty5ryi,Gloria Gaynor,1
34om9i4e,Greg Woolfis,1
5ib01b2h,Glennis Kinnock,1
r0mvh6dc,Gerry Robinson,1
w39w1bst,Tamar Garb,1
to14im52,Elinor Goodman,1
kj5m18ix,Jessica Garlick,1
wt07352l,Gary Brooker,1
nn9k8ba9,Richard E Grant,1
jlcgxbzh,Glenn Shorrock,1
c621rsuc,Ian Gow,1
ty6rzovu,Dominic Grieve,1
ck13oib9,Zach Galligan,1
syzi9w93,Rachel Griffiths,1
q1pmw1vm,Dr Mark Goldie,1
zfc1yo9l,Adam Gemili,1
d2smkwew,Gillian Peele,1
l6xftr18,Peter Ghosh,1
hqvfym9k,Lara Giddings,1
ixoihl1h,Guo Jian,1
ud717bpq,Zerbanoo Gifford,1
q1r9md8l,Gillian du Charme,1
ymrutio8,Miriam Griffin,1
ovopw393,Gillian Triggs,1
fu5odlhg,Georgie Parker,1
kap34p8r,Rob Green,1
3ixav5c3,John Gale,1
1eq0rm8o,Zach Galifianakis,
mxdqkmkb,Gerald Edelman,
k3ei7nxp,George Steiner,
