uzk8veiu,Jane McDonald,789
h6wdx3nf,Janet Street-Porter,437
87ulicd3,Jeremy Hardy,406
sx5n2tkh,Phill Jupitus,397
qudj2xew,Peter Jones,328
tiewbgqw,Jimmy Carr,327
98kvb37m,Tony Jones,323
m552j442,Jackie Brambles,317
l3xqjxtv,Jane Moore,292
goz3ofbt,Jack Dee,173
vo7y4a4s,Jamelia,162
k6egqudh,Jon Richardson,151
fychgvqk,Jenny Eclair,150
cgg5lqmj,Jonathan Ross,150
b93y6vnu,Jo Brand,128
lcx9zc14,Miles Jupp,108
zid1la51,James Corden,96
3vblg9jo,Jason Manford,95
djszfogi,Jack Whitehall,94
vetnyfo3,Jamie Redknapp,88
x2vmpjxi,Ulrika Jonsson,85
l18oibi4,Julian Critchley,83
2a1h4fcb,Julian Clary,77
9b46vz01,Johnny Vegas,73
eyjfogrf,Joe Wilkinson,69
ysvv93ea,Josh Widdicombe,67
o4ohfiqq,John Sergeant,67
j9nk18ol,John Bishop,62
hf0tqhpm,John Cushnie,49
r2evoq9e,John Wells,39
m2pllc47,Joan Bakewell,37
xstc1ush,Milton Jones,36
ugexc8pw,June Sarpong,36
uqomb8vb,Jeremy Clarkson,34
zgmet3jf,John Prescott,32
bmrxku03,Jo Bunting,32
xq202779,Josie Lawrence,31
jrj4vgbo,Joanna Lumley,28
ie1e7wsh,Josh Earl,27
p7wco37j,John Redwood,26
rwxhc32a,Joe Lycett,26
n7p4e03w,Clive James,25
ulgkac33,Julia Hartley-Brewer,23
uheebfyu,Boris Johnson,22
arthkler,Jenny Powell,21
ql0qatbt,Jason Donovan,21
mkuo9ika,James Acaster,21
vbj7kc1z,James Wong,21
5hdj7e5k,Simon Jenkins,21
c5gl5oce,John Barrowman,20
df8k5tz6,John Finnemore,20
oxsxtf4o,Steve Jones,20
mop8wi6t,John Sessions,20
8k06jq62,John O'Farrell,19
628j8kc7,Jack Straw,19
nw0oe9en,Alan Johnson,19
901hnjke,Julia McKenzie,19
pi1s1cek,John Smith,19
z6v8rr5y,Josie D'Arby,19
e8hylsiw,Joey Essex,19
33qlznh9,Roy Jenkins,19
bgfey1xd,Josie Long,19
5eveb8p1,Jo Caulfield,18
lna9xkc9,Geraldine Jones,18
2nlejb5v,Barnaby Joyce,18
3z1p9a6z,Judy Finnigan,18
fcjekd0h,Jenny Tonge,18
h3jvd5mj,Jason Byrne,17
piwswmnc,James Martin,17
vs8m7zgl,Christian Jessen,16
4d0guwpf,Joe Pasquale,16
kaj2gy4b,Jon Culshaw,16
uuvdl6kj,Dom Joly,15
p8n4kcfd,Duncan James,15
238tsdxs,Joe Hockey,15
p7gvqpns,Jo Swinson,15
0pieout7,Jennie Bond,15
6jht67f1,Griff Rhys Jones,15
xmszql4z,Joan Collins,14
8yzvrdz1,John Mullan,14
08tkx8oo,Justin Moorhouse,14
xvxlztf6,Jeff Green,14
dphk7nej,James Cracknell,14
3n7uaov8,Julia Langdon,14
dthz2wn0,Janet Daley,14
ljv92t17,Joe Swash,13
5c8j608o,Janet Albrechtsen,13
kn84ys1v,Elis James,13
sb2qyy1b,Katherine Jenkins,13
i1yg0grk,Julian Morrow,12
m5gf0nij,John Junkin,12
nfn9uzed,June Whitfield,12
exfyytuy,Julie Bishop,12
j8a8nkti,Harry Judd,12
r97dr9wh,Lesley Joseph,12
xaudgo95,Jenni Trent Hughes,12
ngxl620m,Judith Sloan,12
kdnck9f7,Julian Pettifer,12
qyfh639j,Jonathan Wilkes,12
og5wl0th,Jennifer Ellison,12
lim5mmou,Justine Greening,12
76pb75u2,Jayne Middlemiss,12
ucuj533y,Jessica Hynes,11
j86xc4rw,Sue Jenkins,11
a0ruwecx,Danny Jones,11
6dgxrf0s,John Torode,11
gepnetc2,John Harvey-Jones,11
aucasrs1,Jo Joyner,11
6fd2akfw,John Thomson,11
f4smemcx,Jason Gardiner,11
15jmzsmk,Alex Jones,11
ntzzv6st,Colin Jackson,11
1vcyl572,Lisa Jardine,11
v58ro4o9,Jimmy Bullard,11
t5dwdzuc,Jan Ravens,11
qgmnota2,Jonathan Bate,11
l8s75b1v,Justin Champion,11
0cuwg0qo,Joan Ruddock,10
khat0fyv,Peter Jones,10
juqz9oro,Hilary Jones,10
mkoa1tta,Julia Goldsworthy,10
0h7ukb0v,Julian Fellowes,10
22aua9gx,Jonathan King,10
6xn2qy4f,Alex James,10
xc6maz0v,Derek Jacobi,10
86xeukir,Judith Hawley,10
t6m377l9,Ruth Jones,10
oz0e3e2v,Jack Cunningham,10
sx8uz7a4,Jenny Agutter,10
ac3z56jb,Joanna Jones,10
013u6r7n,Julie Kirkbride,9
5st7imgh,Jerry Springer,9
2jbqpu3g,Jimmy Osmond,9
yz9ieil0,Jill Halfpenny,9
rhhx9oi8,Johnny Vaughan,9
n2tajjlx,Jeremy Kyle,9
v1gu4vsc,John Biffen,9
hq88jn9g,John Cleese,9
zzmskb68,Aled Jones,9
v5ud22gw,Janey Godley,9
p5o3ewu6,Jean Marsh,9
y3wcwk7v,Jackie Clune,9
e5c6jia3,Joe Calzaghe,9
8jf8izcs,Jay McGuiness,9
c82x62c0,John Oliver,9
njsnmzuj,Jennie McAlpine,8
cnv269x1,Jeremy Black,8
9qevo5v5,Justin Edwards,8
hzzj4mg4,Jackie Collins,8
1odhk9ia,James Morrison,8
xi14daf6,John Swinney,8
4b7wxqnh,Jeffrey Archer,8
hdl5buqe,Peter Jenkins,8
hptk3vn3,Jacqui Smith,8
jyez9l7v,John Haldane,8
m97rplex,Jade Thirlwall,8
lnfpseu0,Norman St. John Stevas,8
3tfkko6p,John Patten,8
9t6ybgjg,John MacGregor,8
dcm86kyk,Jodie Prenger,8
dlznxlfb,John Challis,8
u97y7dnl,Tessa Jowell,8
d1au4cv0,Jim Bennett,8
7cgf8ofb,John Lloyd,8
5wel4jmi,Jamie Laing,8
ay5ogbgf,John Denham,8
m3shyx7u,Jake Roche,8
pfwwzcek,John Dunn,8
mpunf0h1,Jeremy Hunt,8
5megfa6c,Juliette Wood,8
pjuln7n6,Jonathan Rée,8
m8rxe9uy,Jesy Nelson,8
ytzmp6uu,Josh Frydenberg,8
iqk1jtj2,John Craven,7
i3xv6q86,Jonathan Davies,7
w1f77h6u,John Humphrys,7
hv1tiwu4,Jonathan 'J.B.' Gill,7
9w6faun1,Jay Lafferty,7
srnjzwhz,Glenda Jackson,7
mwjhlxcr,Suranne Jones,7
cic2lt3o,Jeremy Vine,7
tik6ub9s,Jim Al-Khalili,7
jn4owd3v,James Blunt,7
bmq75zmz,Jackie Ballard,7
k29yf6hg,Jane Francis,7
wlfdes2j,Martin Jarvis,7
0j645rx3,Jaymi Hensley,7
mbbaq69m,Josh Groban,7
aequ5kqv,Jordan 'Rizzle' Stephens,7
m7qnupci,Jennifer Saunders,7
01ok5k6g,Jacey Sallés,7
vukan7kq,Jack P. Shepherd,7
jxu4566s,Jonathan Ansell,7
epyfp1hn,John Carey,7
w9ysud9a,Ben Jenkins,7
l9ij492d,Jodie Kidd,7
achklptj,Justin Ryan,7
27i85ut0,Jo Kendall,7
blsmx54u,John Reid,6
wsotyzqq,Joel Fitzgibbon,6
1l7ja6qo,Sajid Javid,6
x59zfuf0,Jarred Christmas,6
syabyvky,Jean Lambert,6
0egfos88,James Anderson,6
w505n70n,June Brown,6
jtvosluc,Jane Thynne,6
m0nc6gct,James Prior,6
m7x5pms0,John Bercow,6
nj5glg51,Jonathan Biggins,6
ityi4n6d,Jan Francis,6
w2sqj8lf,Jacob Rees-Mogg,6
a6h4phid,Joe McElderry,6
np24rr55,Owen Jones,6
0obrqdke,John Michie,6
kh3m7w91,Jeremy Edwards,6
2gidacwr,John Partridge,6
w0z55yp9,Julia Gillard,6
u18yfvgn,Jonathan Edwards,6
xnyl5tpf,Jameela Jamil,6
0w3n2ffw,Jonathan Sawday,6
5kpnmpqk,Jean Metcalfe,6
qe02qt97,John Edmonds,6
xyycwy0n,Jamie Theakston,6
x4q6e82f,Helen Mary Jones,6
fku6nuzq,Digby Jones,6
aj7cqhnc,Jack Tinker,6
tc9lovpx,Julia Neuberger,6
e1ztvd8a,Jo Whiley,6
v2bwrx8p,James Argent,6
3pk768os,James Burke,6
jtjqjjtx,Janet Brown,6
8zd41h9x,John Bird,6
3bzdvtfk,Jermaine Jenas,6
o53iykqf,Jill Kirby,6
2gd8hh8v,Sir John Betjeman,6
wlg4u0ny,Junior Simpson,6
r3gbcre0,Joanna Page,6
q2nayvqs,John Banham,6
mgsiouix,Josie Gibson,6
hdf7d144,Jeff Brazier,6
rexwzksg,James Toseland,6
9rmmlrlh,Bernard Jenkin,6
e98c0h4v,Jessica Ennis,6
h43fe62w,Jenny Jones,6
awpz1o8f,Jeremy Browne,6
74l6lidg,Michael Johnson,5
ln497k25,Jamie Oliver,5
n9634j6x,Janet Radcliffe Richards,5
nrx55coe,Russell Johnston,5
5434dxmw,Joe Hildebrand,5
7jki4lfs,Julie Sanders,5
avxewlpz,Jilly Cooper,5
rqnvspff,Brian Johnston,5
lqfy5kwx,James May,5
tkzf760g,Janet Fookes,5
ngq5x88w,Jane Caro,5
clrd504d,Jeff Hordley,5
7nl4hlp4,Jessica Frazier,5
wel8tcw8,Judith Chalmers,5
9rom80ja,Joss Ackland,5
ksvatwq8,James Thornton,5
f4ofq8x3,Jake Canuso,5
mwzcxmgl,Jayne Torvill,5
296nbyew,Juliet Roberts,5
o1m6i43x,Jim Wallace,5
nqgc9rno,Steve Jones,5
l1tmtutp,John Gribbin,5
ukmyohzl,Janet Ellis,5
zpp19wmr,Jamie Murray,5
kzokpdk8,John Keane,5
kqnvrnk3,Jenny Frost,5
2mp3k017,Jimeoin,5
knnnnbu6,John Grimes,5
i61588e9,Gemma Jones,5
rmqporpc,Jade Jones,5
yzybar7h,John Regis,5
zt7vc25z,John McCririck,5
6yo1rvfx,Julian Baggini,5
7c9qtyew,Jimmy Mulville,5
nmh64tnz,John Maples,5
8q3627xl,Josh Cuthbert,5
ivw3han6,Jacqueline Gold,5
m8c49fyq,Jennifer Clulow,5
vag73ro9,Dave Johns,5
4dnxhdzq,Jerry Hayes,5
lhpljcx3,Jackie Stedall,5
hioi413s,John Roskam,5
iuxnu0tv,Jean-Christophe Novelli,5
nggrfceq,James McVey,5
cy7pwrvj,Judy Murray,5
ifo0jg9q,John Simpson,5
32xt8u7c,Jonathon Porritt,5
9diens1c,Jenni Falconer,4
vuiegjo8,Joe Hart,4
otgx4neo,Jason Cook,4
lu7z3vsi,Jerry Hall,4
3ylrrod4,Peter Jay,4
u50l7bgf,John Pardoe,4
qdrejk60,Ieuan Wyn Jones,4
ir78lcf0,John Elliott,4
z7kyp79h,Rhys James,4
3l9udkdq,Jonathan Biggins,4
ewnb74k6,Judith Hart,4
9pq9q9u8,John Hewson,4
2nkh8m8e,James Maxwell,4
9ldflfdo,Jack Docherty,4
r1xa64aa,Michael Jayston,4
gw0kh7ih,James Caan,4
w5ob72bb,Jamie Cullum,4
rcf0gl31,John Hume,4
ca2hu4ig,John Hegley,4
w833qwc0,Jason Merrells,4
emjv9pru,John Barrow,4
02ep80jm,Shane Jacobson,4
8uyyhvpe,Rachel Johnson,4
zi9lkelc,Julia Zemiro,4
yf5y4y5q,Jo Frost,4
t0xrmu9a,John Hackett,4
paydo6t2,John Taylor,4
5lirc9vt,Joan Walmsley,4
h2nnp5bm,Jason Gardener,4
suqu6u1r,Jacqui Lambie,4
z18vio1l,Joan Rivers,4
z4s2rozu,Joyce Quin,4
olm3lxd8,John Guy,4
sqf9dq83,John Higgins,4
zykvk9z0,John Gummer,4
9wkb9nrh,Janet Soskice,4
dzmtb22r,Jules Knight,4
9fakf4bi,Michel Roux Jr,4
xc09sbqe,Jade Goody,4
3gq46faw,John Cooper Clarke,4
cov371ub,John Moore,4
sddemmky,Juno Alexander,4
bnra2kli,Jenny Meadows,4
40j20eef,Joyce Hopkirk,4
xb8neik2,John Hines,4
aswjw7k1,Jon Ronson,4
kk054xyr,Shane Richie Jr.,4
ido83d2n,Jane Reed,4
mqnpl06y,Jane Lapotaire,4
0rf9jm3m,Julie Goodyear,4
7qc37qlw,John Taylor,4
926kf7sw,Jennifer Hewett,4
dtdtp7qv,Jermaine Jackson,4
lifi8uxl,Gordon Jackson,4
sddqrspm,Jon Snow,4
j16n220a,Jacky Gillott,4
y0gmgfou,Jenni Murray,4
duy8ieoa,Janice Dickinson,4
f1z7icoj,Joe Haines,3
awetc4zy,Julia Sutherland,3
tl051h0m,John Fortune,3
xk0f8zb7,Joanna Coles,3
j2mapkvs,Jamie Briggs,3
wv9bxto5,John Pilger,3
6o2g7haf,Jodi Albert,3
hgnl32al,James Montgomery,3
gqy0qzi9,Richard J Evans,3
0dut6vid,Jane Seymour,3
nfobuw32,Jo Wood,3
dw3dry7c,Jeffrey L. Bleich,3
q5w4hr9g,Jim Dale,3
b2dxgeve,Johnny Ball,3
5w2hdpe0,James Arthur,3
9cq8dbv2,Jim Carter,3
0406hp67,Jarvis Cocker,3
pukxw56h,John Nettles,3
vtvzsy8a,Jake Humphrey,3
xltxx9ad,Jason Biggs,3
ur42tpdq,Jenny Seagrove,3
r4jtngcn,Sue Johnston,3
9hh4fdwe,John Thurso,3
joq2zcet,Jonathan Cecil,3
wd5hhpv3,Gethin Jones,3
dyz32ibc,Tito Jackson,3
9a9l7qen,Jaci Stephen,3
0zwcmsqb,Jermain Defoe,3
0j9hevdm,Michael Jamieson,3
xl11i805,J.J. Hamblett,3
dn7herq6,Janet Anderson,3
sd61h7y0,Jocelyn Bell Burnell,3
kpaerwog,John Walters,3
ojfbqyfa,John Major,3
4emq9or7,Patrick Jenkin,3
df6nhesz,James Paterson,3
fe7kvshd,Jacqueline Maley,3
5d7577dg,John Barnes,3
iuefqh8a,Janeane Garofalo,3
e2vfplp2,Janna Levin,3
f4eto3j6,Carwyn Jones,3
v1z977vh,John Symond,3
nn744xlp,Jill Kraye,3
ukq8cpit,Jim Jefferies,3
hnxe8iqt,Jon Wilkin,3
6wy4ycfh,John Gordon Sinclair,3
9yhf3kch,Hugh Jackman,3
bj49clkr,Katarina Johnson-Thompson,3
xqao4zoh,John Julius Norwich,3
rcefx49g,Julia Foster,3
skfc4byh,Jason Clare,3
9rwn0dyw,Janet Young,3
vmf4a6kz,Josh Thomas,3
bmk3s74y,Jodie Marsh,3
uuksxavw,Jo Grimond,3
4rq8c8ts,John Nicolson,3
fei1akzr,Jan Leeming,3
mc4wxon4,Jon Lee,3
j7qszu3g,Jonathan Dimbleby,3
bd9u5fdd,Joanna Scanlan,3
acmbupgx,Julia Lovell,3
o3l4mp6v,Diane James,3
m3qfrj4m,Jeffrey Donaldson,3
4wu761jp,Jenna Coleman,3
ag0mjt1x,Louise Jameson,3
4gmtfav5,Julia Morris,3
25lkup67,Jeanette Winterson,3
3t0v070s,Bianca Jagger,3
taybsq84,John Barron,3
4jo3qx25,Adam Jones,3
ddyydda6,Jason Isaacs,3
naf7kby8,Jack Monroe,3
t35xdlou,John Sentamu,3
dg9pjucv,John Kettley,3
vh7k6yip,Jonathan Aitken,3
m6id19ht,John Robins,3
8e5hzjsm,Valerie Jenkins,3
fyj6xicj,Anthony Joshua,3
xzrxzwur,Joleon Lescott,3
ijngfgko,Josie Cunningham,3
hycucwlu,Jeff Forshaw,3
oqjovst1,Jo Foley,3
hqs4nrcw,Jane Danson,3
onv3xyzw,James DeGale,3
rettzqsj,James Haskell,3
al77ohab,John Hartson,3
8wdeu4ke,John Moloney,3
chw9ep1p,Susan James,3
3cjjxtul,Julie Hesmondhalgh,3
x45pzlc3,Paul Johnson,3
i860bxae,Jacqueline MacKenzie,3
083tggso,Jim Bowen,3
v9up74sw,John Silkin,3
5t6t2zxf,June Barrow-Green,3
ic7mb9fk,Alan Jones,3
vzxi0b57,John Hannah,3
54clp8vi,Jennifer Metcalfe,3
g9ymn0ff,Jim Sillars,3
qpipegsh,Jim Keays,3
tpdbhcq3,Jimmy Savile,3
75umhpek,Anne Jones,3
0i8o2cqq,John Laurie,3
zafh7ioh,Julia Bradbury,3
6yb5szhf,Margaret Jay,3
9nhjaj6u,Sharon Jones,3
5ftmgqwa,Jean Boht,3
66f2fxp5,Sammy J,3
5dwoo8nx,Joanna Dunham,2
0pw2j9hh,Joan Regan,2
hqxarqhh,Jonathan Agnew,2
inmlg0cw,Robert Jobson,2
is5u3rj0,John Leslie,2
68wl3cye,John Dupré,2
ar2yfle6,Clare Jackson,2
3cmiu17l,Jeremy Bowen,2
0re6y2sx,Jahmene Douglas,2
ejvw30wi,David Jenkins,2
tdkn5m3u,Joanna Haigh,2
7j2lt8va,Joe Absolom,2
rs8f2j8z,Janice Lennon,2
ulog4ysh,John McDonnell,2
zooy0w19,Jacki Piper,2
a9p8alpe,Janey Buchan,2
flrr6sxx,John O'Shea,2
xj6vq3jj,Hattie Jacques,2
wnbkur9f,Juliet Harmer,2
xccc59r3,Joel Dommett,2
i7fvri0d,John Scott,2
xoosiint,James Beattie,2
41sqgpzv,Juliet Morris,2
ljklsfye,James Jordan,2
po7bsm0q,Joey Barton,2
81yk03ei,Janet Hartley,2
9l1a7bri,John Monks,2
rp5v7ia9,Michael Jackson,2
f9z3h3py,Stanley Johnson,2
myj06iov,John Gillingham,2
mdg3q75l,Jeremy Spake,2
uxr2nbj2,Jimmy Wales,2
ril8pwqq,Joel Barnett,2
5kxhdkst,Julie Graham,2
nr0v4whi,Jeremy Guscott,2
6whrpwm5,Jean Barker,2
0zuer029,Mark James,2
7bkjrwl2,Jason Derulo,2
4dybcuhq,John Diamond,2
bkijdo0r,Paul Jennings,2
bcg9e0lz,James Villiers,2
teu2gvnw,Jo-Anne Nadler,2
txtpo2w8,Jon Gaunt,2
wxxteg6d,Margot James,2
r0n2b13m,Jeremy McConnell,2
5oxm96m6,Janice Atkinson,2
sinnstx1,John Keeble,2
5gkrtpmo,Jenny Hanley,2
htskyt25,Judy Geeson,2
sh5pf2e1,Jilly Goolden,2
lvt9cuwj,James Loughran,2
nwmrzwnx,Jon Pertwee,2
0mb9hlns,Christopher Jones,2
iao0ly9w,Ryan Jarman,2
syvcoqiu,John Parrott,2
0bltbd2j,Joe Hildebrand,2
vuw7vk4x,Jeff Randall,2
1naoiir3,Judi Dench,2
z59ozplv,Jacqueline Tong,2
lju5ocuz,Howard Jones,2
rab4tzq0,Jim Davidson,2
68jx8c1i,John Paul Young,2
g101rx2y,James Rubin,2
pe17vfgv,Jimi Mistry,2
0bzim2d1,Janet Todd,2
n8d9iztn,Jill Gascoine,2
s5kop0hn,John Duttine,2
dzyhibgj,Joan Lestor,2
47jkwy86,James Hook,2
67jbglot,Jackie Kelly,2
o0kpp69t,John Snagge,2
6p1629e1,Jason Flemyng,2
pdul1s2n,James Pickles,2
qxocay2o,Jeri Johnson,2
t0hegz54,Jon McClure,2
2x63ssp6,James Alexandrou,2
jzdg5d3s,Jenny Morris,2
dnpqm6py,Jessica Benton,2
jothfzy5,Jim Kerr,2
tdtpne70,James Allan,2
wppc9jn3,Jimmy Tarbuck,2
8oeuua9d,Sally James,2
nban01ux,Jocelyn Jee Esien,2
gs61hdxb,Jeni Barnett,2
4wpwcuhz,Judy Cornwell,2
38y62z0p,Thomas J. Redgrave,2
orxft3x8,Jay Rayner,2
7ylagd25,June Bolton,2
ne1sclbr,Julian Burnside,2
ofaznblo,Jeremy Northam,2
1p3wev6t,John Worrall,2
q1xkdxsk,John Inverdale,2
j0hjhw8y,Jonathan Maitland,2
62v9t7to,Jamie Lambert,2
1b63mdiv,James Anderton,2
x3bjjl96,Jaime Winstone,2
gv8qnr9f,John Lydon,2
qlkah7m4,John Stalker,2
ntwp6n8p,Janette Krankie,2
eedadqgn,Johnny Logan,2
fvkoi4lv,Bruce Jones,2
rwr0nl6e,Jason Roberts,2
gkpxp5vj,Dr Juliette Wood,2
iqlitmpu,Susan Jeffreys,2
g7z94rru,Jonathan Dollimore,2
e10tmjvr,Jessica Wright,2
tdk2neu5,John Newman,2
hogw7vdi,Jess Phillips,2
br7sc6e7,John Motson,2
m40wlm8m,Jan Hall,2
lhyf0e8h,James Warren,2
x1xd36vl,Joss Stone,2
ez71qokt,P.D. James,2
swwzd8xa,Jesse Metcalfe,2
jwp5uvsq,Joanne Froggatt,2
py3uh3gm,John Deathridge,2
nw4y4ost,Glynis Johns,2
v30bes83,Joe Longthorne,2
qufi6yl6,Martin Jackson,2
jqxq1puc,Joe Root,2
58q6bpbo,Harry James Angus,2
p18d0gbi,Jenny Colgan,2
p02u60on,Jude Kelly,2
geyv59m7,Jade Macrae,2
3808dcs3,Profesor John Gray,2
8nqm0lwb,John Francome,2
nq2u5p07,Jessica Rudd,2
oou6shqg,Jim McLaverty,2
lurqfjsl,David Jacobs,2
zjak78t9,Joey Page,2
cola0tiv,David James,2
v1nspv3d,John Thorn,2
e8nen8m1,Jean Millar,2
83slutk4,Jessica Brown,2
erdz8azs,Jock Bruce-Gardyne,2
ro7teyna,John Cartwright,2
toffugwn,Bill Jordan,2
wq9r1w9p,Natalie J. Robb,2
1pc6djt5,Clive Jenkins,2
rv1yv7ag,Jane Humphries,2
2lvkye42,Junior Witter,2
rgttfo6x,James Sutton,2
ujuqcm7j,Jeremy Bullmore,2
x0lnzj9q,Jamie Roberts,2
510x57ul,Judy Bennett,2
07s3vn71,Jancis Robinson,2
sb1hou77,Janet Cohen,2
e30sa4lj,John Alderson,2
jqzasz62,Jacqueline Fear-Segal,2
ollynlls,John G. Stackhouse Jr.,2
fgmalk4b,Jean Denton,2
6rqa06os,Judi James,2
cqeku9ml,Jeremy Lloyd,2
f1fsenvs,Jo O'Meara,2
37xdc4by,Julian Orchard,2
zvik0dqb,Jane Stabler,2
xyn6y2nv,John-Luke Roberts,2
v41b7nbp,Greg James,2
2skds3t0,Justin Wark,2
4mh5qu2q,Julius Lipner,2
ekugv74y,Jacqueline Jossa,2
hkpvmgh5,Joel Edwards,2
ebv2fbly,Jessie J,2
t6hoho5f,John Baddeley,2
3sgvobl5,Josh Lewsey,2
0sgr08vw,John Mortimer,2
zoisqym0,Jordin Sparks,2
bld7cb4f,Jack Klaff,2
riz6oohz,John Zarnecki,2
moghxdmd,Jim Murphy,2
2cbibl6q,Judith Donovan,2
tsjf2r40,Jenny Uglow,2
975kx3ys,Trisha Jha,2
j7izyx26,Jonathan Lynn,2
rnond8lf,Edward Judd,2
z8232fpo,JJ Hamblett,2
cyi2efy2,Joe Worsley,2
40fobp0z,Jason Done,2
yrid5dh4,John Alderton,2
8nw08uvg,Cathy Jamieson,2
54vgjns1,Justin King,2
94q1aeyv,Joanna Rowsell,2
arc52orw,John Carson,2
fsmcqxh1,Jack Carroll,2
yq75h6cq,Joan Lester,2
yzod8g1b,John Bowen,2
dxjcylk2,Gareth Jones,2
rxlxwvhb,John Reed,2
dhja8d7d,Judith Lucy,2
mf8we1ly,Jessica Taylor,2
hmsywjkp,Ryan Jones,2
vgkimzup,Jeremy Beadle,2
0ne4ud1w,Jonathan Miller,2
ioia8ej6,Justin Burford,2
wxaburgh,Jacqueline Rose,2
zwz00ug9,Jianying Zha,2
douc8xsu,Jack Osbourne,2
7wbt0iwn,Dr Juliet Mitchell,2
z16z3bu9,Jane Glover,2
3avwy5ai,Jake Yapp,2
foiwblht,Frank James,2
jrcl2ybs,John Stevens,2
r4itqddv,James Dreyfus,2
1qqzjofz,Jim Knight,2
oi7xrncd,Joel Pott,2
sxr52oja,John Cottingham,2
en8wx6eu,Jake Wood,2
up9swvco,Janet Suzman,2
i8y9qm02,Linda Jaivin,2
3jb5zeaq,Jane Leeves,2
95zjvtz3,John Groser,2
qo14zrtg,Jonathan Riley-Smith,2
6tuouzi4,Joshua Radin,2
llh71rff,Myvanwy Jenn,2
4tfilwdl,Janet Key,2
73fhy786,James Bolam,2
8z972rfs,Penny Junor,2
vl9th3ct,John Charmley,1
sd97t71z,Jeane Kirkpatrick,1
ffm2jprf,John Michael Howson,1
de0enxfe,Dr John Gribbin,1
sm2264xg,Gareth Stedman Jones,1
rsrujyes,James Ash,1
q4or20cp,Jane Scali,1
schff03b,Julian Amery,1
py6lf095,Joel Morris,1
9crpgfua,Josh Howie,1
ksliii45,Laura Jones,1
lnqa94j4,Alun-Wyn Jones,1
yr9jz2ao,Alana Johnson,1
vjf6ible,Tommie Earl Jenkins,1
5l9ie25u,John Bolton,1
gcnhbssx,Jamie Jones-Buchanan,1
je7s0kh5,Joanne Harris,1
dj11bsps,Kevin Davies Joe Calzaghe,1
6ui2lgx6,David Jones,1
ngsgeugh,Joanna Hodge,1
lutxq674,Jaret Reddick,1
rxh8cree,Frankie J. Holden,1
n0d5pv32,Simon Jones,1
hpi61vy1,Johnny Briggs,1
f4qa1rmf,Dr Janna Levin,1
hgwn4mmo,Jackie Adams,1
04mmagz0,Julia Middleton,1
vnpyzg64,Jamali Maddix,1
yulk92wt,Jada Pinkett Smith,1
dqmqphnn,Jonny Woo,1
axnszr5c,Julia Goodman,1
xn5le1ni,Jonathan Philbin Bowman,1
47552sp7,Julia Elton,1
r1peo028,Jade Johnson,1
p5m1p5c4,Ian Paisley Jr.,1
bbes8zfr,John Williamson,1
pk8mh3yj,Jacqueline Bisset,1
rmivuy2l,Julie Tallon,1
5jy3jgna,Meg Johnson,1
3odtp3ys,John Doyle,1
ljuw5g3i,Harry Junkin,1
b69ryxhp,Jerry O'Connell,1
g0nuzmws,Ignatius Jones,1
er2i63r3,Johann Hari,1
4nqgnglm,Jessica Stevenson,1
le7lsvny,Jenny Nelson,1
ehazr087,Maya Jupiter,1
jweoou0x,Helen Joyce,1
18di72lr,Jimmy Barnes,1
e1dzq7kc,John Gaunt,1
yjifu6f4,Alfie Jackson,1
a499w0st,Jimmy Tingle,1
uy3itqby,Matina Jewell,1
uejke8ee,John Hodgman,1
rskmh2ml,Julia Tanney,1
z5jbex02,John Chaplin-Fleming,1
whqzz1ih,Neil James,1
zyssippm,Jim Allister,1
23joof5u,Jennifer Robinson,1
we3rjhz2,Jimmy Anderson,1
qlc3prch,John Entwistle,1
hfqealw9,Professor John Keane,1
g843j5eh,Jason Perry,1
55pebsmk,Joel Felix,1
b01doc17,Susan Jones,1
4tfw6eni,Julie Dawn Cole,1
yqpvrke5,Jill Tweedie,1
7kcit3gh,Jim Secord,1
in1w9nvc,Emma Johnston,1
n2cb4fer,Josephine Hart,1
7z66ceav,Janet Clare,1
bwg6c3uo,Jane Clifton,1
g4n05vti,Joanne Anderson,1
za9hfgun,Jill Jackson,1
itvauhdy,Jerry Coyne,1
eumr2sbr,Kaz James,1
lqakc46m,John Savident,1
ftw99job,Tony Jacklin,1
rgqya6vj,Jocelyn Brown,1
290dk5hp,Jason Leonard,1
z9t9vb4n,Jason Kenny,1
67x858lq,Jim McColl,1
qhoww5gf,Jonathan Stökl,1
jnh9rb5y,Joan Smith,1
y1oihs1h,Judith Herrin,1
74tnqlms,Jonathan Andrews,1
epyjhqmt,John Butler,1
o8csgmvg,Tom Jackson,1
na5roo70,John Balham,1
zpiewyx7,Michael Jones,1
dc781hpg,Jacki Weaver,1
4xzp8pkv,Jane Badler,1
iexm02er,John Della Bosca,1
6hf5tdrr,Jane Bussmann,1
oszefncx,Gina Jeffreys,1
zkwqmnsf,Jazmin Sawyers,1
blm8fax0,Jess Stickley,1
jqxqssfh,Jean Rook,1
xiqpk9ns,Jennifer Gibney,1
5bty6xdg,Hans Johann-Glock,1
ymkho5ku,John Lennox,1
bhpi1ypz,Neil Johnson,1
soynwgh1,John Safran,1
kg110cb6,Justin Moorhead,1
75d2ih1r,John Spurr,1
5vkqokuc,Peter Jones,1
ryvo3zxn,Jamie Crawford,1
1rp3xl8i,Johnny Herbert,1
9y5xxeza,Emily Joyce,1
y2cc4c4w,Howard Jacobson,1
604cubde,Jane Ewart-Biggs,1
23nn837q,The Reverend Dr John Polkinghorne,1
pc6oniz2,Jessica Sutta,1
27yeb61j,John Dunlop,1
ms1sgmu4,Eaton James,1
eg26jmgp,Jonathan Guy Lewis,1
ks8fswv3,Jacqueline Grey,1
vgsz3p95,Jono O'Neill,1
b5zljgwf,James McFadden,1
ybjeqm65,Joanna Trollope,1
w1y6qcff,John Butcher,1
jbyic0ia,Joanne Guest,1
sutml5rs,Peter Jackson,1
cqdck11j,Ngaire Joseph,1
bb19rc7y,Dr Neil Johnson,1
bvgb2t3v,Jane Langdale,1
sxzggv4g,Jack Dromey,1
y5smzaec,Jim Al–Khalili,1
r0plx1k8,Janet Morgan,1
1sn7pg07,James Walvin,1
6chmepgz,Jackie Llewelyn-Bowen,1
sr98q34y,James Michael Tyler,1
5aq8t6mi,Jessica Mann,1
3rj7xu48,Jonathan Betts,1
34oaefcv,Juanita Stein,1
cdoe6bpy,Judy McKnight,1
fkyhns23,Javine Hylton,1
xd37w9am,James Cleminson,1
ow6q6231,Phil Jamieson,1
e6p1zj67,Douglas Fairbanks Jr,1
69eni7u7,David Jackson,1
vyfsk9am,Joe Duttine,1
7za80ryl,Annie Janowitz,1
cw3gwmdk,Jo Milne,1
l6eyfyg7,Jim Maxwell,1
en85a4i4,John Whittingdale,1
ixoihl1h,Guo Jian,1
986c0gst,Barry Jackson,1
v2cyvtv1,Jono Coleman,1
yblw16ni,Jesse Bering,1
d6hl5si2,Joe Goddard,1
pltvwex4,Johann Lamont,1
qb4hnpkq,Jack Howard,1
6gdhg5h3,Julia Bush,1
13lcc4bv,Jeremy Isaacs,1
yvvji2x0,John Sachs,1
1yxc3sue,Jay Gardner,1
oigv71xv,Jenson Button,1
m8y816rh,John Maynard Smith,1
u6rx25zo,James Rushent,1
p6vyckn0,John O'Connor,1
nbde24vc,John Searle,1
qfpj2ajd,Jayashri Kulkarni,1
t288vbhs,James Callaghan,1
8ma5ivza,Davy Jones,1
qim8d8ex,Jeannette Walls,1
i68os7qu,Jim Mortimer,1
loky7gr1,R.V. Jones,1
97a0sp96,Joe Lydon,1
x0qdb4f0,Jamie Scott,1
gujkdo8o,John Edwards,1
rfgq7ayc,John Safran,1
lvfc11wh,John Suchet,1
q0jqxzqw,Malalai Joy,1
hh2mfjid,Pigeon John,1
2lp7a2lb,John Brooke,1
l1forvkz,Alex Jarratt,1
ppwyscej,Jenny Kirkpatrick,1
m2b48kk0,John Amabile,1
k69q3vh4,Julia Doulman,1
sxbv82no,John Alexander,1
5aywwudj,Jimmy 'Five Bellies' Gardner,1
jra6s7my,Jimmy Cliff,1
7bp44fov,John Burgh,1
zedz9jzl,La Toya Jackson,1
5iy1bt2k,Joe Power,1
gps39w49,Jon Cuishaw,1
tqm7s6s8,Jo Martin,1
9prcix8j,Jody Dunn,1
7zadn6p6,John Heilbron,1
hunoks0s,Jodi Picoult,1
t8lltr6z,John MacKay,1
33zrcsf2,Jan Harvey,1
peggu28c,John Bishop,1
cby2ltq0,Jacki Weaver,1
8aon7rw3,Jo Breezer,1
a6f2ur43,Jolyon Rubinstein,1
f7jijmvh,Joe Martin,1
sm1l64rq,Jo Enright,1
5xwvoygh,John Nayagam,1
pdpda6nd,James Redmond,1
ykgvm9qn,Justin Meggitt,1
h4uo1o6f,James Cromwell,1
qwcc8yjd,Sarah Jayne Dunn,1
zcw0iv9s,Jordanne Whiley,1
jync31e8,Rose Jackson,1
r8ymne8y,Joe Jordan,1
vf9hr9nz,Jackie Stewart,1
rg1ro0c1,Jonty Bush,1
1fz3aecq,James Ward,1
xokymrr8,Jo Cameron,1
5hqltitj,Oliver James,1
zxv2tdia,Jane Wright,1
0vnis2zb,Gary Jules,1
yhvunkw3,Joost Luiten,1
oxbs1gcz,Jamie Peacock,1
za611t1v,Jo Quinn,1
tsn86uoz,Jasmine Rae,1
3xn5lgrj,John Altman,1
hht0jkc6,Joe Ashton,1
6oads87t,Justine Clarke,1
ixo6mghy,Jay Laga'aia,1
hl4fb3fr,Jon Cruddas,1
ihn3iyot,John Wood,1
lkfb89vu,Justine Roberts,1
09fwag8n,Janet Royall,1
8ez3phko,Jim Naughtie,1
iku8ewux,Gethin Jenkins,1
qricsrew,Julia Smith,1
0rlq6qps,Jay Manuel,1
n99rcq6d,Johnny Cochrane,1
4v47j86w,James Lynch,1
79h6caif,John Liffen,1
u9izisqa,Jacques Myard,1
9v36m0eo,Jane Burns,1
neft9vqa,The Jonas Brothers,1
ppm7eto1,Jan Zalasiewicz,1
4cszjra0,Judith Church,1
o5o8ez0v,Jamie Lomas,1
wmlt12pu,Julia Mallam,1
f92b1jyu,Jill Craigie,1
24j2rj38,Jim Sweeney,1
oj0grlwh,Ashley Jackson,1
bd3lo35h,James Jones,1
14gl1z8o,Julia Stiles,1
u5u1ctcy,Jonathon Welch,1
9xdf9cp8,Joan Maynard,1
0us65jd6,Jean Kittson,1
n7nlhwnh,Julie Meyer,1
7h5b4q4r,Jane Fonda,1
re9k3kp7,James Reyne,1
ew8aulz2,Jamie Redfern,1
bnmot9ej,Judith Hann,1
yfpzdtmw,Jason Patterson,1
0scnehel,Jacqueline Pearson,1
rvavx1i1,James Winfield,1
ruamfshw,Jim Courier,1
3yx5psdq,Julia Sawalha,1
81awpsei,John Virgo,1
2gj65muw,Jill Scott,1
kxtzwhtp,John North,1
9qkobbm5,Julie Bindel,1
84ldqm7c,Jennie Walton,1
ctflnwz6,Juliette Lewis,1
69r2c1ck,Ray Johnson,1
giqo8fla,Jon Bon Jovi,1
7iwi8juo,Jackie Mason,1
x9udd5sj,Janet Ryder,1
uatk0epb,Josh Zepps,1
ai3tc4ri,Jacqueline Ninio,1
bclccr0i,Jane Green,1
i7894dtv,Johnny Young,1
l44dvbd8,Leee John,1
qsqhlcs3,Jason Watkins,1
7cy2rfju,John Rentoul,1
u80gvodp,Vince Jones,1
1kqb6y25,Judy Innes,1
o1k34gyw,Tom James,1
uodqdv7s,Jack Ellis,1
5z2y5ljn,Jonathan McCrea,1
3rcx04eh,Joe Walsh,1
9p7s3bmj,Jane Probyn,1
l8km9bb7,Jason Gillespie,1
7wzq394m,Jonathan Meades,1
f1uspr81,Jeff Duff,1
2vlxa83u,Joyce McMillan,1
c9ktozng,John Inman,1
2fu3qdzv,Janet Paraskeva,1
p042h3ph,John Murrell,1
qf0ugrz1,Jazz Carlin,1
76m4zw8z,Vladimir Jankovic,1
0v8wl28z,John Keane,1
2q1za21c,Vance Joy,1
ejw56kt8,Dr Jonathan Miller,1
dxu4hyjp,Jonathan Wrather,1
96tdrmxc,Peter Jonas,1
sjioqjpp,John Burrow,1
xf7wj5ro,Janine di Giovanni,1
d7rpzizs,Johnny Borrell,1
d027dsaw,Scarlett Alice Johnson,1
8hnpg3t4,Danny John-Jules,1
7t9jzr8f,Joe Brown,1
9tjjzxxn,Jake Quickenden,1
zg3t1z0n,Margaret Joachim,1
2iypfm2y,Jamie Carragher,1
wx2yesvv,Penn Jillette,1
5x3z83lf,Jasmine Lowson,1
ola94m5k,James Gibson,1
f03vimxn,Jeremy Marou,1
0d4844d4,Jenny Jones,1
0dbnv9z1,Jake Maskall,1
ihmys0kx,Julian Dowdeswell,1
pb6myy4v,Katherine Jakeways,1
sic05y3a,Jeremy Cordeaux,1
kuofpmb9,Joe Cann,1
q03kozph,Laura John,1
zs6n12sz,Jo Jackson,1
uw0k6iu8,Tara June Winch,1
1fcv34fs,Jay Hutton,1
h4bpklc4,Jan Davis,1
5y6t4ykn,Jason Queally,1
t3213579,Janet Walton,1
rsiukh5g,Jenni Calder,1
49nwbvuz,Peter Jensen,1
fofp5yoj,Fay Jackson,1
p0cxqxq8,Justin Heazlewood,1
nfherk8l,Norman Jay,1
pto1uqjc,John Sargeant,1
8mu58hin,Jye Frasca,1
71yw3ld2,Jack Charles,1
34q1664f,Jacqueline Foster,1
cpgqthpb,Tyler James,1
1u5vhf4v,Jade McCrae,1
dnjpam4s,Jae Laffer,1
2f65k4ur,Joey McIntyre,1
c7o89rdh,Judy Parfitt,1
ynzuv717,Justin Marshall,1
vcmyxszg,Jacqui Abbott,1
he4woom0,Dr Clare Jackson,1
5e1kp199,Jason Crump,1
pxt6tcr0,Maxine Jones,1
5qyuvx5e,Julian Barbour,1
m7fds6za,Jilly Johnson,1
hljrtr19,James Purnell,1
8vh0weuz,J. Brown,1
sakyvnzx,Jo Richardson,1
0wkcg8em,Jeremy Limb,1
anajx62v,Mary J. Blige,1
rcn4s706,Joanna Taylor,1
auwo81l7,Joan Burnie,1
3w9xweu7,Jennifer Paterson,1
yf2jj7pq,James Bourne,1
0df3m5pj,Jay Osmond,1
69vtkynd,Martin Johnson,1
8wt14zmi,Jennifer Carpenter,1
9vecr17a,Sue James,1
kvuzu17x,Jeff Thomson,1
guxb1dg4,Jenny Marra,1
8prg3toq,Jonnie Peacock,1
bjevgl3t,Julia Merritt,1
8e5aa4z6,Jacqueline Porter,1
ufn5qma1,Jen Steadman,1
t9yxzrsw,Hugh Jones,1
u9p04kvr,Jo Malone,1
i3smclnx,Josephine Quinn,1
jijjrlll,John Bowler,1
c6grv9ul,Jennifer Cox,1
9cyzwn3y,John Burton-Race,1
pegcgf19,Jason Wilson,1
ns9wquuk,Jake Stone,1
ukl6euhw,Jason Pebworth,1
ivxyn4s5,Joad Raymond,1
fckj3h77,John Dickson,1
gox8i9x4,Jonathan Glover,1
8msuuqee,Joan Taylor,1
m05w8h3i,Nalini Joshi,1
wcacsqkj,John Landis,1
jd6grvys,Jah Wobble,1
qb4nr6u2,John Allen,1
qir0g4zk,John Marsden,1
dd72znm8,Jamie Benson,1
ys98h4k9,John Sutherland,1
6q9lgdzk,Jermaine Pennant,1
j1bfqakz,Mike Jay,1
05jblai7,Joel Peat,1
xjxi8gpz,Harry Connick Jr.,1
uxq1hrt6,Emily Bernhard Jackson,1
knts4fcw,Julie Anthony,1
hjjkecc0,John Peel,1
16dhq9bo,Joe Wicks,1
pc2slxzn,James Delingpole,1
dlzg89nh,Izzy Judd,1
bw37x843,Jane Turner,1
1wcjm9pw,James Buckley,1
ukekprbv,John Ralston Saul,1
gxkm2v3w,Jim Wallace,1
emifcn55,James Hooton,1
qgtmtj0k,Josh Pyke,1
olas5uue,Professor Henry Louis Gates Jr,1
c0nzjju1,Jane Walmsley,1
ywgveuam,Martin Jacques,1
ptc4krwz,John Blair,1
lhoilloa,Jennifer Wallace,1
jh6ga8y7,Jessica Irvine,1
drwmkcyn,Jeremy Corbyn,1
4h3of52c,Jonas Armstrong,1
akviem3c,Jan Montefiore,1
fbwzn5pi,Jimmy Constable,1
29d3nvyg,Nicky Johnston,1
5aphzn64,John Eatwell,1
yqm8xi8d,Adam Johnson,1
4b8wzjt9,Liz Jones,1
ylv6flix,JB Gill,1
x54lgmwf,Johnson Beharry,1
1dtd92ug,Jo Kingsley,1
7wkwbkmz,June Osborne,1
sq8hrmg2,John Toshack,1
1lbi6df1,Jonah Lomu,1
pusy92hu,John Whaite,1
m46blmqb,Jo Fairley,1
idkxkd21,Judd Trump,1
s5tsignh,John James Parton,1
koy487mu,Val Jellay,1
ryt8o0wq,Jennifer Hornsby,1
mc4ctplg,Jim Molan,1
ju5so7l0,John Leguizamo,1
kn9gq3a0,Stephen Jay Gould,1
bdcj79hn,Jorgie Porter,1
oktmrpbl,James Fleet,1
9nnu2kfl,Joe Chindamo,1
byv2wqw2,John Smit,1
dgdqu55z,John Milbank,1
w2zzyud4,John Schumann,1
fx3p28l5,James Whale,1
191gi6g1,Julien Temple,1
7zs5nz3g,James Naughtie,1
rr16wrv4,Joel Ross,1
16hq40v7,John Arne Riise,1
33sxoy5d,Jimbob,1
3l09zfv8,Jenny Willott,1
4o3ybr8g,James Goldsmith,1
ylkt28lr,Jin Xing,1
hwo81175,John Ruddy,1
bzbswv34,John O'Connell,1
pe9bt7kc,Frank Judd,1
5k721f91,Jason Silva,1
p8a13yqz,Jason Plato,1
qo0bdlvk,James Tindall,1
52euxmnn,Keith Jensen,1
dbzkqls7,Emma Jones,1
aygi5ofh,Jessie Wallace,1
xo0s5agn,Justin Currie,1
v8wzbrde,Jeff Johnson,1
c3i0fi6q,Julie Collins,1
0096ss7a,Joe Washbourn,1
gp7xl4qq,Jon Robins,1
nziavpto,Judi Clements,1
qvl3o8jo,Professor Jared Diamond,1
kimxya5r,Julian Huppert,1
uucxk2l0,Kate Jackson,1
r4n4b7ap,Julia Haworth,1
v7wogvnf,Justin Gatlin,1
4010c519,Julia Sweeney,1
p6wmfwyf,Vinnie Jones,1
2rf4bl96,John Wakeham,1
sixid2ia,Jane Russell,1
wn65xjrs,Jesse Griffin,1
x5ag1n7a,John Moles,1
9ludllq8,Jessica Berens,1
cd9zk4l1,Joel Creasey,1
79gd31w3,Julian Elliott,1
1lyc9kz7,John Coffey,1
phzqibnc,Narelda Jacobs,1
hr3f6bs4,Julie Barrau,1
vqmxanmt,Julia Roberts,1
ndy47h8f,John Howard,1
tyez7q2x,James Goddard,1
pc6c0rvw,Josh Doyle,1
5g7xoa1b,Jon Agar,1
h57ukgcm,James Fair,1
e4lz1qll,Jacqui Dark,1
exkia7jy,Emma Jane Murphy,1
as55ob7p,Judith Chaplin,1
9ek735kn,James Tindale,1
pahhoiaa,Diana Jeuda,1
7sxos2cd,Jemma Kidd,1
g1ycw2cs,Justin Lee Collins,1
o2xtysdd,Jackie Jackson,1
ft0cp964,Jon Glover,1
7g6x6fja,Julian Fellows,1
5fhr3pzi,Jonathan Holmes,1
wtxc0uxg,Jon English,1
v8xpndsw,John Watts,1
plloudjx,Jamie Raven,1
9b7dj6td,Josef Brown,1
s8dinvd0,Jadene Bircham,1
ngk9jly8,Jane Goodall,1
zrfrpfhq,Jamie Baulch,1
22pc7azo,Justin Rose,1
vshkie75,James Harris,1
1wqe4n80,John D Barrow,1
87p8tt67,Jake Burns,1
1zwcdqaz,Joe Morrison,1
dfxtbvd8,John Lee,1
f09ucore,Jeremy Hanley,1
0oqnaeoj,Jonathan Ree,1
a9vq357h,Jane Goldman,1
x5gk28nl,John Amis,1
lnvbuw3a,John Grugeon,1
hbpaz3w1,Jennifer James,1
tjfna02y,Tania de Jong,1
gxw30ms2,Jeremy Greenstock,1
va57l9wq,Jessica Origliasso,1
qppyyata,J Mascis,1
a5ezoidi,Jake Shimabukuro,1
p9cndubc,John Otway,1
yf5akddd,Jonathan Trott,1
kjsv568z,Sir John Houghton,1
kj5m18ix,Jessica Garlick,1
h3njexmz,James Cooke,1
ulmx6azv,June Purvis,1
vv44zbwl,Jenny Randerson,1
gawzo8sn,D J Taylor,1
65zokwcz,Jeremy Reynolds,1
1a912nnd,Christopher Janaway,1
uj9wlhra,Jack Osborne,1
ec5n85kz,John Gordillo,1
o8qxuli1,Jenny McAllister,1
93cbppb5,Liz James,1
esf1dyl5,John Daley,1
922e8uvy,Jonathan Shepard,1
bsktc5k8,Christine Jackman</tr>,1
wf2ikoxs,Janine Duvitski,1
4ntcnvgd,Joan Pau Rubies,1
y375awdx,John Egan,1
dwm94dt1,Marlon Jackson,1
2h5jykis,Julian Lloyd Webber,1
33nbc2z1,Darren Jeffries,1
7qy97ahy,Jade Ewen,1
ujt6t2om,Jianchao Liu,1
pae01g6i,Jo Coburn,1
jl69xuv0,David Jordan,1
ptuhuoia,Julie White,1
i6d24ize,Jeff Lang,1
kg6vbm76,Jordie Lane,1
1lyr60vk,Michael Jack,1
refc3ktk,Belinda Jones,1
n9emylvl,Jesse Thorn,1
92ydvltg,Jan Butlin,1
1am1d6xi,Jean Moorcroft Wilson,1
zg4by3wy,Jedward,1
1ysxh87x,Julia Boffey,1
ojnmij6t,Frankie J Holden,1
4k07otsm,Joanne Farrell,1
ue65gond,Jason King,1
qfpznlyh,John Fuegi,1
dtr27gld,Jeffrey Eugenides,1
otnu09z8,Joseph Tawadros,1
eqsbp66m,Jamie Noon,1
ir352ygq,Jane Bonham-Carter,1
i1cgnlay,Jonathan Green,1
7vb4ocah,Joe Tracini,1
8msvjm30,Juliet Meyers,1
2ije7m8i,Jason Mraz,1
c1qm0g1m,James Mawdsley,1
9r6d0qi5,John O'Dowd,1
ewnwdzxg,Joanna Lewis,1
rxmcyt23,Jamila Rizvi,1
yhwoxfjr,Jane Whetnall,1
3godjwyu,Jane Rutter,1
3rh2rodw,Carolyn Johnson,1
8k7sor8p,Nick Jonas,1
holtvmph,Jayne Sharp,1
h7v20j9h,John Rae,1
6kur6asu,James McQuillan,1
dju7y2wb,Joe Gormley,1
a4ee8ggj,James Lance,1
sn7ij4ql,Juliet Mitchell,1
v71a8ykk,Jennifer Bowers,1
kuug6nzw,Jonathan Pryce,1
d4hihzb4,Cush Jumbo,1
0netrwgu,Joe Melia,1
4j7agay4,Joe Camilleri,1
3wwrtfvv,Jonathan Pearce,1
3kn8w710,Jane Ellison,1
nyn0a72c,John Fisher,1
cdh3kpan,Jamie Reynolds,1
r1z9eo0e,Joe Rogan,1
we4qoq91,Elin Jones,1
h0b89qu6,Jeff McMullen,1
3f47131p,Joe McGann,1
3ixav5c3,John Gale,1
jy8sfzfr,John Biggs-Davison,1
og6yjiw1,James Brown,1
vo2rxr9j,Jacques Santer,1
ir3a8r5g,Josh Lawson,1
8gsr6w84,Jaye Griffiths,1
fj8yxca0,Julia Baird,1
1iwuvk4v,Claire Jones,1
rcvl241p,John Barclay,1
mwbrwjf7,Jan Berry,1
qm6qcv51,Anne Janowitz,1
0m9zxrwr,Jennifer Marohasy,1
32nifxmi,Jay Aston,1
kd63w8wb,Jan Thomas,1
34xxp97a,Jon Butterworth,1
mmebapua,Phil Jagielka,1
81qu8pes,John Ratzenberger,1
epod5dl8,James Nesbitt,1
6b9seg92,Jonathan Kerrigan,1
guzdcofm,Lena Jeger,1
5uv8mg67,Jack McManus,1
qgrgot21,James Eberle,1
966u17kg,James O'Brien,1
9y512t18,Wil Johnson,1
uvxsgh9a,Joseph Gilgun,1
ym70lrxb,Jessica Irvine,1
95bftwbf,John Madigan,1
g4thrlzt,James Hewitt,1
u1jqycp7,Jean-Jacques Burnel,1
yvlnuvrq,James Howard-Johnston,1
2f3qpm6f,Judy Steel,1
i7jx1b7d,Jon Toogood,1
j2lju9zf,Jim Jeffries,1
8k9n096q,Sarah Jane Buckley,1
lr1u86o6,John Foreman,1
evz43jmj,John Bennet,1
j09oj1nr,Charlotte Jackson,1
b6tw63b0,Joan Turner,1
zabcayq5,Jon Holmes,1
zvc0p8hf,James Guy,1
ci32mb2h,Mark Joseph,1
3o7jz8an,Billie Jean King,1
jd1gnwh9,John Gunnell,1
glydprrg,Jonny Donahoe,1
g5eadpuo,Cheri Jacobus,1
gafbmqi6,Jacqui Lait,1
g8oa1h07,Jane Birkin,1
o9n3bj4x,Joanna Foster,1
1q62v7ry,John Falzon,1
3qujj8so,Nate James,1
41icvqhf,John Lippitt,1
mkno3gxb,John Allen Paulos,1
gsud50op,John Cosgrove,1
ywgjt6o9,George Gheverghese Joseph,1
pzeqgjix,Johnny Robinson,1
ohhb0axg,John Methven,1
6bpr2vqz,Judith Howard,1
e698hyb6,James Broad,1
ea9n4ski,James Allan,1
tll8sm0h,John Richardson,1
a41nwqbz,Joseph Stiglitz,1
xs1o2fa0,Richard Johnson,1
g9lew0ee,Jud Arthur,1
r8p7ry2t,Judy Stone,1
09epywlq,Sarah Jessica Parker,1
qmlddm0i,Jesse Quin,1
2dkge6q8,Jill Knight,1
n96wapdr,Ray Parker Jr.,1
pakkrc3f,Juliet Wills,1
k4weh1oq,Frank Johnson,1
da87ywyj,Jeanne Nuechterlein,1
4zivzb8v,Jane Grant,1
go8030hl,Kelly Jones,1
tlf7mkzi,John Hoskyns,1
jwupundz,Julie McCrossin,1
yuptktiz,Jean-Michel Jarre,1
l9t2qgwr,Joan Baez,1
v4pvx9g0,John Rhys-Davies,1
h76sg4fg,Amazon John Easterling,1
xjno3284,Johnny Murtagh,1
zbjvppsv,Jeff Rooker,1
xi63lsv4,John Took,1
a6hmt1cz,Julien MacDonald Adler,1
u4wmqme6,Jonathan Freedland,1
aev8wr5a,Jimmy Greaves,1
lnxrom46,Jamie O'Hara,1
p21tcu9e,Jay Watson,1
nwxae4l3,Johnny Kingdom,1
t0mgc14l,Jenny Tomlin,1
1aradcby,Jamie Stevens,1
jpqxiscb,Jones Erwin,1
hc9dks28,Jared Diamond,
wyh9xyi5,Jimmy Barnes,
uurp5j9z,Judith Brown,
