d6q5iewd,"Quentin Bell",
j2gj2jl1,"Carrie Quinlan",20
5fu25cza,"Quentin Letts",10
hx78468i,"Caroline Quentin",9
83j9smun,"Scott Quinnell",9
n8axw0ez,"Ray Quinn",7
5cncqnja,"Denis Quilley",6
eit9zdf0,"Suzi Quatro",5
o3pbii6k,"Diana Quick",4
z4s2rozu,"Joyce Quin",4
vvepknc3,"Quentin Willson",4
o281ntw1,"David Quantick",3
jwnujzvg,"Geraldine Quinn",3
9tjjzxxn,"Jake Quickenden",2
5y6t4ykn,"Jason Queally",2
uycwt2ow,"Pauline Quirke",2
8cwciia4,"Professor Quentin Bell",2
ausgpnlg,"Quentin Skinner",2
bsuhpyqa,"Sam Quek",2
i0os5j2b,"Charlie Quirke",1
qmlddm0i,"Jesse Quin",1
i3smclnx,"Josephine Quinn",1
j7e6mscv,"Kate Quilton",1
hjj2fkc3,"Quan Yeomans",1
88lswbt9,"Quintin Hogg",1
dazvvqz1,"Quinton Fortune",1
ehoaeqri,"Sinead Quinn",1
