f00lobif,"Kirsty Young",17
76r85g0g,"Gina Yashere",15
zbofsysq,"Yvette Cooper",15
43zmrrr6,"Yasmin Alibhai-Brown",11
uoz7sa5j,"Martin Young",10
bmp6jy5d,"Salma Yaqoob",8
4r04kudi,"Yasmine Akram",8
3bm3h32x,"Tim Yeo",7
ioy8z1r2,"Toby Young",7
soffkcru,"Will Young",7
kx8ovieb,"George Younger",6
s00efvpd,"Yassmin Abdel-Magied",6
s2df549a,"Yvette Fielding",6
c1awpwyn,"George Young",5
x5akdjeb,"Humza Yousaf",5
04gvw4o4,"Paul Young",5
5lpswwdb,"David Young",3
9rwn0dyw,"Janet Young",3
783fzh36,"Reggie Yates",3
ggxu7av7,"Stella Young",3
gzt8eu2s,"Yanis Varoufakis",3
mkulnj55,"Hamza Yusuf",2
10uc4pif,"Helen Young",2
3avwy5ai,"Jake Yapp",2
68jx8c1i,"John Paul Young",2
kunszlfn,"Lizzy Yarnold",2
0yzujz71,"Martyn Young",2
c3j9mk0l,"Pauline Yates",2
nmjyzlce,"Susannah York",2
am1ehh0x,"Aida Young",1
6mtx6azi,"Amanda Young",1
2ec27djs,"Barbara Young",1
gd39y9cq,"Bassem Youssef",1
n0d5dbdk,"Ben Youngs",1
8qyk6vr2,"Danny Young",1
pj5ncxst,"David Yelland",1
ra7b11lq,"Diane Youdale Mayhew",1
h8ds4k59,"Djawa Yunupingu",1
zpjtyots,"Dwight Yorke",1
8qnq57og,"Igor Yurgens",1
32j3hv6b,"Imran Yusuf",1
cwemq0t6,"Ivan Yates",1
8d5qrfuw,"Jenan Younis",1
i7894dtv,"Johnny Young",1
boltft0n,"Kelli Young",1
85fbfhoq,"Lola Young",1
e3q9d2kb,"Long Yongtu",1
trglvodx,"Manal Younus",1
kivil3l6,"Mei Yan",1
ptjjwn3v,"Mike Yarwood",1
4wynydmk,"Owain Yeoman",1
d6qvnttg,"Paula Yates",1
hjj2fkc3,"Quan Yeomans",1
e1mvrrq8,"Sir George Young",1
payh9j4y,"Susie Youssef",1
871pvlx9,"Weird Al Yankovic",1
oo0jwrsl,"Yangwen Zheng",1
as2mdre9,"Yannis Hamilakis",1
fnqntmtt,"Yannis Philippakis",1
bnpbfm4x,"Yasmin Khan",1
a8yw8jxs,"Yasmina Siadatan",1
aj5pywbq,"Yenny Wahid",1
osk02as4,"Yolanda Vega",1
awlefjpx,"Yoni Tabac",1
4aim6ef1,"Yuli Ismartono",1
l3jt6m5g,"Yulia Supadmo",1
3a2vlmi5,"Yumi Stynes",1
6szysreh,"Yuriko Kotani",1
k9s6rqlm,"Yve Newbold",1
z48f1c8o,"Yvette Roudy",1
brr6u3ma,"Yvonne Elsworth",1
ixve1ly0,"Yvonne Thompson",1
