nch01m5e,Sandi Toksvig,872
tn2a91cb,Tim Brooke-Taylor,443
m760gkci,Phil Tufnell,329
98kvb37m,Tony Jones,323
u6qgsmzh,Barry Took,309
lala2l3q,Kate Thornton,235
ltky6r8w,Tony Hawks,206
phc9cbai,Zoe Tyler,178
v6koxi80,Tim Rice,75
ugqff5sw,Terri Dwyer,62
xyq08s93,Liza Tarbuck,53
lb20etio,Trish Adudu,46
01l3hvh0,Gillian Taylforth,42
onmudl5p,Georgie Thompson,39
sjvcpxhb,Tony Benn,31
fjmdy94k,Theresa May,26
rmrcbuko,Polly Toynbee,25
eu9xnhsd,Bill Tidy,25
tpzpaesf,Norman Tebbit,24
rss18urt,Tanya Plibersek,23
k93v11rq,Malcolm Turnbull,22
jeu3ti7d,David Taylor,19
fcjekd0h,Jenny Tonge,18
5yw66sca,Tim Vine,17
u2juhzhv,Ricky Tomlinson,17
9omubruu,Sarah Teather,16
og8l7e2v,Tony Banks,15
ejvlgb2l,Trisha Goddard,15
p8h0unpx,Tom Wrigglesworth,14
hwnt222z,Tony Hadley,14
a8sdb9n6,Tim Farron,13
blb0n7o8,Tamzin Outhwaite,13
8o06y0qo,Tim Healy,13
iz7ve7yp,Tess Daly,13
w3ys941t,Tony Blair,13
avkx46b3,Matthew Taylor,13
hyp7hqgq,Ann Taylor,13
btvbu7nd,Tony Robinson,12
owblrpp3,Teresa Gorman,12
b4tqw6qa,Michael Trubshawe,12
xaudgo95,Jenni Trent Hughes,12
uhxw9vxb,Tiffany Stevenson,12
6fd2akfw,John Thomson,12
dfi0v0rn,Toby Buckland,12
093pchej,Tim Minchin,11
6dgxrf0s,John Torode,11
xuggcl7n,Antony Worrall Thompson,11
x2m1x8kp,Emily Thornberry,11
cio8w10g,Alan Titchmarsh,11
up7tqzdf,Timothy West,11
1czc9u31,Trevor McDonald,11
03mha2zh,Tony Law,11
1j1ht9qy,Tony Burke,11
cdbltlaj,Tulisa Contostavlos,10
qeo0rxo6,Terry Wogan,10
9mqrgif3,Tom Gleeson,10
ygwbc6f2,Tony Slattery,10
23ufw09i,Tara Palmer-Tomkinson,10
mrkxmhms,Toyah Willcox,10
fvglfapk,Iwan Thomas,10
z7jw8qbl,Dennis Taylor,10
vlqdftgf,Tom King,9
l8p867i7,David Trimble,9
h2y2qk8d,Theo Paphitis,9
ct38seh0,Tinchy Stryder,9
gw6opwme,Tim Key,9
9wbwr4xj,Tristram Hunt,9
yhtu60a2,Sam Torrance,9
hn97z1cv,Christopher Timothy,9
jzw2u6u6,Ellie Taylor,9
9mr5zyt8,Beverley Turner,9
vlfyldjs,Tom Fletcher,9
7kgwo8mt,Tim Wilson,8
a5n2vhg5,Lindsay Tanner,8
0tldhorj,Tony Blackburn,8
frgsflnb,Tom Parker,8
l3j1j53d,Phil Taylor,8
ezvsts5l,Tony Abbott,8
wxx9gw0q,Matt Le Tissier,8
m97rplex,Jade Thirlwall,8
u97y7dnl,Tessa Jowell,8
4lc55q1h,Tommy Dean,7
pgr1jqw5,Chris Tarrant,7
f0lmu0a6,David Tennant,7
id0r5tz6,Louis Tomlinson,7
9piogj44,Tim Razzall,7
gwdygag5,Tom Conti,7
15isrywy,Hayley Tamaddon,7
18zbo0fb,Tim Blanning,7
3bm3h32x,Tim Yeo,7
pjdhk7f2,Faye Tozer,7
ipo3g9g1,Tim Collins,7
e4m0zvx3,Carol Thatcher,7
xrtbrvoh,Tim Henman,7
sonsfojh,Tina Malone,7
ioy8z1r2,Toby Young,7
axigakb6,Tariq Ali,7
vvf9tt4c,Terence Brady,6
7lqhz8e9,Tessa Blackstone,6
sxo4017o,Verne Troyer,6
guox5kxg,Todd Carty,6
jtvosluc,Jane Thynne,6
kbmpal9o,Anthea Turner,6
p3fyjgpy,Tony McCoy,6
l5agj74i,Twiggy,6
o11sbypg,Tony Wright,6
4e42n86e,Tim Barrett,6
dyt5wqyu,Beth Tweddle,6
mv7hs8xc,Tom Baker,6
rexwzksg,James Toseland,6
nc65879x,Professor Tony Ryan,6
75gf53uy,Tom Allen,6
bjhm6jx7,Elizabeth Truss,6
xyycwy0n,Jamie Theakston,6
aj7cqhnc,Jack Tinker,6
qrwvg9xr,Ted Moult,6
kpn6j6nt,Susan Thomas,6
d57ygcoz,Tom Davis,5
0zpocn43,Tony McNulty,5
swpvsjix,Trudie Goodwin,5
owwq3trl,Tracy Ann Oberman,5
1epv3lho,Tim Lovejoy,5
ah4osfx8,Lenore Taylor,5
lv2iazaj,Bruno Tonioli,5
rw9rpx8g,Tom Healy,5
w4hl5ade,Simon Tedeschi,5
r8lkybt7,Tommy Tiernan,5
ban1a166,Tina Brown,5
4ailpuj4,Rachel de Thame,5
e1camghh,Tony Newton,5
vdltavkv,Catherine Tyldesley,5
t5skx3qx,Tony Parsons,5
6i6t37cn,Dame Thora Hird,5
qz1h4jhy,Angela Thorne,5
mwzcxmgl,Jayne Torvill,5
vuphunhw,Trevor Noah,5
tm7mp4lq,Tristan Evans,5
ksvatwq8,James Thornton,5
vyl2gnou,Tom Daley,5
0idv0xhg,Kara Tointon,5
15vittka,Donald Trelford,5
gtvej1sd,Tanni Grey-Thompson,5
ok7h93p6,Terry Christian,5
bbnmham6,Tim Rumball,5
85dtkeb8,Tim Vincent,5
rfi72w6w,Catherine Tate,5
nslskbz5,Barbara Taylor Bradford,5
86qykmpd,Tim Flannery,4
bjh4kl4e,Mike Tindall,4
q49ld4hs,Tony Britton,4
zwdnmhyq,Tommy Cannon,4
jdg9orh4,Tony Russell,4
h5tvbog8,Tom Switzer,4
qukh1s8w,Terri Psiakis,4
p5yu6gxl,Trevor Phillips,4
clkkbknj,Teddy Taylor,4
9pdijsvk,Tony Livesey,4
3w6bbu13,Leslie Thomas,4
bil4na9p,Dominic Tighe,4
tz9hsonw,Rhys Thomas,4
irb24wlu,Tom Rosenthal,4
3ksdf9vy,Stephen Tompkinson,4
j3gxmha3,Tricia Penrose,4
nigw9t2i,Tony Martin,4
cy36xtk9,Ivana Trump,4
o67wrij9,Tom Chambers,4
tz5bchmf,Chris Taylor,4
7qc37qlw,John Taylor,4
7wffu6dm,Theresa Villiers,4
ujzi3ogp,Roberta Taylor,4
y5q88hyj,Gwen Taylor,4
14nf7p9g,Bonnie Tyler,4
w0q2vyf8,Tim Stanley,4
05t0l33m,The Marchioness of Tavistock,4
nje8ifli,K.T. Tunstall,4
paydo6t2,John Taylor,4
de1s3mno,Tessa Munt,3
m4teh7eg,Liam Tancock,3
pizqb1t3,Tony Mortimer,3
7on7c1ri,Thomas Healy,3
xjxkiogd,Thomas Turgoose,3
pkku2rhq,Tyger Drew-Honey,3
vmf4a6kz,Josh Thomas,3
qrqq5gu4,Tom Shakespeare,3
hm42ra2d,Simon Thomas,3
gfwuhxg3,Dick Taverne,3
1etvr84i,Tasha Danvers,3
3xq4j8qj,Tony Windsor,3
78xjn9kp,Tez Ilyas,3
dyz32ibc,Tito Jackson,3
95k4c8nh,Gwyn Thomas,3
5cwiwwhl,Mark Thomas,3
q3fho1am,Tina O'Brien,3
316aj036,Tim Fischer,3
y8wnmc7m,Glenn Tilbrook,3
ime7bcaf,Peter Thorneycroft,3
as56ms52,Tom Ballard,3
jhbfb09i,Peter Tatchell,3
4we81oz1,Tony Christie,3
9g0pru9e,Tara Moss,3
38krr3di,Tania Bryer,3
84zoscwi,Toby Anstis,3
lx9gpuhb,Alice Thomson,3
ng0qxqgp,Toni Lamond,3
5502ytvh,Thomas Castaignede,3
pn0xqbbg,Liba Taub,3
jxclb6xr,Tim Westwood,3
e3ok21r3,Tupele Dorgu,3
nlm288vg,Becky Tinsley,3
qyzy4hl5,Gareth Thomas,3
n0e56eyw,Stephanie Turner,3
mz4wkyfo,Stephen Twigg,3
6vj86zup,Tania Major,3
x7w070j4,Tony Wilson,3
5j9gowbq,Tommy Trinder,3
sp4tbnbv,Tim Lockley,3
47nh0f57,Melinda Tankard Reist,3
6ty4y4k3,Clive Thornton,3
zjto9r61,Thomas Galbraith,3
f27tagis,Brian Turner,3
i1het9tm,Tanya Strecker,3
9hh4fdwe,John Thurso,3
yamb1wky,Laurie Taylor,3
6tpy23f7,Andy Turner,3
j5oenq7m,Timmy Matley,3
e708ds40,Lenore Taylor,2
4j7w8oa4,Taylor Swift,2
sqh9xsrc,Timothy Tufnell,2
z59ozplv,Jacqueline Tong,2
8ja90sai,Tom Stoppard,2
mtq7feqj,Tracy Wilson,2
w5e3exwo,Tony Discipline,2
37lfqvg4,Tinie Tempah,2
yyncwjgj,Professor Raymond Tallis,2
f05w6g7u,Terri Butler,2
bjv0awss,Tony Caunter,2
elokf2z9,Timothy Raison,2
w45zh2f4,Charlene Tilton,2
y9spl84z,Kristian Thomas,2
w55d06e2,Linda Thorson,2
tmgqbgi7,Tash Demetriou,2
ssuunbgm,Tracey Emin,2
jm7ncx6n,Terry Marsland,2
lhwzspjk,Tommy Sheridan,2
ijrgpxcy,Tasmina Ahmed-Sheikh,2
3ob4xxfb,Tommy Vance,2
o52as4s5,Peter Tork,2
qkx0tpnj,Tom Ellis,2
2bipv1gh,Terry Walton,2
r4aqoqom,The Earl of Onslow,2
pbmczoe2,Tracy Shaw,2
p1e0o51f,Lars Tharp,2
wppc9jn3,Jimmy Tarbuck,2
q43w8x69,Trevor Eve,2
7f2tt2gk,Rita Tushingham,2
udczj2z7,Thomas Keneally,2
tcgexe5r,Emma Thompson,2
bhe3dzee,Margaret Tyzack,2
ut9pyorr,Sheila Tracy,2
rsxnrotw,Paula Tilbrook,2
nurxrli0,Tim Loughton,2
nvsaxkn8,Tom Adams,2
7nub1puu,Ben Thapa,2
t9jh41jy,Tara Blaise,2
jhfu33a8,Terry Pratchett,2
famubijp,Brian Taylor,2
rqo048f1,Tina Hobley,2
kjuawrjj,Lowri Turner,2
mf8we1ly,Jessica Taylor,2
f6djv6m1,Troels Hansen,2
5ba5mvuh,Marjorie Thompson,2
xp8151ah,Dan Tetsell,2
t4cb2ymy,Bill Turnbull,2
s0w84vcm,Todd McKenney,2
ujbbx12u,Tom Robinson,2
tgtk5w0k,Hilary Tindall,2
xdjmez90,Laura Trott,2
sh14evtn,Tris Payne,2
hn8u5cbj,Terry Waite,2
l7hwrelt,Trevor Sinclair,2
38y62z0p,Thomas J. Redgrave,2
sj582l0c,Bruce Trent,2
pbrf6olr,Tess Gill,2
udx567qo,Claire Tomalin,2
6c2vh5ll,Ian Tough,2
4qmjp114,Kim Thomson,2
kcehdrct,Tara Flynn,2
a08xuz2w,Tim Bresnan,2
ow22soar,Tricia Stewart,2
btwebrs5,Russell Tovey,2
t3x8z5ia,Colin Tudge,2
z9j7vusn,Tim Costello,2
vfp19gzy,Matthew Tyler,2
634lfahx,Ingrid Tarrant,2
1lso1zpd,Tamara Ustinov,2
xgv3mkz5,Pete Tong,2
4hhm9pz0,Trevor Peacock,2
5c4wb0ub,Oliver Taplin,2
96qmq3dq,Theo Hutchcraft,2
4lclhufc,Tim Cahill,2
doh3n3pj,Tom Sawyer,2
0d6n112d,Robin Thicke,2
975kx3ys,Trisha Jha,2
hfz5munl,Tracey Cox,2
4f6fnqf4,Trevor Kavanagh,2
yg6vx4wb,Tim Melville-Ross,2
bvsj6k99,Geraldine Turner,2
if8uumfg,Tegan Higginbotham,2
ewwc23ca,Tanya Byron,2
93yad4gm,Todd Sampson,2
zkdpltf3,Tanveer Ahmed,2
uaieoeb7,Nikolai Tolstoy,2
7zxvsp4x,Tricia Madden,2
dz2n2uv7,Terry Hall,2
9uhhm4qm,Sarah Totty,2
ln4lbzba,Tessa Rajak,2
elyt8yim,Terry Duffy,2
zo2dmx7e,Leeroy Thornhill,2
u7mq3jp5,Matt Taylor,2
01s14x4z,Warren Truss,2
23amih5l,Teddy Sheringham,2
dsku5zn5,Tom Morgan,2
2mdqeyq5,Peter Tory,2
m2i3655x,T.J. Ramini,2
o8azw9lo,Kerry Townsend,2
nwlgj2xm,Tamara Beckwith,2
anja14ii,Toni Collette,2
3eut6g7r,Tim Winter,2
vg4nd1dy,Tom Holland,2
0bzim2d1,Janet Todd,2
rdunermo,Timothy Gowers,2
0p67ymz0,Neil deGrasse Tyson,2
f7apmq2d,Tony Maudsley,2
oljwydjg,Sue Townsend,2
selgbo4n,Tory Shepherd,2
v1nspv3d,John Thorn,2
g0qtq1bu,Tessa Peake-Jones,2
pka0ayro,Tameka Empson,2
360vztue,Georgia Taylor,2
7ax01zsq,Tom O'Connor,2
dp3q3tri,Paul Tyler,2
403so2oq,Lucy Turnbull,2
2yvghn90,Tessa Sanderson,2
avmw8ykq,T. C. W. Blanning,2
rskmh2ml,Julia Tanney,1
e1k9fz2t,Tommy Fleetwood,1
tctchgop,Susan Travers,1
xnmwy7so,Toni Arthur,1
stb31327,Tony Allen,1
bo6vrir1,Gary Tiedemann,1
e61ysl0i,Theresa Urbainczyk,1
1u0pfi5k,Terri Walker,1
o1k34gyw,Tom James,1
r8nk3xzh,Michael Tanner,1
fqdclvhg,Tracey Wilkinson,1
dkqe1c5p,Blak Twang,1
2t5wth4d,Steven T Bramwell,1
r7uim7cr,Tim Blair,1
mse2hck6,Teddy Tahu Rhodes,1
y5aeont9,Tom Watson,1
qfzcfqvg,Tavish Scott,1
qw96vf7q,Toby Moore,1
88xv6kkc,Tamsin Greenway,1
yfprr91h,James Taylor,1
h765kuij,Stanley Tucci,1
qjk41fq5,Ken Teo,1
ujwi11yn,Target,1
3vvdf30w,The Saturdays,1
ebig48ca,Tim Rice-Oxley,1
9hapnn8o,Geraint Thomas,1
opycj45c,Kerrie Taylor,1
fj9eq57i,Linda Tirado,1
xhk2o0mk,Dave Thornton,1
p8cm1j79,Graham Taylor,1
zetrc4i8,Michael Thomas,1
3p66vulj,Hayley Turner,1
pkcemohs,Tanya Streeter,1
bjfpob9h,Teddy Thompson,1
rjugt8wt,Tania Farah,1
5lq5uzg8,Tim Neal,1
pp92geru,Phil Thompson,1
w39w1bst,Tamar Garb,1
da711udv,Toby Martin,1
b2nq2as3,Peter Taylor,1
kd63w8wb,Jan Thomas,1
tzaqzx5z,Trinny Woodall,1
1lwummjt,Roger Taylor,1
dt1oy32i,Tracy Edwards,1
qw00o7zs,Elis Thomas,1
ftw99job,Tony Jacklin,1
zqzmp0du,Tracey Barnard,1
29b1xoof,Chris Tomlinson,1
hau4fgyy,Tom Binns,1
r58ek1sl,Toby Ralph,1
gcmauocq,Tom Bell,1
mdwb8qke,Tal Wilkenfeld,1
0e3d2t3z,Matt Thistlethwaite,1
6c83oi5f,A.J.P. Taylor,1
87fnh860,Sow Keat Tok,1
o5ah4w49,Donny Tourette,1
3zs1jklc,Tessa Keswick,1
maf05o2g,David Threlfall,1
069c1e1d,Troy Cassar Daley,1
cs5wm8y8,Teddie Beverley,1
ovopw393,Gillian Triggs,1
h3nl803b,Tilli Tansey,1
n9emylvl,Jesse Thorn,1
k3y1vgtd,Stephen Tumim,1
sr98q34y,James Michael Tyler,1
191gi6g1,Julien Temple,1
rw6zfn6o,Tao Tao Liu,1
8jsoj5tj,Professor Tom Devine,1
8rwqn3yy,Tanya Gold,1
uw0k6iu8,Tara June Winch,1
efjcblug,Ted Benton,1
ff8syz5u,Hugo Taylor,1
3r9dutsw,Toby Flood,1
x302a2v5,Baroness Trumpington,1
zlba27x0,Tahita Bulmer,1
6rve2och,Tony Sheldon,1
pzrrzi2e,Tino Best,1
mjzbrao4,Tony Rice,1
3g4adw5y,Tim Levinson,1
o8csgmvg,Tom Jackson,1
oj9ci1v7,Mark Trevorrow,1
d90grs22,Tom Craine,1
nwejoj5x,Suzanna Taverne,1
t0nkd4n6,Tyne Daly,1
qg2khked,Thomas Tugendhat,1
6hnm60qe,Tommy Scott,1
lijuak7z,David Tang,1
glvfkv55,Tom Cain,1
t6dtzf8j,Kim Tiddy,1
yf5akddd,Jonathan Trott,1
3lnbsttu,Trevor Nelson,1
wdsxc324,Tony Hall,1
vkta5hgn,Chris Tremlett,1
d3ltyx4p,Peter Thompson,1
gnz7evwq,Michael Trubshawb,1
8y23h6cu,Tehyun Ma,1
2ovc28zk,Gregor Townsend,1
rl2n94in,Ernesto Escobar de Tijuana,1
9nnrkk7n,Tim Storrier,1
3kukdft4,Tom Kerridge,1
mqme0kgg,Tony Shepherd,1
sg9ofsnc,Tim Visser,1
8vfc8psr,Adam Thompson,1
o6iexzkf,Channing Tatum,1
zm85njkx,Tom McNally,1
8msuuqee,Joan Taylor,1
6s65p3nn,Terence Conran,1
b831o7cu,Adrienne Truscott,1
y8pyfksp,Terry Major-Ball,1
ujhhsr2p,Tamara Ecclestone,1
awlefjpx,Yoni Tabac,1
yz9xc6rv,Ted Honderich,1
m6czmcaf,Tim Daly,1
3da6edap,Tom Hudson,1
1bdwr2ub,Ursula Tidd,1
7vb4ocah,Joe Tracini,1
ocen49yv,Terry Edwards,1
a499w0st,Jimmy Tingle,1
3nkjod1h,Terry Smith,1
3tr2o68y,Tom Hunter,1
85792qwm,Tom Chaplin,1
ne3kzguz,Terry George,1
x1lm1gij,Karan Thapar,1
k5pzyp50,Rev Andrew Teal,1
2nl0yc9r,The Rt. Hon. Tub of Lard,1
uns0qez4,The Break,1
b9jxvq5r,Trudi Tate,1
23nn837q,The Reverend Dr John Polkinghorne,1
i7jx1b7d,Jon Toogood,1
gawzo8sn,D J Taylor,1
iqof9be3,Anne Tiernan,1
2m3atbx5,Tom Dalyell,1
fu534cb1,Tom Felton,1
tjfna02y,Tania de Jong,1
04unwr1q,Mike Thomas,1
cpgqthpb,Tyler James,1
px32ijc8,Katherine Teh-White,1
86aj6kut,Thelma Barlow,1
debbemwv,Muriel Turner,1
1hjmnt1g,Professor Tom Kirkwood,1
iut555oz,Tyson Kennedy,1
n4t2jtjr,Tom Cunningham,1
7jaxsjyk,Christopher Tugendhat,1
8m21bq9m,Russell Twisk,1
rl618273,Thomas Uebel,1
zedz9jzl,La Toya Jackson,1
sh5an3b9,Shaun Tougher,1
5idr1fi7,Troy Cassar-Daley,1
zw3m56o6,Mathew Tait,1
ih058q6p,Tom Zutaut,1
3ool5kk3,Geoffrey Thomas,1
md8ntemd,Taryn Fiebig,1
idkxkd21,Judd Trump,1
66wfpuce,Tom Shanklin,1
alh81s4g,Miranda Tapsell,1
xtds3625,Tom McRae,1
v7iuhe0x,Tyler Oakley,1
t0mgc14l,Jenny Tomlin,1
1mfazu9m,Andros Townsend,1
ay5czsii,Roger Taylor,1
9ek735kn,James Tindale,1
bw37x843,Jane Turner,1
g8pdq513,Harriet Thorpe,1
1034kewz,Tom Burlinson,1
yodtdhfm,Robert Tavernor,1
ctsabfso,Tom Clarke,1
nygdpdxl,Rosalind Thomas,1
5cvndzgh,Tara Palmer-Tompkinson,1
r4p6itip,Mandy Telford,1
2ms6fdam,The Oompah Loompahs,1
j6nosik8,Tom Basden,1
18y34yhr,Ma Tianjie,1
a49e467t,Tony Gubba,1
euloxdu1,Val√©rie Tasso,1
1470aobh,Tom Bradby,1
zffhghue,Thomas Hahn,1
mmomy6t2,Teddy Mitchell,1
5z01ivt9,Tim Lindsey,1
el91u4ws,Laura Tingle,1
9besa5p8,George Takei,1
neft9vqa,The Jonas Brothers,1
de2dpa0z,The Reverend Graham Ward,1
4rhwq363,Trevor MacDonald,1
3903okxd,The Choirboys,1
8j8mix2a,Tamara Davis,1
9uphswvi,Tiffany Speight,1
ssa58ufy,Ashley Taylor Dawson,1
cziqjuzw,Tom Lackey,1
z0l9qugx,Thandie Newton,1
vfn1qq8x,Tommy Tieman,1
okcc9ddh,Tony Davies,1
xno4vfzt,Tim Harford,1
7g9q6qx6,Christian Talbot,1
53oq6tj0,Terry Alderton,1
pswknfh4,Professor Tim O'Brien,1
vqcjw9cx,Melody Thornton,1
75hkjkwh,Kim Taylforth,1
6twrmt8q,Shashi Tharoo,1
blxj3l41,The Puppini Sisters,1
1oc1zzjd,Martina Topley-Bird,1
2yl99lka,William Tarmey,1
xpblod5g,David Thomas,1
4vjedlgx,Ruth Turner,1
4wqiu2wm,Theodore Zeldin,1
jjwwrqee,Tim Cartwright,1
j35729pn,Simon Tillotson,1
u2r805zh,Tim Clement-Jones,1
ollul671,Claire Taylor,1
pudtmrsz,Fred Talbot,1
795g0kpx,Ted Dexter,1
4cfbjobk,Adair Turner,1
9d96rkyc,Tony O'Donoghue,1
gekl77cc,Tim Ferguson,1
4o7akt6y,Tim Morris,1
34f04fj1,Tamara Ingram,1
rwt3hhwm,Trina Gulliver,1
5rc3m6ae,Lacey Turner,1
5ckm5wjh,Courtney Taylor-Taylor,1
89bgj1yw,Tom Porteous,1
3w9yoch5,Louise Toms,1
0vd0t9a7,Peter Timms,1
xaybd05b,Hazel Townsend,1
m9y6brxp,Tori Amos,1
drt2ckxy,Terence Beckett,1
4yu8bqqw,Tim Greenshaw,1
ixve1ly0,Yvonne Thompson,1
j8uzztw3,Sophie Thompson,1
khjjcknn,Tony Warren,1
vv01q04v,Ruth Tatlow,1
kvuzu17x,Jeff Thomson,1
y3nj6bre,Dita Von Teese,1
0oulgz09,Tim Benjamin,1
d655tkvd,Morgan Tsvangirai,1
gr8x4ope,Tony Gregory,1
ao534awc,Thomas Docherty,1
0j2uhmd0,Liam Treadwell,1
u4gsixnc,Tim Cornell,1
usood99g,Tim Campbell,1
dattz2tt,Tristan MacManus,1
fd1ndkk2,Barbara Taylor,1
3v35u3w9,Nina Temple,1
cu7vl39y,Victoria Toensing,1
v1a7pj9g,Takesha Meshe-Kizart,1
cz53phv3,Tim Martin,1
sv65ua0e,Lynne Truss,1
ega16xmu,Tom Tickell,1
izzemntr,Tana Ramsay,1
lnx3hnrz,Holly Throsby,1
bgjxiwsn,Timothy Champion,1
6uo0l2fi,Tracey Ullman,1
ybjeqm65,Joanna Trollope,1
vjf6ible,Tommie Earl Jenkins,1
yi7en8sl,Taylor Hanson,1
5etacc3t,Tina Barrett,1
to99wwyn,Tracey Spicer,1
bcg0o8of,Charlie Teo,1
ophfv4gm,Timmy Murphy,1
mnohbjai,Timothy Hawkes,1
c5nheoum,Tony Barry,1
1162r44u,Tony Wiltshire,1
b6tw63b0,Joan Turner,1
x32j0rq5,Teller,1
fu2to1f9,Freshwater Trio,1
y1qcsk6i,Tim Eggar,1
yjbhypmr,Trevor Brooking,1
r4l5ccqj,Thelma Madine,1
hc43bzjg,Tom Petrie,1
zhts1gns,Thomas Biskup,1
i7uljrx2,Ian Turpie,1
i2i37xnz,Tamsin Greig,1
hbxbkfo5,Robert Tombs,1
duq6zvcp,Tommy Docherty,1
dg8fr272,Corey Taylor,1
7bqyzsib,Ryan Tedder,1
xmnbi3sd,Tom Rhodes,1
prc8mki6,Susan Tully,1
4gu8l0u5,Tony Hirst,1
g5ipfro5,Tomas O'Leary,1
59xumpt5,Taasha Coates,1
rlugmajd,Ted Wragg,1
4xdj0aed,Thom Evans,1
f6mazbx6,Russ T. Rocket,1
9jzgcx3n,Toni Braxton,1
euahasyd,Toby Robins,1
hmakf9o7,Tasneem Chopra,1
groez79s,Karen Taylor,1
q5m9x2m0,Tom Stoneham,1
da93h0x4,Dafydd Elis Thomas,1
hwdxjjbt,Tim Nicholls,1
q8b2vncq,Dave Lee Travis,1
5l9x5lyu,Emily Taheny,1
0d5duuox,Adrian Tinniswood,1
2qr2ptm1,Tim Spicer,1
i20wfgnm,Kathleen Tynan,1
k6n9a7i5,Tim Driesen,1
yt56mfac,Deborah Thom,1
qwwk5pnj,Tom Gray,1
a1nbz1g3,Peter Tapsell,1
rnggzxn5,Tony Phelan,1
7fw2n00u,Graham Thorpe,1
dp1da5jc,Ian Thorpe,1
0lr60j5h,Tony Way,1
xhxzud80,Tim Champion,1
0zima9xo,Tim Whitmarsh,1
ipbxg1s1,Sue Tilley,1
2dypyt7w,Troy Von Scheibner,1
0tj7hsak,Elizabeth Tan,1
nqyobg3b,Tony Smith,1
aqeevlt2,Sam Tomkins,1
ouphqlyc,Professor Trevor Cox,1
wwvaqb0y,Nicola Tappenden,1
cc3txp6m,Terry Butcher,1
4uso6z81,Tom Lister,1
o00lm71j,Pete Thomas,1
6vukakyh,Tom Watson,1
927igsgv,Tim Freedman,1
vr8lj3wv,Maik Taylor,1
24sohru3,Tim Witherspoon,1
kyatlv0m,Thom Tuck,1
c66wjt3g,Terence Cave,1
hgf90zhl,Ryan Thomas,1
t7hkt21j,Thierry de Duve,1
i4utag2p,Dr Theodore Zeldin,1
otnu09z8,Joseph Tawadros,1
epzae1cv,Tony Cottee,1
sq8hrmg2,John Toshack,1
qo0bdlvk,James Tindall,1
oix8qtt4,Shannon Tweed,1
xi63lsv4,John Took,1
yqpvrke5,Jill Tweedie,1
l1ekg6id,Tim Waterstone,1
33svdpti,Tim Daniel,1
rcn4s706,Joanna Taylor,1
lcb865bw,Gillian Tett,1
87ongj7b,Tommy Bowe,1
45w2qz8y,Mick Thomas,1
gdiwfn7g,Tim Ross,1
hndq8l4y,Marcus Trescothick,1
89e3c8xa,Tom Stade,1
mdk8gs2w,Adam Thomson,1
x3ywa7y3,Lincoln Townley,1
tcks5o8w,Matthew Taylor,1
rivpvk1g,Thomas Lynch,1
logrliea,Terence Donovan,1
6do83a6z,Therese Grankvist,1
w1yb8yt0,Tom Croft,1
02fo9ni5,Tina Knight,1
aorgz9p3,Torey Hayden,1
intjo66y,Tommy Sheppard,1
alui7evx,Tony Sudbery,1
gq8bojv7,Tippi Hedren,1
6jn0d6t3,Tom Herbert,1
v8ziybgk,Tim Blackman,1
86jivrzr,Kolo Toure,1
ds1xrmat,David Tollner,1
rmivuy2l,Julie Tallon,1
hogm5yy6,George Thomas,1
4rpz0060,Tracy Reed,1
5b7di5rg,Tony Lentin,1
lol7nodp,Tim Wilson,1
9l0viis4,Ned Temko,1
39ktq9qa,The Amigos,1
4gpvd8ut,Alan Tudge,
qzg8xytj,Tiff Stevenson,
