tub6hiln,"Ian Hislop",512
4tt7tu3p,"Richard Ingrams",225
k47hcr0j,"Robin Ince",88
xdkm2n7q,"Ian Stone",53
lg4f4z19,"Armando Iannucci",42
u0sk4d8y,"Iyare Igiehon",29
ec5dqsuv,"Ian Ogilvy",23
fvglfapk,"Iwan Thomas",21
t6mx3m6n,"Eddie Izzard",20
1sh1gxuh,"Ian Moore",20
zxqf5ysa,"Iain Duncan Smith",18
m39tw6zk,"Ian Wright",18
tomcntjn,"Charmian Innes",16
bik5fnyr,"Isy Suttie",15
x53js5d0,"Ian Stewart",15
zczgn0gy,"Isobel Barnett",15
kyon4aes,"Ian McKellen",9
u1lcnihj,"Ian McMillan",9
sdp04ids,"Ivo Graham",9
4pch79fn,"Enrique Iglesias",7
r821lnn1,"Radu Isac",7
sdr7clcu,"Iain Dowie",7
4jbpxx5c,"Ian 'H' Watkins",6
duh45i2y,"Ieuan Evans",5
kq2wh1xm,"Isabel Oakeshott",5
ycybatj8,"Ian Carmichael",5
ys1xguwm,"Hazel Irvine",5
otjasyul,"Isobel Black",5
fwrxi92r,"Celia Imrie",5
2h5rlk6h,"Iain Lee",5
s1i29exq,"Iain Stirling",5
cy36xtk9,"Ivana Trump",4
1ofpyop4,"Ian Bleasdale",4
id6gbmkj,"Sebastien Izambard",4
9t9u6aoh,"Ivo Graham",4
kjopwcx0,"Robert Irwin",4
g4wdd9oz,"Ian Kelsey",4
qdrejk60,"Ieuan Wyn Jones",4
npvlfgkk,"Ian Wrigglesworth",4
j7f9ybew,"Ian Messiter",4
4qitply7,"Ian Wallace",4
h6hiivuf,"Ian Puleston-Davies",4
lx70n2wd,"Bernard Ingham",4
fvjty42g,"Ian Lang",4
ts7hrfy3,"Phillips Idowu",4
rfbnvahx,"Ian Smith",3
7wgyq6fd,"Ian Botham",3
1kqb6y25,"Judy Innes",3
cn893y5e,"Raphael Ibanez",3
laisofsq,"Isla Blair",3
8uei8mhl,"Eric Idle",3
t0unebod,"Rob Iliffe",3
d81agc0c,"Irma Kurtz",3
wce7iiix,"Ivor Richard",3
pp3k0ly6,"Igor Aleksander",3
ddyydda6,"Jason Isaacs",3
78xjn9kp,"Tez Ilyas",3
7cegm5no,"Ian Reddington",3
34trx0zf,"Iwan Morus",3
8p3igavn,"Irwin Sparkes",3
zdc68tkd,"Ian Crawford",2
ocbnnh51,"Isabel Dean",2
6c2vh5ll,"Ian Tough",2
ygt0q2iv,"Vanilla Ice",2
ra062pb7,"Irvine Welsh",2
i58x5ye2,"Matthew Innes",2
634lfahx,"Ingrid Tarrant",2
awr4cuq5,"Ian Poulter",2
r9ctwxsp,"Ian Aitken",2
g0wfo1co,"Ronnie Irani",2
03xs57rm,"Imelda May",2
u3fzirmi,"Isobel Lindsay",2
mbemnbxv,"Iain Cuthbertson",2
plmr78y9,"Ivan Massow",2
lx86sito,"Ian Holloway",2
qea5yl9o,"Ishmael Hamid",2
q1xkdxsk,"John Inverdale",2
45ivlqhs,"D.J. Ironik",2
vwqx0cc0,"Ian Wooldridge",2
2h3cqiyu,"Ian Walker",2
xhxv26o4,"Chris Isaak",2
hbho6hww,"Imogen Hassall",2
cz5w2ba9,"Iain Sutherland",2
fve4r8fl,"Billy Idol",1
mumqudlg,"Natalie Imbruglia",1
xj099m18,"Ian Parkin",1
rayy78f0,"Ian McGarry",1
mhmqw9bl,"Ian Richardson",1
n9obkzg1,"Fred Ingrams",1
5na2cb69,"Ian Woosnam",1
eh2s0rz8,"Gabriella Irimia",1
ky5es2cv,"Ian Mikardo",1
gr8bs4dv,"Iggy Azalea",1
pabm47x8,"Isabel Hardman",1
5ti76cah,"Iain Hewitson",1
hety1ggv,"Ashton Irwin",1
9tlsq7g1,"Irene Thomas",1
ji4cyl5r,"Ian McLagan",1
932ji6nl,"Ishtiaq Ahmed",1
24fb4r7p,"Irving Wallach",1
db5ezfli,"Ben Inman",1
yif8oaev,"Ian Hickie",1
c621rsuc,"Ian Gow",1
rgc31xow,"Ian Nelson",1
i7uljrx2,"Ian Turpie",1
y950elte,"Ian Smith",1
du4drj6l,"Colin Imber",1
16x06rvf,"Irving Finkel",1
bvd2dzgx,"Ian Angell",1
p5m1p5c4,"Ian Paisley Jr.",1
bvdrev08,"Lisa I'Anson",1
ksollkll,"Ian Dempsey",1
jxqoz4lh,"Ray Illingworth",1
dlzg89nh,"Izzy Judd",1
bqhmcl4a,"Ian Dury",1
zrca35on,"Ian McEwan",1
atig5ej6,"Isla Fisher",1
zid76gy0,"David Icke",1
92537n8v,"Ian Aspinall",1
zd3olwcx,"Ivor Mills",1
4obzn7cz,"Kenny Ireland",1
v5f0vzgz,"Monica Irimia",1
zya0bn8a,"Ilan Pappé",1
n6eu373x,"Grace Ioppolo",1
mx3gnvyu,"Ian McNicholl",1
n4x7d5ps,"Ian Wei",1
pr5bedlp,"Ian Chaloner",1
so47sr06,"Idris Elba",1
4aim6ef1,"Yuli Ismartono",1
752nik34,"Martin Ivor Kent",1
wcvnd3t5,"Ian Lavender",1
cwemq0t6,"Ivan Yates",1
g0nuzmws,"Ignatius Jones",1
96l7fc6l,"Idil Sukan",1
c9ktozng,"John Inman",1
32j3hv6b,"Imran Yusuf",1
3szsjq6r,"Arthur I. Miller",1
9g2ucjzw,"Ian Blatchford",1
jh6ga8y7,"Jessica Irvine",1
d1vm0kr7,"Ian 'Dicko' Dickson",1
jrsusn4u,"Ingrid Seward",1
xxp5dlnt,"Iva Davies",1
v4838sdf,"Ian Rankin",1
3gvrcyer,"Ilwad Elman",1
2evvmxav,"Ian Royce",1
13lcc4bv,"Jeremy Isaacs",1
2yref4uv,"Christian Ingebrigtsen",1
vl2plpfv,"Ian Robertson",1
c7kavggq,"Iain Banks",1
usxiatps,"Sue Ion",1
60venyt3,"Ian Hyland",1
my3pdic8,"Innes Willox",1
xi1x6a7m,"Iestyn Harris",1
nh72bpr7,"Irene Ward",1
ym70lrxb,"Jessica Irvine",1
q6n6yann,"Ivo Graham",1
se5h3ktr,"Ian McCaskill",1
5x1tcvq5,"Ralph Ineson",1
jk9oef3w,"Isa Guha",1
291vyqvi,"Gregory Irvine",1
ojnga9w3,"Isabel Hilton",1
35yzhp47,"Iain Sinclair",1
0wo1wgfa,"Indira Naidoo",1
d1d9ffi4,"Ian Chubb",1
083fj9jq,"Neil Innes",1
dp1da5jc,"Ian Thorpe",1
nuxk3wb5,"Ian Hay Davidson",1
0kw37iqk,"Iain Macwhirter",1
bb0xnx3y,"Ian Cashmore",1
n9pp41zk,"Iyaz",1
ufxmg0q6,"Ian Kershaw",1
alk71bgq,"Andrei Illarionov",1
soxtma20,"Idan Raichel",1
20okis7f,"Edna Ismail",1
zgr01jm1,"Barry Ife",1
96xb2nao,"Eddie Irvine",1
j4va3b3a,"Ian McAllister",1
cn5xgihx,"Ian Broudie",1
hffxp8h3,"India Knight",1
otoj3h5h,"Imre Salusinszky",1
j63bqspl,"Raihan Ismail",1
9t7jt852,"Graeme Innes",1
cstb8g29,"Iain Grandage",1
eg8op88v,"Iveta Lukosiute",1
69yqtio7,"Imogen Cairns",1
7y94ghxa,"David Ian",1
34f04fj1,"Tamara Ingram",1
9lsc6pnj,"Ian McBride",1
hshzmhrx,"Inez McCormack",1
dqxeohwl,"Ian Gilmore",1
q0lcbt58,"Il Volo",1
70iuramg,"Rhun ap Iorwerth",1
61rbelud,"Isobel Blaek",1
wjqid066,"Ian Christie",1
1uvxyweg,"Ilie Năstase",1
0sartygf,"Ian Blair",1
b9gspuj1,"Ian Astbury",1
aiuzp8be,"Eddie Ifft",1
2xleqfb0,"Iain Gray",1
3lq0mduq,"Ian McCartney",1
8qnq57og,"Igor Yurgens",1
75f2tpht,"Michael Ignatieff",1
9iaum17v,"Ian Rush",1
hd914zq2,"Frank Ifield",1
4yh8uc5q,"Ian Crowther",1
0gpietsz,"Isaac Hanson",1
cfoys6b5,"Ivan Day",1
