x2vmpjxi,Ulrika Jonsson,87
8qz1vknb,Chuka Umunna,14
gu9gr6ea,Una Healy,12
xbetbo24,Midge Ure,7
jbnofssc,Michael Underwood,5
tz6pw08q,Urs Buhler,4
qgfhmuyj,Ugo Monye,4
a4rxsqzd,Uri Geller,4
64hq1cb2,Usha Prashar,3
qomw257w,Una Stubbs,2
8uupuiik,Stanley Unwin,2
tsjf2r40,Jenny Uglow,2
1lso1zpd,Tamara Ustinov,2
ne5uwwjc,Osi Umenyiora,2
ty6i03wc,Carrie Underwood,2
o6vys3kt,Urzila Carlson,1
hvuct315,Charley Uchea,1
rl618273,Thomas Uebel,1
zyzy4xnm,Katie Underwood,1
irw78t0n,Uttara Natarajan,1
azb0qiuv,Michael Urie,1
a92bvhsg,Ari Up,1
s0evf833,Storm Uechtritz,1
e61ysl0i,Theresa Urbainczyk,1
a1vxqg3i,Upulie Divisekera,1
nm8z9d39,Felicity Urquhart,1
109v8mmk,Shaun Udal,1
em9ddwah,Matthew Upson,1
3lpdndav,Usha Goswami,1
qrj2bb5v,Mark Umbers,1
6uo0l2fi,Tracey Ullman,1
cvx4l2yg,Ugo Ehiogu,1
tndiglwj,Usher Raymond,1
ct7m0nlo,Una Kroll,1
1bdwr2ub,Ursula Tidd,1
