dzs8dz72,Clement Freud,576
oncin0w0,Frank Muir,380
80blrdy1,Bob Flowerdew,250
fc3xrxvy,Stephen Fry,249
k0jzn1xr,Francis Wheen,215
1vem5ucx,Fearne Cotton,151
bbjlysaj,Fred MacAulay,131
ezum7f40,Noel Fielding,92
wyv2lc7u,Andrew 'Freddie' Flintoff,91
m9jas0rx,Frankie Boyle,84
t2vdoodq,Fiona Bruce,69
8bduf8ih,Frank Skinner,38
oyesh1hw,Nigel Farage,36
66ftg5eh,Micky Flanagan,32
z4b6o3bs,Rebecca Front,32
2x3005z3,Frank Woodley,25
ksf23dl3,Fiona Phillips,24
cqw75uie,Caroline Flint,24
zkbg1ia3,Fern Britton,23
df8k5tz6,John Finnemore,22
d0dayrd3,Liam Fox,20
qpkg24gj,Francis Maude,19
pd0sm95v,Steve Frost,19
3z1p9a6z,Judy Finnigan,18
ue6apkfm,Frank Lampard,18
4atmbscb,Clare Francis,17
o5kgrcnc,Charles Falconer,17
wwkpqdzx,Lady Antonia Fraser,17
zs45y9m6,Felicity Ward,16
kkagp8c2,Ben Fogle,16
7rrh7nvw,Caroline Flack,15
o2iakgfe,Paul Foot,15
6p7tnu9f,Norman Fowler,15
g9rbjzk1,Patricia Fara,14
kmyp8w7m,Mark Foster,14
318cjy48,Stewart Francis,14
wuzxhhqe,Vanessa Feltz,14
a8sdb9n6,Tim Farron,14
r7l2j29l,Fay Ripley,12
8dpf1qtv,Paloma Faith,12
94j2o7qv,William Franklyn,12
7hur40ms,Frank Dobson,12
bpkow9yl,Deborah Frances-White,12
itdrsp2v,Frances Wood,10
0h7ukb0v,Julian Fellowes,10
yg0ozo5l,Fyfe Robertson,10
si97alm2,Matt Forde,10
pfojo49h,Shane Filan,10
m2nsmyzo,Fi Glover,10
vlfyldjs,Tom Fletcher,9
y8jeuq2u,Hugh Fearnley-Whittingstall,9
8kymic4q,Professor Frank Close,9
uzo5rjd3,Sam Faiers,9
oz9kzhhw,Fraser Nelson,9
ao4e77uy,Brendan Foster,8
4dew19sg,Helen Flanagan,8
do5csj4h,Gaynor Faye,8
7far79yb,Frankie Bridge,8
m5y1jvbd,Bruce Forsyth,8
1dhyvyv0,Darren Fletcher,8
wzkl3ced,Frances Barber,8
ytzmp6uu,Josh Frydenberg,8
02krdaad,Kelvin Fletcher,7
40v18nlb,Richard Fairbrass,7
vrj3xmm8,Cheryl Fergison,7
pjdhk7f2,Faye Tozer,7
q947ultx,Frank Windsor,7
k29yf6hg,Jane Francis,7
2zamic2u,Fiona O'Loughlin,7
ityi4n6d,Jan Francis,6
x1t6rw8r,Mark Feehily,6
6z2qxt7e,Lisa Faulkner,6
k4lp8fgq,Francesca Martinez,6
7mwq5l6k,Frances Bennett,6
ot37dh2b,Peter Forshaw,6
s2df549a,Yvette Fielding,6
krvbt5pz,Fred Trueman,6
6uwkgn43,Niall Ferguson,6
wsotyzqq,Joel Fitzgibbon,6
agyxq2nj,Richard Fleeshman,6
bwy7fntv,Connie Fisher,6
odn7n35i,Bryan Forbes,6
re04opkq,Dawn French,6
dah3yi4z,Mick Fitzgerald,6
49wtlg4h,Mo Farah,5
33mweijx,Michael Forsyth,5
2402u581,Sarah Foot,5
0ncydqu5,Emilia Fox,5
9v5nc3nl,Martin Freeman,5
5jltll60,Michael Flatley,5
piuruc0c,Daniel Finkelstein,5
kqnvrnk3,Jenny Frost,5
7nl4hlp4,Jessica Frazier,5
7bsa04wv,Mariella Frostrup,5
tz7to4m0,Stephen Frost,5
tkzf760g,Janet Fookes,5
5nokzzc8,Brad Friedel,5
m23z1dgy,Eric Forth,5
0kvfpevl,Fern Brady,5
4ov83rn5,Francis Rossi,5
dmfbyh8b,Rebecca Ferguson,5
5dv07g8j,Barry Fantoni,5
1kg0klm6,Carl Fogarty,5
o9jir3ao,Georgia May Foote,5
nz5v5mvj,Frederick Forsyth,5
ej06pyzg,Frank Field,5
vrl2tg0c,Fay Dowker,5
j1vq8ukz,Giles Fraser,5
svaewd6b,Frank Middlemass,4
lv6mv9ki,Francis Matthews,4
bddarusv,Miranda Fricker,4
1eju4txv,Derek Fowlds,4
yf5y4y5q,Jo Frost,4
13c7y2em,David Franklin,4
wvlp1qff,Sheila Ferguson,4
m84qibo0,Paul Foot,4
8dmt5999,Emma Forbes,4
lb3zqjpq,Barry Foster,4
36ga93wq,Fazer,4
qzrnaynl,Olga Franklin,4
9diens1c,Jenni Falconer,4
q4v2jc2p,Philip Franks,4
hqnbl5ru,Fiona Nash,4
6nxb0v7v,Liz Fraser,4
aro0tsoc,Garret Fitzgerald,4
42goq7p1,Fiona Ross,4
y4p8gl23,Chris Fountain,4
3617ehdu,Nick Ferrari,4
jnjpntd0,Chris Forbes,4
wci88u74,Fiona Allen,4
i2yb61m9,Frankie Dettori,4
hl59t4i0,Carl Froch,4
v695gjsm,Dave Fulton,4
5rsja5l9,Frances Morrell,4
86qykmpd,Tim Flannery,4
6iq3yg70,Michael Foot,4
2yud9sh7,Lynne Featherstone,4
nygu5bdy,Samantha Fox,4
trkhvaas,Francis Pym,4
etyr5mx4,Concetta Fierravanti-Wells,4
z4vzz0nd,Anna Ford,4
pf57pk1b,Felix Dexter,4
a3ehe76f,Foxes,3
bc2a5w65,Elizabeth Filkin,3
9tpchd82,Frances Edmonds,3
9owkfu1y,Don Foster,3
4ya1c62o,Carl Frampton,3
xpwaaxiw,Carrie Fisher,3
c2vhg8wt,Monty Finniston,3
0vqulkp3,Francesca Annis,3
8sdyn2ab,Frankie Sandford,3
uufddw7s,Craig Fairbrass,3
tl051h0m,John Fortune,3
ml6qm1cs,Newton Faulkner,3
9v9j03ct,Fish,3
zv0p2zi9,Roy Foster,3
tbtvs9t6,Mark Franks,3
g565vrd7,Fran Halsall,3
oqjovst1,Jo Foley,3
5muby5j7,Ellen Fanning,3
7a7g1y9c,John Fashanu,3
316aj036,Tim Fischer,3
4uvvnefn,Richard Flanagan,3
hycucwlu,Jeff Forshaw,3
xixlb5el,Brian Friedman,3
fhnvu0a0,Fran Brearton,3
ztvzr29e,Frank Delaney,3
vdflmzoy,Ferne McCann,3
gmzcnt5w,Euan Ferguson,3
kn6p18m4,Lynn Faulds Wood,3
k87pbr0a,Claire Fox,3
t8hhno8s,Ayda Field,3
8ncwibxa,Craig Ferguson,3
5gsk5yp9,Frankie Valli,3
conieckq,Helen Fraser,3
r1hb034x,Felicity Hampel,3
6pcz7kn9,Faith Brown,3
p12hqw4x,Greg Fleet,3
8357sfsk,Anna Fey,3
vch6uito,Siobhan Fahey,3
fjf9fx5b,Rich Fulcher,3
t6jczwg9,Felicity Kendal,3
q4sjby2i,Kevin Fong,3
0hz4ax6s,Danny Finkelstein,3
rcefx49g,Julia Foster,3
sh4dprq1,Fred Sirieix,3
6q3vu7a7,Alan Fletcher,3
dli4oc3k,Carlos Frenk,3
7pvjzcv5,Magne Furuholmen,2
jbdy0xsv,Fulton MacKay,2
q9gkfvp6,Professor Sir Frank Kermode,2
sbl4atdu,Frederic Raphael,2
6p1629e1,Jason Flemyng,2
5wvsf99y,Roger Freeman,2
vfzobr9a,Catherine Fletcher,2
n5mo56s9,Les Ferdinand,2
zaksaoyh,Christopher Frayling,2
1jjktmpl,Fiona Fullerton,2
zdhqvuoa,Ann Firbank,2
donjugcr,Freya North,2
5b7c7ogu,Robbie Fowler,2
1fq20pb0,Pippa Funnell,2
8nqm0lwb,John Francome,2
l85k748u,Frank Bough,2
gacxpopp,Fiona Lewis,2
li5gwmcv,Zach Filkins,2
acpnp93q,Claire Francis,2
7jlyryhs,Fatima Whitbread,2
jwp5uvsq,Joanne Froggatt,2
qypasjmy,Maggie Fitzgibbon,2
88ik15vb,Heath Franklin,2
88w8e0w2,Funmbi Omotayo,2
sjx6bs8k,Annie Farrow,2
oad15rg5,Edward Fox,2
g76kowkq,Kitty Flanagan,2
axg1x9lm,Lorna Fitzsimons,2
bwgtqo8h,Andrea Faustini,2
88n1ztz2,Mia Freedman,2
3jk7590j,Elizabeth Frood,2
rtik2xuj,Claire Faulconbridge,2
mzxgdmjt,Noel Fitzpatrick,2
ffav4grg,Raymond Flood,2
afys3y5d,Faryl Smith,2
1t0w6rrt,Fred Nile,2
tp9yddfi,Martin Fry,2
qoxmnnnd,Clementine Ford,2
jqzasz62,Jacqueline Fear-Segal,2
tzbo0wsz,Sir Christopher Foxley-Norris,2
60asy06g,Nelly Furtado,2
ivxxng35,Fay Weldon,2
20onbb8t,Alexandra 'Binky' Felstead,2
1mjs7rzr,Fiona O'Loughlan,2
utc0608d,Amanda Foreman,2
oe7p5rj6,Dexter Fletcher,2
1f4wdrio,Claudia Fragapane,2
l1y3fyne,Malcolm Fraser,2
g4wyt9q2,Eddie Fisher,2
4ek9ey8x,Felix Buxton,2
tkjzjcgo,Emma Freud,2
4c7g90xb,David Frum,2
9983nq2z,Florence Desmond,2
wms8vf0i,Martha Lane Fox,2
7cum46sz,Felipe Fernandez-Armesto,2
uctwd8zz,Luke 'Ming' Flanagan,2
80ivqz56,Neil Fox,2
5s9uajf8,Francine Lewis,2
ofdorclq,Nicholas Fairbairn,2
dqsj77tg,Kat Fletcher,2
uheui8dr,Fanny Cradock,2
6dhvamnb,Finbar Furey,2
kcehdrct,Tara Flynn,2
yxxxxkpi,Alexandra Fletcher,2
4q0vtnnx,Frank Cogliano,2
foiwblht,Frank James,2
u4wmqme6,Jonathan Freedland,1
5o2htier,Felipe Fernandez Armesto,1
g70r8uu1,Michael Fullilove,1
i86ijdvo,Gordian Fulde,1
7g6x6fja,Julian Fellows,1
1bsh4zjk,Matthew Fort,1
3r9dutsw,Toby Flood,1
9g1bkazz,Anthony Frodsham,1
z7jv0lft,Frisbee Sheffield,1
fofp5yoj,Fay Jackson,1
e31ytncw,Eric Faulkner,1
8mu58hin,Jye Frasca,1
dzt9441y,Frankie Fitzgerald,1
jcp10mb7,Barbara Follett,1
lr1u86o6,John Foreman,1
nyn0a72c,John Fisher,1
8j146gvn,Fiona Wood,1
5ni3t05a,Gen Fricker,1
5bgmj69g,Colin Furze,1
00en10oh,Narguess Farzad,1
k8ykaxq9,Fernando Saunders,1
fm4tmold,Matt Fincham,1
2k87daks,Fred McPherson,1
fzxy7r1s,Fenella Fielding,1
fu2to1f9,Freshwater Trio,1
vlxulq4s,Andrew Forrest,1
2kf2j7ju,Paul Fensome,1
8nbebos0,Lord Falconer,1
d8x1wjnt,Clare Fox,1
u182mp6m,Liam Finn,1
30hm9gcf,William Flynn,1
bj4mdy3e,Alix Fox,1
1garh2gm,Fiona May,1
7h5b4q4r,Jane Fonda,1
1w8ffq95,Mark Francis,1
molgjl8s,Agnetha Fältskog,1
i0fl9w6s,Fiachna Ó Braonáin,1
ig6wahvp,Ben Folds,1
823xc7rl,Francis Fukuyama,1
s26k32oo,Farrokh Vajifdar,1
il5nal7m,Fran Godfrey,1
kmu18j3n,Fee Glover,1
3ks347jx,Peggy Fenner,1
e1k9fz2t,Tommy Fleetwood,1
th9h0lh1,Lynne Frostick,1
phcyh3xh,Billie Faiers,1
f8li4iea,Dr Robert Fraser,1
5339plox,Lindsay Fox,1
539d2ruc,Fred Dinenage,1
wmuevpu6,Margaret Fitzherbert,1
qfpznlyh,John Fuegi,1
io484122,Peter Fleming,1
ra3vv5ih,Gerry Fitt,1
ne1kwgsv,Melanie Franklin,1
v374zuxb,Fleur East,1
uqdlmxaw,Kevin Flynn,1
cw851y9d,America Ferrera,1
y0sh10om,Fiona Stanley,1
mdz3j6qe,Mia Farrow,1
1qi0vcee,Richard Ford,1
j6l1h00r,Flavia Cacace,1
fmo27mx9,Orlando Figes,1
pudtmrsz,Fred Talbot,1
usn5rlcb,Grandmaster Flash,1
lbpq0skk,Roddy Forsyth,1
h7ds3o8a,DJ Fresh,1
nrgcs1zg,Kate Fleet,1
ojnmij6t,Frankie J Holden,1
34q1664f,Jacqueline Foster,1
73v2xipm,Chris Froome,1
vwzqln5m,Michael Franti,1
4qg83b28,Rachel Fry,1
mb3kgibq,Heather Fell,1
527gri0m,Frank Carson,1
8oc2kyad,Frances Morris,1
txfjuw9r,Fatboy Slim,1
rh73bzxy,Alan Finkel,1
ca3ggedp,Dr Niall Ferguson,1
tdd9txxp,Karin Friedrich,1
2p59soyc,Michael Fabricant,1
z0uek85h,Fiona Patten,1
9skvvyyi,Billy Field,1
ster9vwf,Faustina Agolley,1
tuvul3ie,Richard Frankland,1
6ijomlq7,Neil Fitzmaurice,1
v302pjy8,Felicity Montagu,1
qh6rpjm0,Aluna Francis,1
hnit96rf,BP Fallon,1
jifka89a,Frances O'Connor,1
cz3gucex,Don Foster,1
5nfk7yaq,Ben Foden,1
66nobh9c,Ryan Fletcher,1
n8jd7jxl,Anna Funder,1
pe9bt7kc,Frank Judd,1
6ef2w6yn,Steve Fielding,1
38zx8g98,Fiona Katauskas,1
jiq5p4ud,Bernard Falk,1
gw4h9cf8,Fiona Armstrong,1
ncxpvmly,Arlene Foster,1
k8za3tkw,Rio Ferdinand,1
gekl77cc,Tim Ferguson,1
gz8xhhpi,Robert Fox,1
6smam2ke,Freddie Flintoff,1
uc63vpbd,Stephen Fender,1
sgvchb2c,Douglas Fairbanks,1
80h1f6hx,Perry Fenwick,1
oc0vu57n,Beth Fulton,1
e72lz7mt,Andy Fairweather-Low,1
zoe1l9n1,Helen Fulton,1
tmy2s4zb,Bashabi Fraser,1
zs6i668q,Valerie Fraser,1
dl0wibxp,Fritz Spiegl,1
odvqs9xi,Sally Farmiloe,1
whunvmzs,Fernando Peire,1
1q62v7ry,John Falzon,1
p8znj81l,Federico Martone,1
79ha84wq,Robert Foley,1
cftp8tbb,Katy Faust,1
k4weh1oq,Frank Johnson,1
5yw2fkp1,Brinsley Forde,1
q50lbc4f,Will Ferrell,1
m8guxhhv,Marianne Faithfull,1
5r9yttr3,Chris Finch,1
4k07otsm,Joanne Farrell,1
1erc5ch6,Sir Ranulph Fiennes,1
sw0mj6ez,Pauline Fleming,1
gdrn8ug2,Francis Ames-Lewis,1
121fz10r,Fiona Driscoll,1
r7nb9lpf,Gavin Flood,1
6rk3kosw,Fran Cosgrave,1
z185egnf,Frank Keating,1
8qwoywd4,Florence Welch,1
4xpozfel,Susan Foister,1
orpkm28v,Nicole Faraday,1
hktbihuo,Michelle Foster,1
t0tl7wbz,Fuzzy,1
s3egcty7,Michael Fuller,1
dazvvqz1,Quinton Fortune,1
xu4yzlab,Frank Brennan,1
vv1kmdty,George Foulkes,1
5lkgfuu9,Freddie Flintoff,1
m5huflv0,Corey Feldman,1
vwhaetmc,Philippa Forrester,1
ffmufxli,David Feeney,1
codm11wl,Frances Knight,1
e76w21as,Laurence Fox,1
xc7hjabr,Helen Fielding,1
h57ukgcm,James Fair,1
6u7ctax1,Dave Fanning,1
927igsgv,Tim Freedman,1
zeep6dzk,Frances Crook,1
gva5nlr0,Greg Foxsmith,1
up7blc2y,Brooke Fraser,1
t0ohxgrw,Caryn Franklin,1
o8j1m38e,Mark Furze,1
nn5xlv88,Mick Ferry,1
7gebu4q7,Lynne Franks,1
q4swxkjv,Donald Findlay,1
mvn83kwp,Fred Spoor,1
na9jyw49,Steve Finn,1
rxh8cree,Frankie J. Holden,1
c639xn5f,Fergus Finlay,1
us69quvy,Freshta Raper,1
rk7wf9fr,Fiona Watson,1
zhmqb471,Evelyn Fishburn,1
mysvl7ac,Simon Fanshawe,1
mvxnh57v,Denis Feeney,1
yonkkmgq,Fyfe Dangerfield,1
i5jamrls,Frank Leboeuf,1
1tjsj4ou,Professor Fred Piper,1
50kxtltx,Dani Filth,1
3evvfxlh,Fergie,1
zcvtnnwk,Malcolm Farr,1
h5crc87l,Frances Donnelly,1
cxcvmwr6,Frank Warren,1
md8ntemd,Taryn Fiebig,1
8apftm2d,Mary Fulbrook,1
nm8z9d39,Felicity Urquhart,1
uonubz02,Michael Fraser,1
hd914zq2,Frank Ifield,1
7e0mdodr,Freddie Starr,1
3ufmqmhc,Leslie Feist,1
qp3uqvrk,Peter FitzSimons,1
k4nwukuf,Roddy Forsyth,1
4j53x25a,Fatman Scoop,1
yynih1go,David Florence,1
hu3kvsr5,Rocco Forte,1
std2sp3i,Nick Frost,1
gr0fqcgb,Tom Finney,1
ppg8zquu,Derek Fatchett,1
p3nt704y,Frederik Pedersen,1
i9tf10lz,Antonio Fargas,1
4k3ck3q0,Andrew Foster,1
dcet63zn,Robert Forster,1
rjugt8wt,Tania Farah,1
iyl2oc4a,Roddy Forsyth,1
84zyjz6z,Freda Payne,1
m5rakb3h,Frank McLynn,1
m46blmqb,Jo Fairley,1
0fzg6pjo,Frank Bruno,1
37zgzl9c,Sarah Ferguson,1
26hnhsbw,Nicolette Fraillon,1
fv65jabc,Frank Buglioni,1
1x0nt3c4,Wendy Flavell,1
i7sg10w3,Fiona Gilmore,1
2nq55729,Fuse ODG,1
n9obkzg1,Fred Ingrams,1
1x29b7z0,Fay Bound Alberti,1
16edm7x0,Dewi Fortuna Anwar,1
f3v2yaah,Hannah Fry,1
cr5r6wto,Freddie Flintoff,1
219df968,Mia Freedman,1
rozt8oin,Francesca Sandford,1
3halkv6m,Michael Franti,1
jhp0h0qt,Siobhan Finneran,1
bo4xt2z7,Frances Coverdale,1
up6msg4h,Gwynneth Flower,1
5m5jg1yu,Michael Fish,1
oc9kko28,Bobby Fox,1
e6p1zj67,Douglas Fairbanks Jr,1
km8oueoa,Barry Fry,1
fu534cb1,Tom Felton,1
rggfc6tg,Mitch Fifield,1
dw9thqvm,Richard Fortey,1
66mpqphd,Frankie Fraser,1
rk46im22,Christine Forster,1
8lxy7zmz,Fiona Campbell,1
ka1mx0jb,Siobhan Freegard,1
unquid1t,Ray Fearon,1
u0xiq5ui,Charles Firth,1
5d6o12ej,Felicity Green,1
4pp853kr,Gearoid Farrelly,1
l0c9hiu1,Faisal Devji,1
p4waxbmw,Lynn Ferguson,1
rxnx63u9,Francis Lee,1
g6eggp76,Françoise Barré-Sinoussi,1
3d982c1s,Ben Fordham,1
wt0b2odu,Dr Kevin Fong,1
16x06rvf,Irving Finkel,1
on6o0m4u,Venetta Fields,1
lm1qgdtm,Leah Flanagan,1
xgs6uh7e,Fiona O'Loughlin,1
c9inblpj,Frank Doe,1
qfmaxtax,Luna Frank-Riley,1
5pfygpvy,Frederick Lawton,1
lsx8nu26,Ben Foster,1
fkzttq2x,Patricia Field,1
2bgk7q6e,Ross Fisher,1
o9n3bj4x,Joanna Foster,1
vcbe9y89,Lyn Faulds Wood,1
czeq1a1y,Lisa Forrest,1
wfaho8zg,Mario Falcone,1
h6tdpc4i,Otis Ferry,1
3stgms9i,Faramerz Dabhoiwala,1
s44xcryg,Anna Friel,1
oktmrpbl,James Fleet,1
2ieekzhs,Catherine Fox,1
fk0gozds,Anne Fulwood,1
atig5ej6,Isla Fisher,1
n4nxt3n5,Alan Fisher,1
mwzwffrh,Adam Faith,1
cwfyyln3,Chiara Franceschini,1
1xk9nsxy,Bryan Ferry,1
55pebsmk,Joel Felix,1
jk10nlts,Faye White,1
bo731uax,Dave Faulkner,1
20s4sj9j,Russell Foster,1
sm4fjzra,Maria Fowler,1
vtbod34n,Fiona Miller,1
lh5lmibj,Elaine Foster,1
q95q64x2,Jacqueline Freney,1
y2dt9qdq,Judy Fallon,1
z2vbrffn,The Best of Fighting Talk,
unan710f,Darren Fletcher,
wtbhd9ql,Darren Fletcher,
x0dajigq,Darren Fletcher,
2jis26l5,Darren Fletcher,
xp689pel,Frank Barber,
3axhdvfm,Fighting Talk: Old Chestnuts,
rugrmj6j,The Best of Fighting Talk,
4s24lhdf,Roddy Forsyth,
n6v3ulab,Darren Fletcher,
z6f4pq5v,Darren Fletcher,
