30np5w57,"Kaye Adams",553
y0rs8v1n,"Kenneth Williams",353
lala2l3q,"Kate Thornton",235
0smmr1o3,"Keith Lemon",224
c26v5h9k,"Katherine Ryan",119
enbbyz8g,"Martin Kelner",101
8zqe3f8c,"Charles Kennedy",71
3p2e3gxk,"Kerry Katona",58
ewwqjcle,"Nish Kumar",58
m2czff56,"Kenneth Clarke",57
bchqpuf7,"Myleene Klass",52
d9v5vbkt,"Shappi Khorsandi",48
1rtqz52s,"Russell Kane",47
h6o9xvx5,"Kevin Bridges",46
4omd31xd,"Kerry Godliman",44
453aweo9,"Des Kelly",43
iuzrtlu5,"Kit Hesketh-Harvey",40
hh3bsso3,"Ken Livingstone",39
gdj6om5g,"Katie Price",36
ikv6fsuk,"Katy Brand",36
e55s64zb,"Kym Marsh",34
8o9m0n2g,"Katharine Merry",32
u9jjmpti,"Patrick Kielty",32
s8svsmxd,"Kevin McHale",30
jae5mrc5,"Gerald Kaufman",27
eldevkqe,"Kate Garraway",27
6egq5ot8,"Stephen K. Amos",27
yt4t1xp8,"Kelly Brook",25
e6wb7i8j,"Lorraine Kelly",25
zpj590rm,"Karren Brady",24
m04mxaqq,"Miles Kington",24
ro1kzis6,"Katharine Whitehorn",21
r9njiv0i,"Krishnan Guru-Murthy",21
vg4mni0b,"Sarah Kendall",21
grusmhk9,"Saira Khan",20
qx0mniaw,"Vernon Kay",20
y6q6age4,"Martin Kemp",19
vln4g78a,"Beverley Knight",18
9oiw8vcv,"Philippa Kennedy",18
8uj80z2f,"Athena Kugblenu",17
8tklkv5y,"Jessica Knappett",17
l3qwywbu,"Kathy Burke",17
f00lobif,"Kirsty Young",17
puzxobnx,"Ronan Keating",17
jk0ps32l,"Keir McAllister",16
svybf7h5,"Matthew Kelly",16
yoqwlew0,"Patsy Kensit",16
32ubgua7,"Susan Kramer",16
ehqn0y1o,"Chris Kamara",15
6jzole13,"Kenneth Baker",15
iv4cr5kf,"Kevin Day",15
z1hlqu1w,"Danny Kelly",14
gth8qwu7,"Kate Humble",14
cd2901cw,"Katherine Parkinson",14
fpob54ax,"Katy Wix",14
7k37mnhj,"Kelly Sotherton",14
8o9jj5k0,"Kelvin Mackenzie",14
i0ufm9pu,"Kimberly Wyatt",14
pfdwt6fw,"Neil Kinnock",14
ep70k7lt,"Eddie Kadi",13
my3xvk6o,"Kate Adie",13
mftecx64,"Kate Williams",13
sb2qyy1b,"Katherine Jenkins",13
fne2eqbt,"Kirsty Wark",13
ey25fz9z,"John Kearns",12
lhv9t9jg,"Keith Duffy",12
z5h8zk70,"Kiri Pritchard Mclean",12
g42bnat8,"Nick Knowles",12
spu3rctm,"Barbara Kelly",11
sysnt0vt,"Karen O'Brien",11
59zt7h6g,"Kate O'Mara",11
1qq150bc,"Kelly Dalglish",11
pwfdt996,"Kelly O'Dwyer",11
o1jjio92,"Kian Egan",11
htprs4ot,"Kimberley Walsh",11
na8hpky3,"Kriss Akabusi",11
msp9fnoc,"Mollie King",11
l0fz3g9y,"Penelope Keith",11
po65735q,"Claire King",10
kjzneopj,"Guz Khan",10
nbxdlg6n,"Hugh Kennedy",10
22aua9gx,"Jonathan King",10
zewwpsrk,"Kate Ellis",10
47s89t5e,"Kelly Holmes",10
rfkc9ntw,"Kerryn Phelps",10
px3du8uh,"Kevin Eldon",10
f3fw5ann,"Kiell Smith-Bynoe",10
986i07kd,"Kim Woodburn",10
sn5wg8yd,"Kirsty Gallacher",10
ir47ot7p,"Ludovic Kennedy",10
ss7hmg2h,"Michelle Keegan",10
pcd39t2r,"Amir Khan",9
q8e2d6fa,"Bisha K. Ali",9
n2tajjlx,"Jeremy Kyle",9
013u6r7n,"Julie Kirkbride",9
5js2ph91,"Kate Carnell",9
dtzro2jz,"Kate Mills",9
208lfswf,"Ken Doherty",9
j3iocqh7,"Kerry Chikarovski",9
q7mf6tx4,"Robert Kilroy-Silk",9
gw6opwme,"Tim Key",9
vlqdftgf,"Tom King",9
azvufnvz,"Diane Keen",8
l9ij492d,"Jodie Kidd",8
g5bj3oj5,"Karl Newton",8
ffswmpwg,"Katharine Murphy",8
7hoy8pie,"Kathleen Burk",8
02krdaad,"Kelvin Fletcher",8
d1sonlc1,"Kirstie Allsopp",8
stwfvrzs,"Konnie Huq",8
7gt3rszc,"Kwasi Kwarteng",8
u7mr71w4,"Marian Keyes",8
dqkvoucv,"Oona King",8
x4k8i0eu,"Simon King",8
ipsv3r78,"Billy Kirkwood",7
la71za8h,"Emma Kennedy",7
nzech4ky,"Eric Knowles",7
u2x4qp63,"Glenys Kinnock",7
27i85ut0,"Jo Kendall",7
1c3807du,"Karen Middleton",7
1rf8vqcg,"Kate Andrews",7
3o6bobkz,"Katie Boyle",7
8byd79i1,"Katie Piper",7
uemudlsw,"Kelly Osbourne",7
oj1sni8x,"Kezia Dugdale",7
ts01ueoq,"Ross Kemp",7
cjfqfqrv,"Barbara Kellerman",6
8zjfx5c2,"Humphrey Ker",6
o53iykqf,"Jill Kirby",6
ct7pz9ud,"Kacey Ainsworth",6
0idv0xhg,"Kara Tointon",6
6kb48pn3,"Karen Pickering",6
lpi87usr,"Kathy Lette",6
5ofu9czm,"Katie Grant",6
9onu5g1s,"Katie Hopkins",6
3khv17zk,"Katie Melua",6
uhidv3ow,"Keith Allen",6
lloo47nx,"Keith Chegwin",6
k4k7iahx,"Kevin McNally",6
p7t9h416,"Kevin Rudd",6
sefiddn6,"Kim Wilde",6
e3e4ofj1,"Kirsty Williams",6
hjzuxufj,"Liz Kendall",6
3pn5j8f0,"Mary Kenny",6
b7o4538l,"Miriam Karlin",6
5cddj8gy,"Sadiq Khan",6
8qn1m2q5,"Alan Kirkland",5
xsf155sh,"Amanda Keller",5
intfy9l9,"Archy Kirkwood",5
vkzzu32n,"Bob Katter",5
n3a4nhoi,"Catherine King",5
b0g1lzgv,"Chandrika Kaul",5
67jbglot,"Jackie Kelly",5
kzokpdk8,"John Keane",5
nje8ifli,"K.T. Tunstall",5
dpd2qe1v,"Katie Acheson",5
r3p1mj93,"Kelly Clarkson",5
zn67wy5u,"Ken Morley",5
a9acwkwk,"Keri-Anne Payne",5
dky10w46,"Kevin Campbell",5
9k546zgu,"Kevin Davies",5
9jdr83yi,"Kevin Kennedy",5
zv4wuwgm,"Kirsten O'Brien",5
45voe501,"Mark Kenny",5
n5ouehky,"Olga Koch",5
qfywg3xy,"Paul Kelly",5
jo3yb59z,"Sam Kydd",5
rdr3mnov,"Siva Kaneswaran",5
dxvc0ooi,"Alan Knight",4
zkuntc3n,"Ali Kadri",4
c2lzeirz,"Cheryl Kennedy",4
ukfvnwms,"Gerry Kelly",4
qofxip3s,"Helena Kennedy",4
eq6fwq8s,"Henry Kelly",4
g4wdd9oz,"Ian Kelsey",4
dzmtb22r,"Jules Knight",4
tv1xvwll,"Karen Barber",4
g76n7plz,"Kate Hoey",4
o2ehur4l,"Kate Lundy",4
ov85ov21,"Kate Robbins",4
2wabbiew,"Kate Silverton",4
g6xsfi9n,"Katherine Duncan-Jones",4
ti9lm9wq,"Katherine Kelly",4
i5xgiz29,"Katy B",4
i9f11s3i,"Kay Mellor",4
sm8cr2ib,"Keir Starmer",4
k4qg8x4v,"Keiron Nicholson",4
gwxo3naf,"Kelly Hoppen",4
y2e6i9ih,"Kemah Bob",4
1a1001nd,"Ken Loach",4
25euj0eu,"Kenny Everett",4
0yk2oqyj,"Kenny Logan",4
yghbbotd,"Kevin Garside",4
bxii21bp,"Kevin Kilbane",4
u2poy2lo,"Kevin Phillips",4
738czj04,"Kevin Sinfield",4
kyh1juoj,"Kram",4
gt3n4yow,"Kristen Lippincott",4
absmvkb2,"Kristen Schaal",4
300ka95s,"Kylar Loussikian",4
x5ty7gxq,"Lord Kearton",4
go6ey7pe,"Robbie Keane",4
1d8ggmv7,"Robert Kaplan",4
10pnlj7m,"Ross Kelly",4
1ug0vtiw,"Ruth Kelly",4
n4luaa0o,"Adam Kuper",3
ep0rgd2d,"Ben Kay",3
00ipcmj2,"Bernard Keane",3
z399o919,"Catriona Kelly",3
o1p48exf,"Cheryl Kernot",3
xar4fswv,"Daniel Karlin",3
ja41fza7,"Elizabeth Knight",3
t6jczwg9,"Felicity Kendal",3
i4ysi5zn,"Gary Kemp",3
3mkiaprf,"Ged Kearney",3
lb5f5k2o,"Gordon Kennedy",3
fgfltyyb,"Hardeep Singh Kohli",3
d81agc0c,"Irma Kurtz",3
ntwp6n8p,"Janette Krankie",3
nn744xlp,"Jill Kraye",3
qpipegsh,"Jim Keays",3
dg9pjucv,"John Kettley",3
tdddaqnm,"Karen Bradley",3
jcjj5gq0,"Karl Lucas",3
bj49clkr,"Katarina Johnson-Thompson",3
fnsnxo45,"Kate Ceberano",3
80fzyfa1,"Kate Eastman",3
yfwnpfni,"Kate McClymont",3
55t7lvnk,"Kate Miller-Heidke",3
ubdbpt1s,"Kate Nash",3
z9au7c03,"Kate Sanderson",3
d6qu497b,"Kathryn Robinson",3
367wb1x0,"Katy Hill",3
3liwmnww,"Keisha Buchanan",3
d2znymrz,"Kelly Rowland",3
t5j276bx,"Ken Maginnis",3
y5ncpk0w,"Kenzie",3
jbsattif,"Kerry Chikarovski",3
h46whzjy,"Kerry Howard",3
bfque3ek,"Kevin Bishop",3
q4sjby2i,"Kevin Fong",3
fwdtgujt,"Kevin Maguire",3
4t0svezd,"Kirsty Newton",3
hxptnzdy,"Kwame Kwei-Armah",3
4t1nnl7d,"Kyran Bracken",3
uglr85l5,"Lauren Kassell",3
v5bvhhkh,"Lawrence M. Krauss",3
arvzviul,"Madonna King",3
1mm9z42d,"Michael Keenan",3
lw9s9tk5,"Nassim Khadem",3
6pxdtvkj,"Paul Kaye",3
m2vhktz8,"Phil Kay",3
niaqd3lr,"Sandy Knapp",3
1m6qgqjl,"Sean Kelly",3
9nw3ng5z,"Shaun Keaveny",3
l3f28g7i,"Sir Anthony Kenny",3
a8y03y0l,"Stephen Knight",3
udczj2z7,"Thomas Keneally",3
wqdsy232,"Adele King",2
7k2kp95w,"Aleks Krotoski",2
0jpzqkem,"Alice König",2
sjbclzsy,"Anne Keothavong",2
qbwj44ki,"Brent Kutzle",2
r45oufvp,"Brett Kahr",2
qgdmqisp,"Brooke Kinsella",2
k3pc8b49,"Bruce Kent",2
kq7gfvdg,"Carol Kirkwood",2
rzkzhpdy,"Chaka Khan",2
5x0e645f,"Craig Kelly",2
4xk4hj09,"Dani King",2
a9vsgp1z,"Dervla Kirwan",2
dv8cn049,"Diana Krall",2
m5krxy6w,"Duncan Kennedy",2
11bc2ps8,"Ed Koch",2
by7iskv1,"Gerry Kelly",2
fdv2ekcb,"Harriet Kemsley",2
vqnad76o,"Helen Keen",2
z2jajfoa,"Helen King",2
bld7cb4f,"Jack Klaff",2
4tfilwdl,"Janet Key",2
z9t9vb4n,"Jason Kenny",2
27d3w96g,"Javed Khan",2
jothfzy5,"Jim Kerr",2
1qqzjofz,"Jim Knight",2
sinnstx1,"John Keeble",2
p02u60on,"Jude Kelly",2
54vgjns1,"Justin King",2
bgp194do,"Kadeena Cox",2
su1bpahf,"Kai Humphries",2
2rfr2165,"Kamlesh Bahl",2
70llqz6c,"Kara Wilson",2
vk1uvfqu,"Karan Bilimoria",2
2xd62pbg,"Karen Bartke",2
erota45s,"Karen Danczuk",2
e545x85f,"Karen Drury",2
flxpwhut,"Karen Dunbar",2
rtew49xl,"Karen Edwards",2
4rp906ox,"Karen Radner",2
2hlwxkf6,"Kasey Smith",2
dqsj77tg,"Kat Fletcher",2
4jspjked,"Kate Coleridge",2
9l9cjwuw,"Kate Marlow",2
ht361pco,"Kate Miller-Heidke",2
wmjclvm2,"Kate Nelligan",2
gygxskcb,"Kate Peters",2
kruyx1oi,"Kate Smurthwaite",2
9n27ntcz,"Kate Spence",2
ew5r3y5d,"Katherine Grainger",2
b6e47hrf,"Katherine O’Regan",2
qsmdzufp,"Kathryn Williams",2
d5e6q539,"Katie Noonan",2
imn547i7,"Katie Noonan",2
ebv4y0mz,"Katie Perrior",2
ka1ug8ow,"Katrina Hodgkinson",2
d1al4xs6,"Katrina Leskanich",2
bmspnt2k,"Katy Cavanagh",2
s0tyz3re,"Kavana",2
efk0pb5a,"Kay Coleman",2
xf6h4ahf,"Kayvan Novak",2
3io8cagi,"Keith Vaz",2
h77bm1uw,"Ken Bruce",2
gx5ep1ok,"Ken Wyatt",2
y9c7w4se,"Kendra Wilkinson",2
1za3c3oy,"Kenneth Robinson",2
o8azw9lo,"Kerry Townsend",2
cwcns00t,"Kevin Doyle",2
icpa0lge,"Kevin McKenna",2
rbwd0at3,"Kevin Pietersen",2
hcvbd6xb,"Kevin Sharpe",2
yiqafch8,"Kevin Whately",2
z73l5dvf,"Kevin Woodford",2
4q9s5yu4,"Kieron Richardson",2
jssir4fy,"Kiki Dee",2
naarkcw0,"Kim Cattrall",2
xgikkldy,"Kim Doherty",2
5wuuxpm2,"Kim Howells",2
4qmjp114,"Kim Thomson",2
gy2d5fnl,"Kimberley Sterling",2
70ho2aan,"Kingsley Amis",2
4zfh0u9t,"Kirk Norcross",2
o02xu6zs,"Kirsty Blackman",2
id6uk447,"Kit Symons",2
g76kowkq,"Kitty Flanagan",2
y9spl84z,"Kristian Thomas",2
fj2lw2gm,"Kristina Rihanoff",2
a7npjmj1,"Lydia Khalil",2
l310k14v,"Madonna King",2
kgbkeuus,"Margaret Kean",2
dfur39gn,"Martha Kearney",2
ryzkueld,"Michael Kirby",2
kl88rrg2,"Natasha Kaplinsky",2
oztrfjm9,"Nigel Kennedy",2
yqul2djb,"Nik Kershaw",2
smgww40a,"Preeya Kalidas",2
q9gkfvp6,"Professor Sir Frank Kermode",2
miokof3i,"Robin Knox-Johnston",2
110h6blr,"Rosalie Kunoth-Monks",2
82426yab,"Rosie Kane",2
jgnrblea,"Ruslan Kogan",2
5jpguqjk,"Samuel Kane",2
wy7q4n0b,"Sanjeev Kohli",2
ydcva7s1,"Sarah Keyworth",2
nalrc85g,"Sascha Kindred",2
rsc1yr3o,"Stephen Kinnock",2
3kukdft4,"Tom Kerridge",2
4f6fnqf4,"Trevor Kavanagh",2
e2zx55at,"Wyn Knowles",2
t0pqg480,"Adam Kay",1
8yk2n5p1,"Alan Kennedy",1
9bivca8i,"Alex Kitson",1
er67ooa4,"Alice Koenig",1
zc2yjhxo,"Anatole Kaletsky",1
wz5k2d7p,"Andrew Knight",1
ag5efg9x,"Andy Kane",1
wdb97iuv,"Andy Kershaw",1
ioxfr6zi,"Anna Kournikova",1
ixlh4t8w,"Anna Krien",1
g1s465va,"Anne Kelleher",1
p0nz2i0x,"Anne Kirkpatrick",1
d9rwkzw1,"Annette Karmiloff-Smith",1
oioi6vfh,"Anthony Kenny",1
g7lh01h5,"Barak Kushner",1
3o7jz8an,"Billie Jean King",1
pc8wftal,"Bob Kearney",1
13k352bq,"Brett Kelly",1
i8930f8d,"Brian Kennedy",1
yp7yhmfs,"Bryony Kimmings",1
valskkjv,"Carole King",1
ag5me8c1,"Catherine Keenan",1
a8vfem23,"Charles Kelley",1
33g7uamb,"Charlie King",1
it2a6fll,"Chris Kenny",1
vnyzce18,"Chris Kenny",1
uvb44lp7,"Chris Kirkland",1
dp89bfyw,"Cora Kaplan",1
lo2xuhkl,"Dan Kelly",1
k62msuk5,"Dan Kowarsky",1
sw7gyi21,"Daniel Dae Kim",1
7b0ja2cz,"Daniel Keatings",1
1uihajd5,"David Kilcullen",1
h6ipvejs,"David Knox",1
h8z6cg9x,"Dean Lennox Kelly",1
lfnzieph,"Debbie Kilroy",1
8xbpg4v8,"Declan Kearney",1
tlivezct,"Dillie Keane",1
62hft33z,"Dr Karen Salt",1
do9qi481,"Dr Ken Richardson",1
wt0b2odu,"Dr Kevin Fong",1
b98iozeq,"Dr Mary Kaldor",1
nl5lp9i4,"Dr Sandy Knapp",1
1jr1dbl3,"Eartha Kitt",1
2gb59jxv,"Efraín Kristal",1
38zx8g98,"Fiona Katauskas",1
codm11wl,"Frances Knight",1
z185egnf,"Frank Keating",1
8fcjnd24,"Gail Kelly",1
scmxjtba,"Garry Kasparov",1
oqtr8ls1,"George Kay",1
qb2rzgm3,"Georgia Kousoulou",1
jdob8l3e,"Ghada Karmi",1
5ib01b2h,"Glennis Kinnock",1
rbxmirdb,"Grace Knight",1
que7f4u8,"Gregory Kane",1
et5cdbet,"Gretel Killeen",1
19awr4bm,"Grigory Karasin",1
521l2tvp,"Hari Kondabolu",1
jrjh3583,"Harry Koisser",1
xiz4e1wk,"Harry Kroto",1
9oxiayh9,"Hazel Kaneswaren",1
1vucuvv7,"Helen Kroger",1
ku5tl4z6,"Henry Kissinger",1
oaqwybkg,"Holly Kramer",1
ufxmg0q6,"Ian Kershaw",1
hffxp8h3,"India Knight",1
ue65gond,"Jason King",1
qfpj2ajd,"Jayashri Kulkarni",1
0us65jd6,"Jean Kittson",1
sd97t71z,"Jeane Kirkpatrick",1
7sxos2cd,"Jemma Kidd",1
ppwyscej,"Jenny Kirkpatrick",1
2dkge6q8,"Jill Knight",1
1dtd92ug,"Jo Kingsley",1
c3wqei5m,"Johanna Konta",1
0v8wl28z,"John Keane",1
nwxae4l3,"Johnny Kingdom",1
6b9seg92,"Jonathan Kerrigan",1
iobu3qif,"Kae Kurd",1
17zyb9t0,"Kaiser Kuo",1
tcoct7md,"Kajsa Ekis Ekman",1
r3v97kj2,"Kaki King",1
zm2rh7y0,"Kallum Watkins",1
jtmvvti6,"Kamahl",1
2iyj7aw3,"Kamila Shamsie",1
7d27r9bi,"Kara Noble",1
x1lm1gij,"Karan Thapar",1
yazdokjq,"Karen Allen",1
9x5tqn4y,"Karen Armstrong",1
v2yjn3bj,"Karen Den-Toll",1
tvho31ss,"Karen Hitchcock",1
d7hevadl,"Karen Lynn Gorney",1
aiqh21kf,"Karen Poole",1
groez79s,"Karen Taylor",1
l9emoq97,"Karen Woods",1
qpfhyg6w,"Karin Bowie",1
tdd9txxp,"Karin Friedrich",1
91bpktae,"Karina Okotel",1
p6vqtliz,"Karis Anderson",1
hdxell8o,"Karl Chandler",1
le21quws,"Karl Davies",1
x5habil8,"Kasey Chambers",1
fg5hgyd8,"Katarina Kroslakova",1
re3uzvwm,"Kate Abdo",1
u5hjgfox,"Kate Allen",1
wtfkubrl,"Kate Barker",1
dpguug78,"Kate Carnell",1
50i2hgtb,"Kate Cooper",1
0htwkt59,"Kate Crawford",1
leavqgji,"Kate Crosby",1
dbkhb0gn,"Kate Cushing",1
bxsfpp94,"Kate DeAraugo",1
nrgcs1zg,"Kate Fleet",1
qx87urc3,"Kate Forbes",1
woxnd84y,"Kate Grenville",1
htkk6p25,"Kate Hodgson",1
uucxk2l0,"Kate Jackson",1
ondzaj20,"Kate Jenkins",1
hul1rsnl,"Kate Maltby",1
qb1ygj4n,"Kate Miller Heidke",1
5wwu0nmz,"Kate Mosse",1
bkjlbcgl,"Kate Mullins",1
7vey977r,"Kate Neal",1
j7e6mscv,"Kate Quilton",1
gbtwqeli,"Kate Richardson-Walsh",1
bm1r18sv,"Kate Ritchie",1
ty4tom5f,"Kate Saunders",1
fanjkf9k,"Kate Walsh",1
cqjqwadw,"Katharine Dell",1
1h3zlsnn,"Katharine Lerman",1
amt81hva,"Katharine Viner",1
q1xjijm6,"Katherine Harloe",1
wnzym5bp,"Katherine Hudson",1
pb6myy4v,"Katherine Jakeways",1
isaycb8h,"Katherine Mullin",1
uiaocn8e,"Katherine O'Regan",1
px32ijc8,"Katherine Teh-White",1
8tzevgtd,"Kathleen Lennon",1
5n38jiac,"Kathleen O'Malley",1
i20wfgnm,"Kathleen Tynan",1
regrbghv,"Kathryn Simpson",1
3zk5vbyd,"Kathy Griffin",1
ufcan87c,"Kathy Lloyd",1
flp39aum,"Katie Derham",1
jtf52r5g,"Katie Mulgrew",1
of3u1byg,"Katie Nicholl",1
ztzwdtx2,"Katie Slocombe",1
zyzy4xnm,"Katie Underwood",1
t0o391e5,"Katrin Kohl",1
bf5mc9zl,"Katrina Noorbergen",1
kf8cqffi,"Katrina Strickland",1
mdijgsw5,"Katy Balls",1
cftp8tbb,"Katy Faust",1
eprm1u0e,"Katy Gallagher",1
lpyh1gny,"Katy Marchant",1
nw2kkzo4,"Katy Sexton",1
of9bbhfj,"Katy Steele",1
higgok7r,"Katya Veleva",1
deb92x07,"Kay Carmichael",1
byh20vun,"Kay Hymowitz",1
dwr24i4o,"Kay Nash",1
eumr2sbr,"Kaz James",1
vd94w9wp,"Kazia Pelka",1
up45cifx,"Keane",1
3s9lq8zb,"Keedie Babb",1
qfrtgzqn,"Keeley Hawes",1
avw5h3j1,"Keiron Cunningham",1
m3xof7ar,"Keisha White",1
4uwz3yfs,"Keith Brown",1
jughowu1,"Keith Hanley",1
a85hf6qe,"Keith Harris",1
kvy2kib1,"Keith Hellawell",1
52euxmnn,"Keith Jensen",1
iocz3cyq,"Keith Murray",1
3nfto0d8,"Keith Potger",1
wcl6ab79,"Keith Semple",1
utlie2c0,"Keith Senior",1
zx3q2pkk,"Keith Wood",1
0gueilr4,"Kele Le Roc",1
z5w6z22m,"Kell Brook",1
9jn7i4wr,"Kelle Bryan",1
boltft0n,"Kelli Young",1
9lp8qxzm,"Kellie Bright",1
6trmmlmh,"Kellie Dickerson",1
421bi7jq,"Kellie Maloney",1
h8jjwurh,"Kellie Maloney",1
gyb3mh5f,"Kelly Adams",1
go8030hl,"Kelly Jones",1
pvvlfh4u,"Kelly Llorenna",1
u6mt4dda,"Kelly Smith",1
h5xi5uw1,"Kelly Vincent",1
s444qg8c,"Kelly Willoughby",1
wmt2sck1,"Kem Cetinay",1
f22v2ypf,"Ken Cameron",1
crotskgy,"Ken Cheng",1
qui6d4rt,"Ken Clarke",1
ikr03m7x,"Ken Gill",1
z4p6lo52,"Ken McAlpine",1
qjk41fq5,"Ken Teo",1
ua5pytcr,"Kenneth Horne",1
poskd7j8,"Kenneth Miller",1
1dgktckv,"Kenneth More",1
qk0k6cz7,"Kenneth Roth",1
4obzn7cz,"Kenny Ireland",1
u6zdy9fn,"Kenny Lynch",1
luxuaapz,"Kenny Miller",1
jf577fqm,"Kenzie Kilpatrick",1
8p936n4s,"Keren Woodward",1
xrgmbla3,"Kerri Simpson",1
opycj45c,"Kerrie Taylor",1
cov7ff9h,"Kerry Stacey",1
h7f684y6,"Kerry-Anne Mendoza",1
g8edllpd,"Kevin Adams",1
dj11bsps,"Kevin Davies Joe Calzaghe",1
uqdlmxaw,"Kevin Flynn",1
sphnjk24,"Kevin Freshwater",1
0196xjns,"Kevin Gallacher",1
0neeua5p,"Kevin Keegan",1
bnu5aht5,"Kevin MacDonald",1
5vm2l0va,"Kevin Magnussen",1
xbbh23t0,"Kevin McCloud",1
emwabo40,"Kevin McKenna",1
dcyxpeeq,"Kevin Nolan",1
90gdc0p6,"Kevin O'Sullivan",1
nu4w7iwj,"Kevin Scott Richardson",1
drt4yk7y,"Kevin Sheedy",1
hqbi2isr,"Kevin Simm",1
5v9eug6z,"Khali Best",1
ohmbu1bg,"Kieran Hayler",1
gozxcyqq,"Kieron Harvey",1
e2um5ewl,"Kieron Pollard",1
d3r7w9kz,"Kika Mirylees",1
slaxyl84,"Kim Collins",1
tnbev9c1,"Kim Graham",1
8v44ffxs,"Kim Marsh",1
wxiig3xf,"Kim Salmon",1
75hkjkwh,"Kim Taylforth",1
t6dtzf8j,"Kim Tiddy",1
xerrytbo,"Kim Williams",1
tr1buwix,"Kimberly Stewart",1
3t71903x,"Kina Avebury",1
08gejk1k,"Kirsten Drysdale",1
fb4texxo,"Kirstene Hair",1
twv6ry93,"Kirstie Blair",1
8zrv66fy,"Kirsty Heslewood",1
y09xiubi,"Kirsty Lang",1
t10mz87g,"Kirsty MacColl",1
sdd0h6mk,"Kirsty McCahon",1
86jivrzr,"Kolo Toure",1
exo4pt60,"Korean Billy",1
uoi2r2ba,"Krishnan Guru Murthy",1
8r6qg0xp,"Krista Cowman",1
7ikpwljh,"Kristen Schall",1
sl6t52ks,"Kristin Davis",1
60vtrwuh,"Kristin Hallenga",1
eykzgter,"Kristina Cook",1
qfwdtb4m,"Kristina Keneally",1
h4xg6y0j,"Krystyna Lennon",1
3vz6n1vy,"Kunal Nayyar",1
svuj69uh,"Kurt Campbell",1
d219c9y0,"Kurt Elling",1
shr0zirj,"Kurt Gidley",1
81pk17su,"Kurt L. Schmoke",1
6iss3ze1,"Kwame Anthony Appiah",1
pzgzm3yp,"Kyle Kinane",1
igvq0tze,"Lally Katz",1
ms7zvjy7,"Laurie Kilmartin",1
iz9z1ysn,"Lawrence Krauss",1
rpo1sa2j,"Ledley King",1
cxlsnsof,"Lee Kernaghan",1
ofcm38v8,"Lenka Kripac",1
4h1cjmd2,"Lesley Knox",1
sjhd3lwt,"Leszek Kolakowski",1
0j98vijs,"Lilia Kopylova",1
8qqq3xwl,"Lisa Kay",1
upqmy5fy,"Lisa Kekaula",1
dhktusas,"Lord Krebs",1
lln80516,"Lydia Khallil",1
7gr9cj24,"Margo Kingston",1
v9jevga7,"Maria Killoran",1
cvvai25d,"Martha Kelner",1
s9dmo61d,"Martha Kelner",1
752nik34,"Martin Ivor Kent",1
4qhurha5,"Martin Keown",1
1v0g1efd,"Martin King",1
fim6clzr,"Mary Kaldor",1
0npv2fmy,"Matt Kirshen",1
j5y6nof9,"Max Keiser",1
6ut9jewi,"Melanie Kerrison",1
ezozarxk,"Melissa Kite",1
wob3ppxy,"Michael Kroger",1
chvc47rs,"Mike Keats",1
gn4snaet,"Mike Kelly",1
52pg2znq,"Mike Kopelman",1
eu92w136,"Molly Kenyon Jones",1
e79obq83,"Naomi Klein",1
l2povm2r,"Nick Keynes",1
x093ameb,"Nick Klomp",1
329xp5uh,"Nikki King",1
u5839u5b,"Patrick Kane",1
8tpdz8ji,"Patrick Kluivert",1
acevzyon,"Paul Kenny",1
sb40t7hi,"Peter Kellner",1
oc9zi3dh,"Peter Kennedy",1
mqfhgmk4,"Peter Kilfoyle",1
hfqealw9,"Professor John Keane",1
1hjmnt1g,"Professor Tom Kirkwood",1
rkb25bqs,"Rachel Kelly",1
60j3z7xx,"Rachel Khoo",1
aewmqc1e,"Rahul Kohli",1
wo7ca3pz,"Rami Khouri",1
ikww314x,"Ramin Karimloo",1
m8u6s6gz,"Rana Kabbani",1
bk4klifb,"Rebecca Kilner",1
7tvr8mla,"Rev Kate Bottley",1
jd2vruko,"Rev Kate Harford",1
xjs9lpw2,"Rob Key",1
vwqk193w,"Robert Kee",1
v6eex6hi,"Robert Kennicutt",1
y9q1nrq0,"Robert Key",1
cwzfb40p,"Robert R. Kiley",1
n86vvtz9,"Rodney Klevan",1
0964ntig,"Ron Knott",1
xzxq97p4,"Rosanna Keefe",1
yas2cltb,"Ruth Kinna",1
1uanaezw,"Ryan Kowarsky",1
z2xkq6ue,"Sajeela Kershi",1
6z4rrkdh,"Sandra Knapp",1
r5gcm31l,"Sara Khan",1
tvgv30qy,"Shahid Khan",1
poi956pn,"Shirlie Kemp",1
q9vk18jk,"Shruti Kapila",1
9fl1e1sp,"Simon Kelley",1
x7xcm8jc,"Simon Khan",1
87fnh860,"Sow Keat Tok",1
c00ld7hh,"Stephen K Amos",1
j4bsqoyv,"Steve Kilbey",1
njn8cxe2,"Susanne Kord",1
thtj4vpu,"Sylvia Kristel",1
3zs1jklc,"Tessa Keswick",1
02fo9ni5,"Tina Knight",1
iut555oz,"Tyson Kennedy",1
ct7m0nlo,"Una Kroll",1
01vs6k9v,"Vincent Kompany",1
uwsedw39,"Vrasidas Karalis",1
edqyg5un,"Wladimir Klitschko",1
bnpbfm4x,"Yasmin Khan",1
6szysreh,"Yuriko Kotani",1
