ef7hwnn2,Robert Robinson,438
c3rbbyxx,Eric Robson,333
wcm4tx1l,Robin Day,297
6ria91hx,Ruth Langsford,233
4tt7tu3p,Richard Ingrams,225
ooro5gcx,Willie Rushton,197
7vx3qihg,Linda Robson,178
yta3thvj,Rory McGrath,158
cgg5lqmj,Jonathan Ross,150
k6egqudh,Jon Richardson,149
h663jn38,Rufus Hound,118
9hgf4amz,Rob Brydon,105
y4h3y6yc,Vic Reeves,101
wtzft1x0,Ross Noble,96
vetnyfo3,Jamie Redknapp,88
k47hcr0j,Robin Ince,87
v6koxi80,Tim Rice,75
2si5a6d3,Rod Liddle,75
w4g8xnp5,Rhod Gilbert,70
l2c41fr1,Rachel Riley,70
hhduglg9,Roy Hattersley,67
tq4rhgl6,Russell Howard,66
9k3xrhyo,Romesh Ranganathan,58
o7fyqsem,Rich Hall,48
c26v5h9k,Katherine Ryan,48
vj7g8edl,Rob Beckett,43
5c44y6fb,Chris Ramsey,42
zoe5sjqv,Rochelle Humes,42
3fezzv8h,Wendy Richard,41
uk8mmmbl,Reginald D. Hunter,40
1rtqz52s,Russell Kane,39
45nd42d5,Roisin Conaty,39
wwg6s0zu,Hugo Rifkind,35
5a6ylpdb,Richard Osman,35
n41jetat,Adam Richard,31
gtrv8kw5,Robin Cook,31
z4b6o3bs,Rebecca Front,30
35eciypt,Richard Herring,28
p7wco37j,John Redwood,26
or8i333m,Russell Davies,24
6b4aofxq,Andrew Rawnsley,23
27y8byz9,Rory Bremner,23
xntrkuvv,Craig Reucassel,22
pjtdx9pa,Malcolm Rifkind,21
yeh4puca,Richard Madeley,21
azo5ywnj,Dan Renton Skinner,20
8ilhlljv,Angela Rippon,19
whm3kdox,Robert Webb,19
33qlznh9,Roy Jenkins,19
ddjel2cn,Sinitta Renet Malone,18
hct2usf8,Claire Richards,18
u2juhzhv,Ricky Tomlinson,17
43na4nn4,Gillian Reynolds,17
xitxfn4s,Craig Revel Horwood,17
puzxobnx,Ronan Keating,16
1m3vw7b3,Lee Ryan,16
s58xt1cz,Robin Bailey,16
6jht67f1,Griff Rhys Jones,15
o30mt4ze,Claire Rayner,15
lyhqj9gj,Russell Brand,15
ejy4jt39,Reverend Richard Coles,15
62oyb7vd,Rebecca Adlington,15
esgkckbg,Roy Marsden,15
ya4m2asf,Rula Lenska,15
f2hrpp6p,Rylan Clark,14
fwsawolj,Richard Ayoade,14
vk4io8y0,Ruth Lea,14
w5219u35,Richard Littlejohn,13
862ggbq2,Richard Hammond,13
7pd88ut6,Rick Wakeman,13
9mgrxekg,Esther Rantzen,13
yecfdq9s,Rachel Agnew,13
8ev7swzj,Graham Richardson,12
k4ljie72,George Robertson,12
btvbu7nd,Tony Robinson,12
t5dwdzuc,Jan Ravens,11
r7l2j29l,Fay Ripley,11
8bo7uc6m,Adam Rozenbachs,11
vc33r4p1,Russell Grant,11
br52jdqx,Ruby Wax,10
t6m377l9,Ruth Jones,10
y24nllul,Angharad Rees,10
7jkmlpjd,Richard Corfield,10
y5doqdxl,Russell Harty,10
0cuwg0qo,Joan Ruddock,10
yg0ozo5l,Fyfe Robertson,10
twwcraft,Richard Bacon,10
zg2r71m5,Miri Rubin,10
3t94ubfv,Nicholas Ridley,10
vqk40o9z,Ryan Sidebottom,10
1q20caz8,Ronni Ancona,10
4usg1v0h,Ricky Hatton,10
12ao3g9k,Ricky Wilson,10
qdpltn2a,Ramon Christian,10
e92t4t3i,Rosie Boycott,10
x7tuqdfb,Angela Rumbold,10
rhnnr6an,Robbie Savage,10
7ad4ld0f,Lisa Rogers,10
t5nxwba2,Richard Gill,9
p8iil473,Robert Powell,9
becwnhsl,Robert Bathurst,9
2pypposq,Russell Watson,9
2brkdss9,Ashley Roberts,9
xea0266m,Professor Sir Martin Rees,9
q7mf6tx4,Robert Kilroy-Silk,9
8j89zj7q,William Rodgers,9
n7b10tzf,Roger Black,9
3s464axt,Richard Murdoch,8
fkiimo67,Nick Ross,8
hpb4mw4z,Heather Ridout,8
fss9tqv7,Rebecca Wheatley,8
y7lyncou,Steve Redgrave,8
g19a8pg2,Ruth Davidson,8
pjuln7n6,Jonathan Rée,8
m3shyx7u,Jake Roche,8
h63widgu,Greg Rutherford,8
pxr8bahz,Debbie Rush,8
tpz5g5lq,William Roache,8
8rxy9l50,Paul Ross,8
6v7z5jog,Andrew Roberts,8
x35tn12w,Rosemary Leach,8
wj8bwvmp,Susanna Reid,8
niu331uj,Richard Briers,8
c9qbmc5j,Cliff Richard,8
u2ywgfmh,Rickie Haywood Williams,8
12j1gi9t,Anne Robinson,8
27z37p3r,Rosemary Ashton,7
n8axw0ez,Ray Quinn,7
s8iaatgc,Nick Revell,7
8iku6khj,Richard Wilson,7
yluwzeu8,Gaby Roslin,7
40v18nlb,Richard Fairbrass,7
sl96n630,Roger Moore,7
2dbqa5ip,Nicola Roxon,7
fhh5cyo4,Colva Roney-Dougal,7
934aie7f,Rolf Harris,7
6gms1z9w,Rhona Cameron,7
9f1wwhyj,Heidi Range,7
achklptj,Justin Ryan,7
9piogj44,Tim Razzall,7
apw4lnya,Raymond Baxter,7
el1fuufx,Greg Rusedski,7
frvtpmkl,Ralf Little,7
7r9mq6up,Rhodes Boyson,7
0bmgbazy,Roger Scruton,7
ke0xnedi,Rick Edwards,7
a67a7uvi,Adam Rutherford,6
8cde90br,Louise Redknapp,6
dbbvuhjs,Gary Rhodes,6
aopqk9fe,Rachael Heyhoe-Flint,6
ts01ueoq,Ross Kemp,6
7tgfhtp7,Richard E. Grant,6
yelpzroq,Sian Reeves,6
xf9hos2c,Roseanna Cunningham,6
w7eajh5g,Rusty Berther,6
y1ondm0z,Robin Ray,6
nfed3hcf,Richard Dawkins,6
p7t9h416,Kevin Rudd,6
k2d5bkru,Richard Wattis,6
s6hnlh9s,Lisa Riley,6
blsmx54u,John Reid,6
w2sqj8lf,Jacob Rees-Mogg,6
ywrjeb1d,Alex Reid,6
agyxq2nj,Richard Fleeshman,6
pu02znql,Richard Stilgoe,6
wype9yfk,Ben Richards,6
sl219g4f,Rosalind Gilmore,6
doo6kl17,Richard Dunwoody,6
nc65879x,Professor Tony Ryan,6
un6vd6ig,Rhodri Morgan,6
y970m4cm,Nick Robinson,6
phy5iotn,Rachel Reeves,6
3k3waqgd,Ed Rothe,5
4ov83rn5,Francis Rossi,5
n1sa4be9,Richard Gameson,5
t16vmi6t,Ruth Wishart,5
yiu0hess,Geoffrey Robertson,5
x5raxm1c,Roy Walker,5
4ailpuj4,Rachel de Thame,5
6meyfm3e,William Rees-Mogg,5
bbnmham6,Tim Rumball,5
o7pakxfl,Robert Winston,5
5ik8u7n1,Eleanor Robson,5
c7er3krv,Ruth Madoc,5
qv4meooo,Rob Delaney,5
ga1j4ngv,Rosemary Shrager,5
jmwkcesb,Paula Radcliffe,5
296nbyew,Juliet Roberts,5
jfdvmco3,Ronnie O'Sullivan,5
3wljojm0,Ricky Whittle,5
nrx55coe,Russell Johnston,5
9vtmj1ku,Rana Mitter,5
xygtzm23,Geoffrey Rippon,5
yccn7czz,Peter Reid,5
fkccgkqt,Mikey Robins,5
dmfbyh8b,Rebecca Ferguson,5
2jlucyk1,Richard Branson,5
hioi413s,John Roskam,5
u14gkpqa,Miranda Richardson,5
yzybar7h,John Regis,5
n9634j6x,Janet Radcliffe Richards,5
vv8h9cri,Rodney Bickerstaffe,5
dhfuhnjf,Ray Alan,4
dulpbun8,Merlyn Rees,4
10pnlj7m,Ross Kelly,4
cdgrd3qc,Richard O'Brien,4
5m1m5251,Robert Burchfield,4
gtv9hetj,Ruth Gregory,4
6r1x0ew6,Charlie Reid,4
bin13j40,Adam Rickitt,4
0w13w4m6,Rowland Rivron,4
rhg0p57u,Robbie Williams,4
ohxfimwp,Rowetta Satchell,4
8uyyhvpe,Rachel Johnson,4
kjopwcx0,Robert Irwin,4
rutejkvo,Holly Ransom,4
0gpp3yhf,Peter Riddell,4
w61idsqb,Raymond Blanc,4
1c053826,Robert Gleave,4
apj9gom4,Brid Rodgers,4
2s4kfzui,Nicola Roberts,4
nf1c6l0r,Rupert Everett,4
1voxipjt,Anneka Rice,4
ujzi3ogp,Roberta Taylor,4
zx3d6m9r,Angus Robertson,4
s5848e8c,Randa Abdel-Fattah,4
jff747q1,Ricky Gervais,4
lle1yabg,Richard Whiteley,4
sa8qe222,Craig Reid,4
jdg9orh4,Tony Russell,4
1d8ggmv7,Robert Kaplan,4
hluhelyv,Valery Rees,4
tscnja31,Paul Robinson,4
kmh6elds,Rosie Barnes,4
couz67q8,Rob Rouse,4
43ciujdg,Robin Corbett,4
h8eha5o5,Bridget Rowe,4
kk054xyr,Shane Richie Jr.,4
9fakf4bi,Michel Roux Jr,4
cwpz71ji,Gordon Ramsay,4
un3lsjd1,Rick Parfitt,4
emyxgzfi,Anton Rodgers,4
4ya0zrup,Denise Robertson,4
uwr6537g,Ron Davies,4
tz9hsonw,Rhys Thomas,4
ov85ov21,Kate Robbins,4
ddsoiz6p,Adil Ray,4
n1y7r6g1,Amber Rudd,4
ywug3zvi,Amanda Redman,4
3763c4l1,André Rieu,4
pxutyu3u,Robert Manne,4
r95788pc,Richard Wiseman,4
bkcxyjk1,Robin Cousins,4
fz3d2kxf,Rebecca Huntley,4
e52cicbt,Raj Persaud,4
z18vio1l,Joan Rivers,4
6re675fm,Rupert Allason,4
aswjw7k1,Jon Ronson,4
irb24wlu,Tom Rosenthal,4
frt8637f,Mark Ramprakash,4
ido83d2n,Jane Reed,4
1ug0vtiw,Ruth Kelly,4
76u8v3dm,Rob Buckman,4
ac30skvr,Matt Richardson,4
c01hea3t,Robert Rinder,4
t0fwith0,Ray Martin,3
mp5ke354,Diana Rigg,3
m0ps6r09,Lesley Riddoch,3
5qvfpdxa,Chakravarthi Ram-Prasad,3
dmoebh5q,Charlotte Roueché,3
der14y04,Rav Wilding,3
aznyqzax,Rory Stewart,3
mgn3ldtd,Robert McCartney,3
s45mumae,Robert Gildea,3
wwuy1r73,Rustie Lee,3
b9vug20a,Rod Stewart,3
89yyavw2,Richard Blackwood,3
56jkg1y1,Ann Robinson,3
o6tbs2bl,Rachel Stevens,3
cn893y5e,Raphael Ibanez,3
1m0y8oem,Laila Rouass,3
fm8ck9tq,Robert Harris,3
l4hsxeao,Ray Parlour,3
mhky6lm4,Robbie Hunter-Paul,3
fjf9fx5b,Rich Fulcher,3
wce7iiix,Ivor Richard,3
mnng4jz8,Roger Helmer,3
4114rxzq,Rosemary Sweet,3
l2eo6mvf,Richard Holme,3
jlnb14v1,Alan Rusbridger,3
37tufajs,Chitra Ramaswamy,3
0hsh6tre,Robert Lindsay,3
r8ngwbkr,Ricky Ross,3
11kv2b4z,Robin Nedwell,3
2vjltejc,Rosie Millard,3
zv0p2zi9,Roy Foster,3
gqy0qzi9,Richard J Evans,3
bfdiac63,Richard Marles,3
ys8ros5z,Rebecca Barnard,3
b1w1ckko,Mark Rhodes,3
9bqrt7h3,Roxanne Pallett,3
7cegm5no,Ian Reddington,3
rvgfqu30,Sheila Reid,3
cgkce9eq,Renee Geyer,3
go6ey7pe,Robbie Keane,3
yseb68jv,Roy Hudd,3
29wz3ayf,Harry Redknapp,3
t0unebod,Rob Iliffe,3
42goq7p1,Fiona Ross,3
q2l8ck4k,Roisin Murphy,3
gju6dbtb,Chris Rea,3
48i72pmx,Mark Ronson,3
cgdb8hzm,Richard Parkinson,3
snd2rscc,Rick Stein,3
7hmwzq56,Randy,3
8o3xysdx,Robert McKenzie,3
d2znymrz,Kelly Rowland,3
tkk2ejmq,Rumer,3
f4yatclo,Ray Michie,3
9whk0ljh,Rita Ora,3
7zm4a62i,Barbara Roche,3
rzed1efw,Rhonda Burchmore,3
okvzuwkk,Reece Shearsmith,3
vh858di3,Steve Richards,3
4uvvnefn,Richard Flanagan,3
2573rx26,Roger Penrose,3
x2bpkr7x,Mike Read,3
6yqzrs6v,Shelley Rudman,3
783fzh36,Reggie Yates,3
47nh0f57,Melinda Tankard Reist,3
ux2juy2k,Neil Robertson,3
w1sniu2n,Peter Reith,3
fphqi7vb,Rita Simons,3
0tq4opui,Roel Sterckx,3
pemxi29l,Robert Llewellyn,3
z7kyp79h,Rhys James,3
q3tmfdcu,Ruthie Henshall,3
q6vud9j8,Rebecca Weisser,3
6anhbdg3,Rowan Dean,3
6gove8tp,Robert Peston,2
vo28bnge,Robert Vaughn,2
evg4emv4,Raghav,2
w5vamb0r,Professor Roger Cashmore,2
2g215la9,Ricky Norwood,2
x0lnzj9q,Jamie Roberts,2
siy3q8sq,Robert Service,2
p76uj58o,Alison Rowlands,2
xyn6y2nv,John-Luke Roberts,2
ffav4grg,Raymond Flood,2
8tao1bsl,Rebecca Spang,2
lw6ffxzi,Willie Rennie,2
z7ptik3l,Anders Reinholdt,2
wnfqd06k,Heather Rabbatts,2
m5jimv6z,David Reed,2
1l7e41ml,Ryan Shelton,2
0pw2j9hh,Joan Regan,2
xtfo48xk,Robin Wilson,2
9fu6jq5f,Richard Park,2
0sszv69k,Richard Hughes,2
99965lay,Debbie Rix,2
ehwk6nhd,Ray Winstone,2
ln4lbzba,Tessa Rajak,2
cftzo6kz,Richard Last,2
z5zo3ems,Richard Alston,2
9seo2pny,Hugh Riminton,2
5ve2jt25,Renee Houston,2
u0p079xe,Sheila Rowan,2
4rp906ox,Karen Radner,2
b73mupll,Rita Hunter,2
xzdwyed9,Sir Rhodes Boyson,2
bo14lfnl,Levi Roots,2
29cjwvo1,Elizabeth Ashman Rowe,2
oaeoo76e,Richard Vernon,2
7yzpnpz7,Richard O'Sullivan,2
0xxhbzdl,Pat Rabbitte,2
8x3tvqgk,Rebecca Romero,2
e3jqjd4d,Richard Whatmore,2
4vqcjcu0,Caroline Reid,2
668ryh8m,Cardew Robinson,2
rjdpi477,Marion Roe,2
a1xljuq1,Robert Maclennan,2
qv4406yo,Rusty Bertha,2
v3zoj6hy,Anna Ryder,2
akvvflvr,Anna Rose,2
6h0s0nbo,Rabbi Lionel Blue,2
rxlxwvhb,John Reed,2
nx61lpi3,Rageh Omaar,2
qvadahv1,Rachel Billington,2
5dv5cxhc,Pat Richards,2
kjrb0dfe,Vilayanur Ramachandran,2
94q1aeyv,Joanna Rowsell,2
jqxq1puc,Joe Root,2
kb275wdd,Robert Hoyland,2
mcokbt8t,Philip Ruddock,2
bmrjth3g,Guy Rundle,2
lgrn3ago,Robson Green,2
3onfipet,Roy Evans,2
sxrmp6x3,Richard Di Natale,2
8vk4dyia,Rob Heyland,2
6nk4lu09,Rosalind Miles,2
qiro2zno,Roger McGough,2
orxft3x8,Jay Rayner,2
18bp3n6n,Steve Rider,2
46m349oi,Richard Lambert,2
wutnufn9,Susan Ryan,2
v1bykclg,Richard Holmes,2
fj2lw2gm,Kristina Rihanoff,2
vc123to3,Ron Goodwin,2
n2qxcvxq,Ray Wilkins,2
fo0fnqn8,Luke Dale Roberts,2
8pfv8e6u,Richard Bowring,2
579rq1jy,Rachel Roberts,2
b29relcj,Richard Gill,2
gujm7gm3,Nik Rabinowitz,2
rwr0nl6e,Jason Roberts,2
hmsywjkp,Ryan Jones,2
koj412xj,Marc Roche,2
ahwsfxfj,Anna Ryder Richardson,2
zxms58ns,Roy Dotrice,2
inmlg0cw,Robert Jobson,2
0d6n112d,Robin Thicke,2
os52dzm1,Rosie Marcel,2
btwebrs5,Russell Tovey,2
tf6zhich,Eddi Reader,2
rrd1l9rs,Martha Reeves,2
sbl4atdu,Frederic Raphael,2
zdbj9gzg,Suzanne Roquette,2
glts2is1,Shaun Ryder,2
itnm05bb,Mark Reckless,2
kxj5nhco,Robin Lustig,2
5fl0398t,Rev Roger Royle,2
p6mc0jtf,Richard Baker,2
r0i9cs5r,Brian Redhead,2
0ti84j7v,Glenys Roberts,2
ykcr09nr,Bridget Rosewell,2
38y62z0p,Thomas J. Redgrave,2
nvq6ltxu,Richard Evans,2
fj421p0s,Richard Vranch,2
iao0ly9w,Ryan Jarman,2
zrzyfcoy,Emily Richard,2
ln71w122,Rosemary Hollis,2
og9fgkly,Penny Roberts,2
6iee8h41,Suzanne Reeve,2
6tuouzi4,Joshua Radin,2
b699bgwj,Daniel Radcliffe,2
4u5dbpur,Helen Ryan,2
07s3vn71,Jancis Robinson,2
c5lrlr3y,Amanda Rishworth,2
ea5n2udc,Ron Atkinson,2
jy005qm0,Raymond Mearns,2
yofsmw4c,Margaret Reynolds,2
wxaburgh,Jacqueline Rose,2
glz3t1hk,Steven Rose,2
wq9r1w9p,Natalie J. Robb,2
9dqy3tjn,Sir Roger Penrose,2
pduohd5a,Russ Abbot,2
ujbbx12u,Tom Robinson,2
g7zxjo10,Vanessa Redgrave,2
apza4ey0,Rove McManus,2
7f2tt2gk,Rita Tushingham,2
82426yab,Rosie Kane,2
elokf2z9,Timothy Raison,2
ut5uu4ks,Dermot Reeve,2
qct94owx,Rob Mills,2
1za3c3oy,Kenneth Robinson,2
ma8zfq8z,Shane Richie,2
g40hapw8,Russell Morris,2
er3ia15e,Rachel Bowlby,2
nfxj0jcp,Elizabeth Rees,2
jh43iung,Richard Dannatt,2
s2m8p4kr,Dizzee Rascal,2
nq2u5p07,Jessica Rudd,2
cqoccx9d,Dominic Raab,2
s0mfbpap,Richard Beckinsale,2
o3hggmas,Rasmus Nagel,2
hn26993v,Anna Richardson,2
hue2p2xb,Robert Daws,2
hd1lpqkk,Richie Wermerling,2
qhmu4l7d,Matthew Rhys,2
qo14zrtg,Jonathan Riley-Smith,2
yyncwjgj,Professor Raymond Tallis,2
gxmhky8a,Ross Edgley,2
m6id19ht,John Robins,2
ul61ufhe,Rob Oakeshott,2
yptqj669,Rob Bonnet,2
vuw7vk4x,Jeff Randall,2
5l6ayeua,Richard Hadfield,2
1hi1g75c,Robin Gibb,2
asxb1wbp,Rupert Davies,2
dt3p2jni,Rhys Darby,2
5b7c7ogu,Robbie Fowler,2
a8u64a4u,Ringo Starr,2
5nnrt4zy,Ruth Badger,2
9075w87a,Phil Redmond,2
si1m5is8,Sir Steve Redgrave,2
o56qp1u1,Richard Gordon,2
5wvsf99y,Roger Freeman,2
6y4ed45r,Ronnie Corbett,2
91ohg2xa,Ray Monk,2
5ef3n80l,Ross Wilson,2
110h6blr,Rosalie Kunoth-Monks,2
o0qvxg7m,Peter Ridsdale,2
e2ii59g0,Rory McIlroy,2
ds1hvtj5,Richard Bradley,2
uadmomxf,Naomi Ryan,2
jdaeptxr,Richard Morton,2
g101rx2y,James Rubin,2
cmsbzf6s,Lionel Richie,2
3jjuv24z,Richard Drayton,2
upqsgwch,William Rushton,2
m2i3655x,T.J. Ramini,2
6qoog4do,Sharon Rooney,2
jgnrblea,Ruslan Kogan,2
miokof3i,Robin Knox-Johnston,2
6zo1d9u8,Rabbi Norman Solomon,1
ikww314x,Ramin Karimloo,1
soxtma20,Idan Raichel,1
xa8c6xy0,Nathan Robertson,1
dijcluuq,Rosie Cavaliero,1
mjc1uc9q,Robert Scott,1
2ezomgpt,Rav Singh,1
1j3nios3,Hanna Rosin,1
k3nbkb6j,Micah Richards,1
scntu0co,Stuart Robert,1
6vsw7i44,Robert Poole,1
151dj4bf,Rob Stewart,1
gie5lvsi,Enn Reitel,1
rxmcyt23,Jamila Rizvi,1
44011mza,Andrew Roachford,1
57vc6kxo,Sian Reese-Williams,1
i16l2wyw,Aden Ridgeway,1
wfnucwm6,Ron Wood,1
4qg83b28,Rachel Fry,1
51bcccl3,Robyn Peterson,1
pz90a4x0,Mia Rodriguez-Salgado,1
5ilgv966,Doug Rao,1
4ntcnvgd,Joan Pau Rubies,1
70iuramg,Rhun ap Iorwerth,1
23joof5u,Jennifer Robinson,1
v7xnf0b2,Rose-Marie,1
4e5j06rw,Roland Rudd,1
s1c56jpd,Robert Mill,1
pppxpxx7,Roy Calne,1
66nobh9c,Ryan Fletcher,1
20s4sj9j,Russell Foster,1
zt8gl480,Robert Beck,1
4tresvfw,Richie Woodhall,1
dhexvde8,Richard Arnold,1
v5bdjaaj,Ricki-Lee Coulter,1
yas2cltb,Ruth Kinna,1
jync31e8,Rose Jackson,1
116km3pr,Dennis Rommedahl,1
619raeth,Alan Ryan,1
a6bwz3b1,Robert Beatty,1
974vuap6,Brian Ritchie,1
8lu7q9xr,Richard Di Natale,1
8m21bq9m,Russell Twisk,1
wec1ciy4,Richard Hadlee,1
md18tdp6,Robert Newman,1
hf2fc757,Martyn Rooney,1
m8u6s6gz,Rana Kabbani,1
yodtdhfm,Robert Tavernor,1
tpwterle,Raoul Heertje,1
nbos88a2,Gillian Relf,1
pzadol33,Rhys Muldoon,1
075huxj8,Richard Perle,1
pi6fm3vk,Ruth Rogers,1
xp4p9ot6,Ron Peno,1
8mleh8fz,Richard Gombrich,1
6n0qhzrs,Richard Shepherd,1
8qt1f4ur,Professor Richard Sennett,1
neshx5sy,Helen Razer,1
6rwljxo8,Rajko Radovic,1
uexnfpl3,Lucy Riall,1
4ekkbuhe,Richard Gottehrer,1
6dnkcz4a,Russell Peters,1
8u24679o,Romeo,1
cnv97sku,Richard Dreyfuss,1
4pua1g9x,Ruth Deech,1
zvio5omc,Robin Ellis,1
4vij666g,Mark Richardson,1
ugewk7dl,Stuart Rose,1
gwwdl5a2,Elizabeth Rowe,1
2cj0lu5j,Richard Rathbone,1
w1x2t4dj,Roy Close,1
qqmx9xd3,Mark Roberts,1
xzxq97p4,Rosanna Keefe,1
dw9thqvm,Richard Fortey,1
bm1r18sv,Kate Ritchie,1
ogqb26bm,Amol Rajan,1
hlx5cmmg,Ryan Richards,1
n86vvtz9,Rodney Klevan,1
hqg8k1xu,Sarah Richardson,1
g23l29fq,Geoff Raby,1
lfhg88hl,Diana Rookledge,1
y5m4eq00,Roger Crowley,1
5sixlqjx,Nicholas Roe,1
javgshpm,Ralph McConaghy,1
3vql8n27,Chris Riley,1
teoi62u9,Robyn Carlsson,1
e4udd651,David Roper,1
xmnbi3sd,Tom Rhodes,1
i5xugr32,Richard Drummie,1
katdayck,Anna Raeburn,1
8ifai3p6,Matt Ridley,1
maqlwkn7,Gregory Radick,1
tiu897t6,Richard McNamara,1
1uanaezw,Ryan Kowarsky,1
sbfb4b84,Richard Davenport-Hines,1
9vbf6vv4,Ray Mears,1
mqcjhpq1,Rachel Wood,1
0u4f55wn,Roy Porter,1
pzeqgjix,Johnny Robinson,1
jl0ncx5l,Robert Buckman,1
jou0k9bm,Roxane Gay,1
do9qi481,Dr Ken Richardson,1
orsfowtg,Robyn Davidson,1
79mw62qc,Cristina Rad,1
0szi06um,Charlotte Ritchie,1
euahasyd,Toby Robins,1
lkfb89vu,Justine Roberts,1
3yder4a2,Bernadette Robinson,1
9yutskew,Rhys Priestland,1
h3o4z2zg,Rushanara Ali,1
gub83am1,Rowan Pelling,1
b7z43cl3,Red Symons,1
ugsoo6nu,Richard Hingley,1
u13f1gb7,Paul Di Resta,1
a6f2ur43,Jolyon Rubinstein,1
sjacvamj,Robyn Clubb,1
j63bqspl,Raihan Ismail,1
vv01q04v,Ruth Tatlow,1
hkyy58wx,Richard Harries,1
0o6160gt,Ray Williamson,1
zy4c72u5,Hazel Rymer,1
cwzfb40p,Robert R. Kiley,1
ntdylz48,Giles Radice,1
x9udd5sj,Janet Ryder,1
dpz2gl1m,Richard Hamblyn,1
f7u4eqs9,Margaret Ritchie,1
vwqk193w,Robert Kee,1
z0nnwawy,Ray Burgess,1
cy7xus8k,Michael Rosen,1
vqmxanmt,Julia Roberts,1
wjo2m7rq,Rebekah Clements,1
6d528qeu,Nick Raynsford,1
zcmqhdv6,Robert Hampson,1
94fepsyi,Rhian Williams,1
k5pzyp50,Rev Andrew Teal,1
gajmvksp,Richard Burns,1
bw52xanh,Ruth Bratt,1
29wllokc,Dr Richard Gameson,1
60s1obv7,Marty Rhone,1
7xlu4me6,Rabia Siddique,1
99kjyeit,Hal Robson-Kanu,1
vjtzm59d,Ray Peacock,1
ny7nlr10,Roy Gibson,1
u8dh7k8o,Ross Garnaut,1
ftjmp2eo,Paul Rodgers,1
izmbkfx5,Lee Rhiannon,1
z890kvb6,Brian Ritchie,1
k8za3tkw,Rio Ferdinand,1
d5k3q8fj,Henry Reynolds,1
1erc5ch6,Sir Ranulph Fiennes,1
hj9qvcfm,Roey Sweet,1
g3toop2m,Rafendi Djamin,1
gvvjddb2,Rihanna,1
gz8xhhpi,Robert Fox,1
y9q1nrq0,Robert Key,1
hgskf57v,Raymond Robertson,1
er76f4lp,Lawrence Rainey,1
u9lrhtxm,Archie Roach,1
knljn29k,Margaret Roadnight,1
via898v2,Professor Colin Richmond,1
unquid1t,Ray Fearon,1
hm9uuy94,Rachel Hunter,1
3hmjqsjz,Nicole Russo,1
tn9u371c,Ron Sexsmith,1
mzx0nb8r,Antoinette Ryan,1
rr16wrv4,Joel Ross,1
1ap6ouo5,Dr Alice Roberts,1
e4ajan48,Richard Ryder,1
ptoghnb8,Richard Clapton,1
3zkns58d,Ruth Harris,1
u6rx25zo,James Rushent,1
23nn837q,The Reverend Dr John Polkinghorne,1
de2dpa0z,The Reverend Graham Ward,1
ydc4imzh,Rosamond McKitterick,1
68letu5e,Elenoa Rokobaro,1
tsn86uoz,Jasmine Rae,1
5vh6kmd4,Mikey Robins,1
hzj3km5d,Elen Rivas,1
g0wfo1co,Ronnie Irani,1
l22sq7av,Sheila Rothwell,1
833twgk2,Russell Profitt,1
uacgh1ry,Bryan Robson,1
ukekprbv,John Ralston Saul,1
xs1o2fa0,Richard Johnson,1
cjm4btdt,Rhodri Lewis,1
v6eex6hi,Robert Kennicutt,1
77hwmqfr,Rick McMurray,1
bnaym2jt,Stuart Ritchie,1
mptg87vn,Nigel Rees,1
gc7ru3ya,Richard Sorabji,1
d8lthlet,Rohan Brooks,1
gkcibch8,Roy Stride,1
9ha2u1e5,Roni Size,1
sphzkf6y,Geoffrey Rush,1
tll8sm0h,John Richardson,1
14l13vw8,Paul Rankin,1
qoq6xcf5,Lyndal Roper,1
gqsfey3j,Rhonda Cornum,1
yz7l49ln,Ronald Hayman,1
dl46nyg6,Shirley Robertson,1
thza4l4e,Adam Richman,1
4nfb02c4,Ebony Rainford-Brent,1
m6m7myha,Colva Roney Dougal,1
rdp3w5am,Rachel Grant,1
zlpytef9,Courtney Rumbold,1
hg5rqxqn,Ohad Rein,1
c1ds3xwj,Rita Donaghy,1
bk4klifb,Rebecca Kilner,1
81qu8pes,John Ratzenberger,1
vfy7ixar,Edward Roberts,1
0gueilr4,Kele Le Roc,1
c2hzjzeh,Stevi Ritchie,1
fqtce7om,Rebecca Huntley,1
2wkyd2eh,Richard Lane,1
x9z9rqx9,Ron Moody,1
jqxqssfh,Jean Rook,1
ebig48ca,Tim Rice-Oxley,1
00slkjz3,Roger Crisp,1
5g6sx3mm,Beryl Reid,1
ce1ocooe,Rory Best,1
4eq3cvso,Suzi Ruffell,1
945ww1ov,Robert Woof,1
ew8aulz2,Jamie Redfern,1
pdjh1knv,Valerie Rumbold,1
jhrye9lp,Rain Pryor,1
8z2j2dbk,Rodney Syme,1
l07jm04a,Ray Buckton,1
bl623gvy,Richard Cross,1
37s31z1m,Robin Page,1
yzilozmg,Professor Richard Dawkins,1
aynlo0rz,Richard Whitehead,1
z48f1c8o,Yvette Roudy,1
5kygc5wq,Richard Hill,1
0oqnaeoj,Jonathan Ree,1
v3i8htii,Stuart Rees,1
9iaum17v,Ian Rush,1
nygdpdxl,Rosalind Thomas,1
zuxgie93,Robbie Grabarz,1
jcqol5kl,Robert Gwilym,1
mpharfr2,Reg Prentice,1
yrhwmqab,Rosalyn Higgins,1
16hq40v7,John Arne Riise,1
2bgk7q6e,Ross Fisher,1
if8w2hoz,Herbert Riley,1
mp6hadd0,Regina Spektor,1
283co3wa,Roger Highfield,1
d8tyzdji,LeAnn Rimes,1
v4838sdf,Ian Rankin,1
vgq61quo,Rob Guest,1
ijw5jm3i,Russel Da,1
mae5v5fc,Daniel Ricciardo,1
xyjx21o0,Ranvir Singh,1
oe6h26vo,Ruth Levitt,1
uy3yifx9,Hilary Rose,1
nu4w7iwj,Kevin Scott Richardson,1
o2qo1ghm,Raef Bjayou,1
bacimqs0,Russell Mael,1
e1omvngs,Robert Pynsent,1
1lwummjt,Roger Taylor,1
915jvcol,Rosario La Spina,1
n96wapdr,Ray Parker Jr.,1
2nl0yc9r,The Rt. Hon. Tub of Lard,1
69r2c1ck,Ray Johnson,1
yhauga6j,Corinna Riva,1
60j3z7xx,Rachel Khoo,1
dfumqcy2,Brian Rix,1
cdh3kpan,Jamie Reynolds,1
bd03sfg6,Amy Robbins,1
kk4wkiss,Roy Lancaster,1
701fi66a,Rachel Leskovac,1
izzemntr,Tana Ramsay,1
r2zx25e4,Robert Charles Bryan,1
ivc0bqrv,Ruth Mackenzie,1
6n05c0pj,Richie Benaud,1
vc1jah0g,Rita Rogers,1
mn0z3xjq,Andy Rourke,1
7bljmphq,Robert Black,1
y8uoz7wu,Lida Rodriguez-Taseff,1
eqknfoq7,Geoffrey Robinson,1
n650xp4h,Albert Reynolds,1
i3f4opxi,Rebecca Hunter,1
dcet63zn,Robert Forster,1
r58ek1sl,Toby Ralph,1
h62t48e8,Rob Schneider,1
yafrf00n,Crissy Rock,1
09fwag8n,Janet Royall,1
f8li4iea,Dr Robert Fraser,1
qrbl6dh4,Chris Rawlinson,1
snadhzdy,Richard Ollard,1
mnurvdqf,Martin Rossiter,1
emb12k97,Professor Russell Stannard,1
5y8oap6h,Richard Luce,1
zwxrm3je,Adam Raphael,1
4o97hane,Nigel Reo-Coker,1
7dg1dc0l,Ravi Bopara,1
0964ntig,Ron Knott,1
2evvmxav,Ian Royce,1
4vjedlgx,Ruth Turner,1
bpygrwzf,Nick Rhodes,1
18em99nw,Michael Rowan-Robinson,1
em96tcrn,Lizzie Roper,1
63j2dmpg,Rosie Batty,1
ixg6p1yz,Robert Morley,1
2qbn2b9i,Richard Rogers,1
90ir87y3,Steve Race,1
qpkscv1j,Graham Robb,1
5ybc5uui,Siobhan Redmond,1
1bjayyjp,Hannah Reilly,1
y2y9gk3p,Ricky Burdett,1
123a9d2j,Salman Rushdie,1
vv44zbwl,Jenny Randerson,1
4rpz0060,Tracy Reed,1
46b8bxva,Richard Wollheim,1
wals2n10,Rob Wainwright,1
cbtfciao,Ronald Dworkin,1
0em3adn7,Ryan Molloy,1
hgf90zhl,Ryan Thomas,1
tj4qarp5,Regenia Gagnier,1
wz6vk8xo,Reginald Anusson,1
sa5pkpss,Dorothy Rowe,1
loky7gr1,R.V. Jones,1
knd259la,Nicholas R. Bailey,1
3q565tqf,Aamer Rahman,1
2lk5qhck,Gene Robinson,1
tsvr25z6,Sheila Roberts,1
rpduj5b7,Neil Ruddock,1
pcvyqol6,Rod Hackney,1
tuvul3ie,Richard Frankland,1
sfjid5w8,Raymond Geuss,1
k772kt1u,Reuben Gosfield,1
5mvyezyy,Roy Shaw,1
cwiwfdvw,Raphael Gualazzi,1
9sofzg08,Nicholas Rodger,1
o6om3j26,Richard Buxton,1
9xqch9w9,Richard McCourt,1
9ps5m40j,Roxanne McKee,1
unbnebqa,Sophia Ragavelas,1
8j9j448d,Mark Richardson,1
us69quvy,Freshta Raper,1
yztm3drm,Michael Russell,1
4pb5x7kd,Rolando Villazón,1
pdpda6nd,James Redmond,1
jmcrp2c1,Gemma Ray,1
uddxpwuq,Robina Courtin,1
7068khlb,Rob Lutton,1
7bqyzsib,Ryan Tedder,1
gb4p2ka6,Rosie Stancer,1
unn9frgc,Alice Roberts,1
a07nu26k,Sarah Rees,1
eiun3a1u,Simon Redfern,1
s317s5ad,Richard Neville,1
ppeo34t2,Simon Rimmer,1
2ozcs2oj,Ronnie Drew,1
ahl6xwyt,Ron Brown,1
sakyvnzx,Jo Richardson,1
vhc3cywr,Louis Rawlings,1
vlyvrthe,Rob Howley,1
re9k3kp7,James Reyne,1
kn3jejt2,Roger Gale,1
df0ersol,Raimond Gaita,1
548t8ii3,Ron Mael,1
s7vptpe0,Robin Campbell,1
s661fzji,Sir Roy Anderson,1
evzq7f1x,Aaron Ramsey,1
p8hw00xw,Andrew Rosindell,1
m26f4kmj,Normie Rowe,1
brkbwc1h,Robert Swan,1
kkl9612b,Roger Daltrey,1
5x1tcvq5,Ralph Ineson,1
rhqvx2gh,Professor Michael Ruse,1
f6mazbx6,Russ T. Rocket,1
3rw73vkh,Romeo Stodart,1
qlgdu0ba,Ritchie Neville,1
ivxyn4s5,Joad Raymond,1
aiksfnh8,Rachel Mairs,1
u2t8zwhx,Matthew Restall,1
jr09b0b6,Robert Maxwell,1
dy8p7sal,Robert Horley,1
ga5beil6,Richard Boston,1
2i9w6vdo,Mike Rapport,1
bd57g4nj,Rosemary Righter,1
mhmqw9bl,Ian Richardson,1
xlvtqb2j,Rich Archer,1
pc242d2n,Ricci Guarnaccio,1
er7fa97x,Rachael Beck,1
1wak0r4f,David Ridgway,1
65zokwcz,Jeremy Reynolds,1
dxt99yq9,Rob Hopkins,1
7cy2rfju,John Rentoul,1
jcvopkkp,Robbie Coltrane,1
oeuual67,Ruth Richardson,1
gwaa17fs,Roy Wood,1
1n3fvfib,Ray Stevenson,1
ojvf7c4r,Bill Rammell,1
rkb25bqs,Rachel Kelly,1
wm3fpljz,Enid Ralphs,1
xjs9lpw2,Rob Key,1
z5oc60oz,Richard Bourke,1
fzhbh86n,Sir Roger Moore,1
u12hcv14,Rob Moore,1
79ha84wq,Robert Foley,1
a3rqajsy,Ralf Dahrendorf,1
gdiwfn7g,Tim Ross,1
kv2i4wku,Richard Hunter,1
piefqrwg,Ritchie Robertson,1
h3twk9z5,Robert Horton,1
6ou9glo8,Hannah May Riley,1
0i6ug3cf,Robert Mellish,1
mjzbrao4,Tony Rice,1
ba8zvn6y,Ray Whitney,1
67a9cxu8,Wyatt Roy,1
g1957tyl,Gabby Roslin,1
znywh04n,Richard Brown,1
cdyb8ytg,Rudolph Walker,1
62sp60v0,Rosamund Bartlett,1
hwo81175,John Ruddy,1
5ihigr28,Roy Barraclough,1
bqlyrnx3,Ray Dorset,1
ct1o7hru,David Rendel,1
0q3jtpyx,Richard Stoneman,1
k9bb66hl,Eric Roberts,1
bcgoqjyx,Andrea Ross,1
kgvxs2mz,Leonard Roberts,1
s0wvu83y,Rosy Edwards,1
dqsejra1,Samantha Robson,1
8b5cmn8w,Ricky Ponting,1
ig8ult4g,Roger Poole,1
u075tp5r,Howard Read,1
3hl5q10v,Alfred Robens,1
wypax4zt,Reg Maxwell,1
8sm933ft,Ruth Goodman,1
goxummfa,Robert Reed,1
26681ll9,Richard Hibbard,1
78gu2p9b,Robert Green,1
5nah17jj,Rob Cook,1
pv3y3zgj,Ratih Hardjono,1
58srw6wt,Ray Meagher,1
agzcxrj5,Ross Davenport,1
obm2btpw,Rachel Botsman,1
qxx5x2d8,Roy Masters,1
c1dte8ig,Richard Gregory,1
hk7k5e49,Robertino,1
92tcq8cf,Debbie Reynolds,1
a24vc80w,Rachel Siewert,1
e0wg3hcc,General Sir Michael Rose,1
1qi0vcee,Richard Ford,1
hu3kvsr5,Rocco Forte,1
4e1exgq9,Marie Rodet,1
zbjvppsv,Jeff Rooker,1
h087uh5o,Reverend Dr Charlotte Methuen,1
xyom8ni4,David Rundle,1
v4pvx9g0,John Rhys-Davies,1
ohqivkjk,Eric Robinson,1
5rv8u7s4,Robert M. Rey,1
ft7jh50w,Geoffery Rush,1
rw971oyl,Rebecca Hardy,1
kjxzt1xc,Ron Merkel,1
pfiw3lg5,Raul Malo,1
jcw0a8nt,Gina Riley,1
vqd5txk6,Richard Stilsoe,1
qk0k6cz7,Kenneth Roth,1
n9uiotoz,Roger Lloyd,1
hn59ezxi,Mike Rudd,1
xeveli31,Richard Needham,1
nbimax55,Richard Peirce,1
wtg20ns0,Ranjana Srivastava,1
is12s4rb,Rachel Anderson,1
fnueuly0,Reece Ritchie,1
g4broc5h,Ruth Padel,1
m93v4qan,Robert Chesshyre,1
22pc7azo,Justin Rose,1
ay5czsii,Roger Taylor,1
kgu9j9ma,Rosemary Cramp,1
r1z9eo0e,Joe Rogan,1
pqklt6tl,Mark Regan,1
tndiglwj,Usher Raymond,1
kre3hz0d,Richard Cairns,1
r0mvh6dc,Gerry Robinson,1
gqfmfzbk,Rob Burrow,1
2e2gkalc,Anna Marie Roos,1
47qkv1kf,Ray Shah,1
gp7xl4qq,Jon Robins,1
hxfhj2pd,Roderick McKay,1
87rei358,Rupert Evans,1
lutxq674,Jaret Reddick,1
pub7yrvy,Dickie Rock,1
nn9k8ba9,Richard E Grant,1
r88t2n7b,Robin Lumley,1
duh9jmh0,Richard Weston,1
5n3yqbus,Rod Eddington,1
l4ci1wwe,Rachel Allen,1
4t1kvcol,Rebekah Higgitt,1
88jr4721,Ron Boswell,1
nk7majy1,Peter Rowsthorn,1
gjz0dmxh,Mickey Rourke,1
n8cjx6z7,Andrew Robb,1
syzi9w93,Rachel Griffiths,1
5gpxb8bp,Emma Rigby,1
plloudjx,Jamie Raven,1
qkfe0j6n,Rob Deering,1
bcm0xyvu,Reg Mombassa,1
tjjkyaev,Ryan Hall,1
sixid2ia,Jane Russell,1
28ji67gk,David Roberts,1
jwlkihpq,Lloyd Ridgeon,1
8tv1a1xm,Sean Rowley,1
qtnsqusn,Reg Presley,1
hbxbkfo5,Robert Tombs,1
oj3k1r1g,Roland Enmarch,1
wo7ca3pz,Rami Khouri,1
jft0j87q,Reece Mastin,1
jwh9gk6t,Roger Lloyd Pack,1
fagpd1rq,Max Reloff,1
h7v20j9h,John Rae,1
7ex5jps4,Burt Reynolds,1
hwzkvfq7,Scott Robinson,1
en04rhwi,Rick Astley,1
at0tjml3,Paul R. Ehrlich,1
3pc6kvrg,Richard Harrington,1
kap34p8r,Rob Green,1
23i43rjl,Rhoda Roberts,1
8269z82m,Roque Santa Cruz,1
ogc06kfm,Dan Robinson,1
3godjwyu,Jane Rutter,1
mse2hck6,Teddy Tahu Rhodes,1
wp4glpuk,Russ Spencer,1
l9u4r4cf,Colin Richmond,
x6otumkp,Richard Sennett,
