kxsisjg1,"Denise Welch",536
y0rs8v1n,"Kenneth Williams",353
ysvv93ea,"Josh Widdicombe",275
4mzpxmmm,"Myf Warhurst",228
vssxz2dy,"Holly Willoughby",221
k0jzn1xr,"Francis Wheen",220
ooro5gcx,"Willie Rushton",198
bm638qfj,"Matthew Wilson",129
djszfogi,"Jack Whitehall",118
rak4tfxx,"Anona Winn",115
eyjfogrf,"Joe Wilkinson",96
l0a9ekbh,"Christine Walkden",95
5dvk7gjz,"Henning Wehn",84
du20ea69,"Seann Walsh",84
hrzutl6b,"Will Buckley",82
xlfikdcz,"Holly Walsh",81
kb3a51qs,"Mark Watson",78
hahgf89a,"Michael White",75
34qt5d7m,"Danielle Ward",56
u45htdbh,"Shirley Williams",56
j0l9nspu,"Will Self",48
rjsxrh2y,"Jim White",46
6993z4xk,"Nina Wadia",46
acajgupg,"Claudia Winkleman",44
3fezzv8h,"Wendy Richard",42
r2evoq9e,"John Wells",40
smu0zzgq,"Tom Watt",36
mhn6jovu,"Bradley Walsh",33
nn71jpyb,"David Walliams",31
bmibqu3h,"Geoffrey Wheeler",28
qa5s3f3t,"Phil Wang",28
2x3005z3,"Frank Woodley",25
zs45y9m6,"Felicity Ward",22
whm3kdox,"Robert Webb",22
jtg3aaiw,"Will Mellor",22
d7z2cxnq,"David Willetts",21
pj3af5yq,"Emma Willis",21
vbj7kc1z,"James Wong",21
ro1kzis6,"Katharine Whitehorn",21
mbn8u12z,"Louis Walsh",21
3pq3saf7,"Victoria Wood",21
rvp7dlu1,"Ann Widdecombe",20
z013vflf,"Cal Wilson",20
knmi89g6,"Gok Wan",20
boien532,"William Hague",20
m39tw6zk,"Ian Wright",18
6x4n0ufh,"Leanne Wood",17
12ao3g9k,"Ricky Wilson",17
fo7zcozd,"Sayeeda Warsi",17
ciotpq86,"Michael Winner",16
77due5ci,"Penny Wong",16
7pd88ut6,"Rick Wakeman",16
1h4t1xrp,"Gregg Wallace",15
i0ufm9pu,"Kimberly Wyatt",14
p8h0unpx,"Tom Wrigglesworth",14
i9i0hwxf,"David Wootton",13
mftecx64,"Kate Williams",13
fne2eqbt,"Kirsty Wark",13
xuggcl7n,"Antony Worrall Thompson",12
qyfh639j,"Jonathan Wilkes",12
nfn9uzed,"June Whitfield",12
qeo0rxo6,"Terry Wogan",12
piwd5vtr,"Will Smith",12
94j2o7qv,"William Franklyn",12
dz55lv5q,"Amy Williams",11
htprs4ot,"Kimberley Walsh",11
qkqaoamt,"Shaun Williamson",11
up7tqzdf,"Timothy West",11
m69zzk6k,"Vanessa White",11
tf7vbgni,"Warwick Davis",11
a8abwre3,"William Waldegrave",11
yyfp44ok,"Dafydd Wigley",10
itdrsp2v,"Frances Wood",10
986i07kd,"Kim Woodburn",10
xqyu11nw,"Mark Wright",10
4h0hgie4,"Nan Winton",10
u2ywgfmh,"Rickie Haywood Williams",10
br52jdqx,"Ruby Wax",10
mrkxmhms,"Toyah Willcox",10
cy2gs1rp,"Clarissa Dickson Wright",9
rq5ss8gb,"Des Wilson",9
i398cril,"Louise Welsh",9
x5raxm1c,"Roy Walker",9
2pypposq,"Russell Watson",9
u85h96gp,"Simon Williams",9
82oe9nsu,"Tom Watt",9
p1qq8rxh,"Wendi Peters",9
8j89zj7q,"William Rodgers",9
lgzji9r8,"Geoffrey Winters",8
5megfa6c,"Juliette Wood",8
fl30no6f,"Laura Whitmore",8
0z7h47ea,"Mark Webber",8
mut2g905,"Oritsé Williams",8
fss9tqv7,"Rebecca Wheatley",8
4iqard9j,"Shayne Ward",8
zg9dn2sd,"Simon Webbe",8
7kgwo8mt,"Tim Wilson",8
o11sbypg,"Tony Wright",8
tpz5g5lq,"William Roache",8
2vjtyc9y,"Arabella Weir",7
q947ultx,"Frank Windsor",7
iuz1dv0k,"Henry Winkler",7
ncip4wjk,"Peter Walker",7
8iku6khj,"Richard Wilson",7
o7pakxfl,"Robert Winston",7
wovvqlko,"Shane Warne",7
augxw0he,"Shane Wright",7
6zrk0iyg,"Warren Mundine",7
01qn8lsd,"Wendy Craig",7
soffkcru,"Will Young",7
qqnafegr,"Alice Workman",6
op2wg6b0,"Dale Winton",6
4jbpxx5c,"Ian 'H' Watkins",6
e1ztvd8a,"Jo Whiley",6
sefiddn6,"Kim Wilde",6
e3e4ofj1,"Kirsty Williams",6
lnjgf4fi,"Larissa Waters",6
rs4jtmvg,"Matt Willis",6
k2d5bkru,"Richard Wattis",6
lle1yabg,"Richard Whiteley",6
r95788pc,"Richard Wiseman",6
0sxhfr8o,"Sammy Winward",6
53lwz1hs,"Simon Ward",6
y8iaroom,"Warren Baker",6
4obspyey,"Wilbur Wilde",6
z2h87oxj,"William Vandyck",6
74uwmtff,"A.N. Wilson",5
9jjkbdee,"Danniella Westbrook",5
1tel35ee,"Danny Wallace",5
7whdrzb0,"Evelyn Welch",5
3c5mn5nt,"Greg Woolf",5
rtsou5p2,"Hilde De Weerdt",5
o1m6i43x,"Jim Wallace",5
15l4ibmf,"Maria Wyke",5
hx0d2hix,"Merryn Somerset Webb",5
h05d7vbw,"Mike Wilmot",5
hn2u988p,"Phil Willis",5
q6vud9j8,"Rebecca Weisser",5
3wljojm0,"Ricky Whittle",5
t16vmi6t,"Ruth Wishart",5
6ncjsv0f,"Shane Williams",5
cju1foz4,"Simon Wolfson",5
oolg34u2,"Waleed Aly",5
6meyfm3e,"William Rees-Mogg",5
us9swk01,"Adam Woodyatt",4
viszykzr,"Alan Watson",4
n00psx4b,"Dan Walker",4
nj6cvso0,"Edward Woodward",4
dtxhdnx9,"George Walden",4
rzzik49k,"Hannah Waterman",4
ce4q7z9x,"Huw Wheldon",4
4qitply7,"Ian Wallace",4
npvlfgkk,"Ian Wrigglesworth",4
qdrejk60,"Ieuan Wyn Jones",4
5lirc9vt,"Joan Walmsley",4
fpob54ax,"Katy Wix",4
53a5fi3o,"Marina Warner",4
ori2k6z5,"Michelle Williams",4
esv1jh7o,"Michelle Wolf",4
ca8s3kcw,"Minette Walters",4
ul0a1tre,"Paul Whitehouse",4
09scnwi1,"Paula Wilcox",4
vvepknc3,"Quentin Willson",4
rhg0p57u,"Robbie Williams",4
izc0x7ix,"Sally Warhaft",4
wkzxfefy,"Samuel Woolf",4
8av2mwg1,"Sarah White",4
15ovqrpa,"Shaun Woodward",4
yscv10ck,"Sir Huw Wheldon",4
q2hbiqhb,"Vin Welch",4
94s31co6,"Wayne Hemingway",4
7erg6hck,"Wayne Sleep",4
02u2qjhq,"Wendy Wason",4
nfitf2x2,"Will Carling",4
bjer6ppj,"Will Greenwood",4
dzoa6avl,"William Whitelaw",4
kmz6478i,"Wretch 32",4
y8d0z6al,"Zoe Williams",4
n99w5ryl,"Ashley Walters",3
n0n1ldfv,"Barbara Windsor",3
g290e2n5,"Brian Wilson",3
6fv3emb5,"Caroline Warman",3
l0ejxafq,"Chris Woakes",3
vg71xt7p,"Christine Wallace",3
v05zgb6x,"Curtis Walker",3
ssvrujqb,"Danny Wilkin",3
w93536uu,"Gwen Watford",3
pj43hnct,"Hilary Wainwright",3
x3bjjl96,"Jaime Winstone",3
en8wx6eu,"Jake Wood",3
25lkup67,"Jeanette Winterson",3
uxr2nbj2,"Jimmy Wales",3
nfobuw32,"Jo Wood",3
16dhq9bo,"Joe Wicks",3
k9m9wolb,"Joe Williams",3
kpaerwog,"John Walters",3
hnxe8iqt,"Jon Wilkin",3
zcw0iv9s,"Jordanne Whiley",3
kn6p18m4,"Lynn Faulds Wood",3
z1isduuo,"Marc Warren",3
bsjnft3j,"Martyn Williams",3
zgap0u93,"Mary Warnock",3
pimrh2v7,"Matthew Wolfenden",3
6rlecg39,"Matthew Wright",3
unq73u37,"Michael Wood",3
der14y04,"Rav Wilding",3
rtjij2or,"Richard Walker",3
s7yq9pmc,"Sarah Wollaston",3
wyctvj08,"Simon Watt",3
x8cwl9ss,"Simon Weston",3
jxclb6xr,"Tim Westwood",3
x7w070j4,"Tony Wilson",3
3xq4j8qj,"Tony Windsor",3
4puuihip,"Walter Hayes",3
o26isgvb,"Warren Mitchell",3
fl8vm4c3,"Wayne Swan",3
ly2ga51s,"Wendy Harmer",3
l35au5vb,"Wendy Machin",3
cnzisfvz,"Will Hutton",3
or56nmta,"Winnie Ewing",3
ev1fkebj,"Alan Watkins",2
iavr1g2m,"Alan Williams",2
enetksrm,"Amy Winehouse",2
galr70j3,"Anneke Wills",2
lxkzqi4p,"Auberon Waugh",2
1izbnl5w,"Barbara Wootton",2
b6xbwcno,"Brian Wolfson",2
6c3bc8jp,"Brian Woolnough",2
v4jgk957,"Bruce Wolpe",2
i7snwquy,"Charlie Whelan",2
xoytl4w3,"Chris Woodhead",2
ey2jkfte,"Clinton Woods",2
1ttcqhkl,"David Wark",2
v336i15e,"David Weir",2
k4bbgy4g,"David Williamson",2
mqa79dfi,"David Womersley",2
q5q1cv4p,"Dee Wells",2
l2h1lx5t,"Dennis Waterman",2
pekpjizq,"Derek Worlock",2
zkfd8cbd,"Dionne Warwick",2
uln4lj82,"Dominic West",2
rvf5audn,"Dominic Wood",2
gkpxp5vj,"Dr Juliette Wood",2
7plz7j80,"Edwin Williamson",2
ulmggo5j,"Ella Whelan",2
7jlyryhs,"Fatima Whitbread",2
ivxxng35,"Fay Weldon",2
yd2npdyx,"Gareth Waugh",2
ttvlpp98,"Gary Wilmot",2
4tapr6wn,"Gemma Whelan",2
2enffw8h,"George Wright",2
l5zf69hi,"Glenn Wool",2
jjkm538z,"Harriet Walter",2
21clhzad,"Hayley Westenra",2
2h3cqiyu,"Ian Walker",2
vwqx0cc0,"Ian Wooldridge",2
ra062pb7,"Irvine Welsh",2
lhyf0e8h,"James Warren",2
qsqhlcs3,"Jason Watkins",2
e10tmjvr,"Jessica Wright",2
cyi2efy2,"Joe Worsley",2
1p3wev6t,"John Worrall",2
2lvkye42,"Junior Witter",2
2skds3t0,"Justin Wark",2
70llqz6c,"Kara Wilson",2
qsmdzufp,"Kathryn Williams",2
gx5ep1ok,"Ken Wyatt",2
y9c7w4se,"Kendra Wilkinson",2
yiqafch8,"Kevin Whately",2
z73l5dvf,"Kevin Woodford",2
75ivhp8b,"Lady Antonia Wardell",2
ttsnwhzs,"Lee Westwood",2
1yljvlno,"Lisa Wilkinson",2
uj23k1td,"Louise Wener",2
71wn2mfk,"Margaret Wertheim",2
9dr5gcn0,"Mark Watson",2
bqtlho0f,"Mark Williams",2
o7ytr7qh,"Mark Woolmer",2
czqmwa8c,"Martha Wainwright",2
un1a6f27,"Martin Wainwright",2
xl8u2zq1,"Meg Wynn Owen",2
0ckjxi9a,"Michael Van Wijk",2
scwzrb3v,"Michael Wilding",2
wzqlxnsw,"Mitch Winehouse",2
4krv344p,"Najeeba Wazefadost",2
opzgpzfh,"Neil Wallis",2
whma9vcq,"Nev Wilshire",2
d490oa05,"Nile Wilson",2
ig1jm66z,"Norman Willis",2
dx6fxv7r,"Oliver Wilson",2
z925fttt,"Paris Wells",2
v9pl1lb8,"Penelope Wilton",2
8xjwk9d5,"Pete Wicks",2
lanbuqwz,"Petronella Wyatt",2
r6tajxsd,"Professor Angus Wilson",2
n2qxcvxq,"Ray Wilkins",2
ehwk6nhd,"Ray Winstone",2
e3jqjd4d,"Richard Whatmore",2
aynlo0rz,"Richard Whitehead",2
hd1lpqkk,"Richie Wermerling",2
xtfo48xk,"Robin Wilson",2
5ef3n80l,"Ross Wilson",2
4d5ayc3b,"Sabrina Washington",2
htbfbxb4,"Samantha Womack",2
yijj2ro6,"Scott Wright",2
9lz8rl8l,"Sid Waddell",2
6zok0w1x,"Sid Weighell",2
mkwo4gek,"Steven Woolfe",2
gntbj2l2,"Susie Wokoma",2
avmw8ykq,"T. C. W. Blanning",2
hn8u5cbj,"Terry Waite",2
2bipv1gh,"Terry Walton",2
3eut6g7r,"Tim Winter",2
vc0uetcr,"Tom Read Wilson",2
mtq7feqj,"Tracy Wilson",2
6nkdlabn,"Wanda Ventham",2
01s14x4z,"Warren Truss",2
q5l0os0j,"Warwick Gould",2
bljwx93x,"Wendy Allnutt",2
1yypc0jv,"Wendy Harmer",2
wogt24wk,"Wes Carr",2
t1t1cfz7,"Wilfrid Hyde-White",2
722t30lp,"Will Glasgow",2
hy9o12ak,"Will Sharman",2
4cfc5b4g,"William Davis",2
c2kto6n1,"William McInnes",2
a1l03jv5,"William Mervyn",2
upqsgwch,"William Rushton",2
14p79u1m,"William Shatner",2
qe054rnl,"William Shawcross",2
2yl99lka,"William Tarmey",2
rfmcotk5,"William Wallace",2
lw6ffxzi,"Willie Rennie",2
o5vfztre,"Willie Walsh",2
e2zx55at,"Wyn Knowles",2
9n8cdqfe,"Zena Walker",2
0gv8dh3a,"Adrian Woolfson",1
k7ct02dm,"Ailey Wands Worster",1
57ttffdj,"Alan Walters",1
uhch6jj1,"Alastair Wright",1
egxkau2o,"Alex Walkinshaw",1
egnxx1yc,"Alexandra Walsham",1
8bz6rsjk,"Ali Williams",1
5e5q7eiw,"Alison Wolf",1
qs99p3yg,"Alissa Wilkinson",1
uas7kyhb,"Allan Wells",1
304e2mvc,"Amandah Wilkinson",1
nqu3em1a,"Andrew Wheatcroft",1
frekqccc,"Andrew Whyment",1
fopvsgit,"Andrew Wilkie",1
lr38miqk,"Andy Williams",1
2l8b22w7,"Ann Winterton",1
uh45f5uq,"Anna Watkins",1
rfu9e7j8,"Anna White",1
p9cmbix9,"Anna Wing",1
9kws80vx,"Anne Wright",1
b9uvpg9b,"Anthony Warlow",1
8lj0pu0y,"Arnold Weinstock",1
l905e92g,"Arthur Williams",1
18qerva7,"Bart Willoughby",1
nt2obfc4,"Ben Wallace",1
4var9eo6,"Bernard Weatherill",1
co4cb5j2,"Bernard Williams",1
incucxse,"Beverly Walker",1
70g8ojpg,"Billie Whitelaw",1
apooluxy,"Blair Worden",1
qo3vdp5r,"Bonnie Wright",1
vwadux41,"Bradley Wiggins",1
lm5i872z,"Bret Walker",1
rbqmgbzl,"Brett Weymark",1
p4vmmryu,"Bronagh Waugh",1
8y5w9zg9,"Bruce Woodley",1
7jh9ym1d,"Carol Wright",1
ex8qjhr9,"Caroline Wyatt",1
m96ux2id,"Caspar Weinberger",1
loyvlqq7,"Charles Waterstreet",1
jxtr13b3,"Charley Webb",1
w5vkwvtk,"Charlie Walduck",1
bjacycnx,"Charlie Wolf",1
8pd2rnai,"Charlotte Williams",1
2nsaho07,"Chester Williams",1
i3pmuit9,"Chloe Westley",1
evjwbxnj,"Chloe-Jasmine Winchello",1
epwwz88d,"Chris Waddle",1
6qwg1g0r,"Chris Walker-Hebborn",1
2gyp87lt,"Chris Williamson",1
qvkfwvva,"Chris Willmore",1
e75wwrt5,"Chris Wood",1
r2hddcto,"Christie Whelan",1
zv0mth3g,"Christine Webber",1
z1q7o0j0,"Christine Wong",1
lbx1npnf,"Cornel West",1
poq9yvaw,"Crispin Wright",1
qiivoefd,"Daniel Whiston",1
k7z73d8i,"Daniel Wild",1
yns6ycoy,"Dave Williams",1
dml45q66,"David Waddington",1
eq5njgq3,"David Walker",1
tfukbyy8,"David Walton",1
r7ji9z72,"David Wells",1
bg0bltoo,"David Wickenden",1
hh1vjp5f,"David Wilkinson",1
72wv491l,"David Williams",1
h4cbzcky,"Dean Windass",1
8z1qkpn0,"Deborah Watling",1
z0tqo5sy,"Dermot Whelan",1
7pb67e1t,"Diana Warwick",1
01jc8a76,"Dickson Wright",1
9e25b0j5,"Don Watson",1
qmfdb6pe,"Donald Winch",1
ncywqnq5,"Dr Caroline West",1
wb71rexx,"Dr Clive Webb",1
wglj1rg9,"Dr Evelyn Welch",1
7r1j4ar8,"Dr Gabrielle Walker",1
enx3m0ep,"Dr Nancy Wood",1
gpxf3n0j,"Duncan Weir",1
llfwwm6h,"Eleanor Weston",1
7i6cohfc,"Elisabeth Welch",1
uenyindy,"Emily Winterburn",1
nxcu1kyk,"Emma Wiggs",1
1fcpa1zb,"Erin Watson-Lynn",1
jk10nlts,"Faye White",1
rk7wf9fr,"Fiona Watson",1
8j146gvn,"Fiona Wood",1
8qwoywd4,"Florence Welch",1
cxcvmwr6,"Frank Warren",1
1ycv4yak,"Gary Webster",1
7i5jc3pf,"Gavin Webster",1
5e0zqat9,"Gavin Wood",1
0nquveyc,"Gay-Yee Westerhoff",1
z8swa2vo,"Geoff Whiting",1
yiew1uti,"George Watts",1
9p9lq6kq,"George Wendt",1
featr3s9,"Giles Watling",1
inuxyadu,"Glen Wool",1
ccaprvbn,"Glenn Wheatley",1
ua5n1ovv,"Gordon Wilson",1
6tpu3jy2,"Grace Woodroofe",1
vppxs074,"Graham Walton",1
ysxx4du1,"Greg Whitby",1
34om9i4e,"Greg Woolfis",1
rrl73991,"Hank Williamson",1
ckjebcww,"Hannah Weller",1
s9sntubt,"Heather Watson",1
dzupm2m9,"Helen Whately",1
fybo6yr8,"Hilary Williams",1
hgsc9tjx,"Hywel Williams",1
n4x7d5ps,"Ian Wei",1
5na2cb69,"Ian Woosnam",1
sklzi5sz,"Imam Nur Warsame",1
my3pdic8,"Innes Willox",1
nh72bpr7,"Irene Ward",1
24fb4r7p,"Irving Wallach",1
vfu0fldc,"JJ Whitehead",1
sr086vv9,"Jack Wilshere",1
cby2ltq0,"Jacki Weaver",1
dc781hpg,"Jacki Weaver",1
jd6grvys,"Jah Wobble",1
1sn7pg07,"James Walvin",1
1fz3aecq,"James Ward",1
fx3p28l5,"James Whale",1
rvavx1i1,"James Winfield",1
mwv5fgm9,"James Woodford",1
glicavb6,"Jamie Windust",1
c0nzjju1,"Jane Walmsley",1
yhwoxfjr,"Jane Whetnall",1
zxv2tdia,"Jane Wright",1
t3213579,"Janet Walton",1
mvofprc2,"Jason John Whitehead",1
gmmkjas5,"Jason Weaver",1
xd3ptg1i,"Jason Williamson",1
pegcgf19,"Jason Wilson",1
p21tcu9e,"Jay Watson",1
1am1d6xi,"Jean Moorcroft Wilson",1
qim8d8ex,"Jeannette Walls",1
84ldqm7c,"Jennie Walton",1
lhoilloa,"Jennifer Wallace",1
3l09zfv8,"Jenny Willott",1
4y7ik39a,"Jeremy Wright",1
aygi5ofh,"Jessie Wallace",1
gxkm2v3w,"Jim Wallace",1
q275lvzc,"Jodie Williams",1
3rcx04eh,"Joe Walsh",1
0096ss7a,"Joe Washbourn",1
2rf4bl96,"John Wakeham",1
v8xpndsw,"John Watts",1
pusy92hu,"John Whaite",1
en85a4i4,"John Whittingdale",1
bbes8zfr,"John Williamson",1
ihn3iyot,"John Wood",1
dxu4hyjp,"Jonathan Wrather",1
u5u1ctcy,"Jonathon Welch",1
dqmqphnn,"Jonny Woo",1
2h5jykis,"Julian Lloyd Webber",1
ptuhuoia,"Julie White",1
pakkrc3f,"Juliet Wills",1
0o41ju51,"Justin Wolfers",1
zm2rh7y0,"Kallum Watkins",1
l9emoq97,"Karen Woods",1
fanjkf9k,"Kate Walsh",1
m3xof7ar,"Keisha White",1
zx3q2pkk,"Keith Wood",1
s444qg8c,"Kelly Willoughby",1
8p936n4s,"Keren Woodward",1
xerrytbo,"Kim Williams",1
3dlk0sg8,"Laura White",1
npoqlsmf,"Lea Walker",1
kxgii7wn,"Lee Warburton",1
l335c50l,"Leslie Welch",1
25fr2bkp,"Linda Woodhead",1
56jbql62,"Lindsay Wagner",1
k2ux7rsi,"Louise Wilkinson",1
bjff54rf,"Lucy Wooding",1
vcbe9y89,"Lyn Faulds Wood",1
sk19moz7,"Maisie Williams",1
u31w1vr6,"Marco Pierre White",1
8l7eoi6k,"Marcus Walsh",1
axm3u0jg,"Marcus Westbury",1
5lqqvbeq,"Margaret Wingfield",1
z5yyq1i7,"Mari Wilson",1
o65z9vgn,"Marilyn Wann",1
gzyfblrg,"Marina Wallace",1
2j6hm1m6,"Mark Wahlberg",1
a1jxclpy,"Mark Warnock",1
bktzmkd5,"Mark Watson",1
1d92qiv3,"Mark Waugh",1
jb7qzvpy,"Mark Williams",1
tk2fhkbu,"Mark Wood",1
fisjz42g,"Martin White",1
bdt8atna,"Martyn Ware",1
8yugvz77,"Mary Whitehouse",1
5eylhqkq,"Mary Wilson",1
7ghvd159,"Matt Winning",1
iy3vdvg3,"Matthew Wright",1
swyov7js,"Megan Washington",1
wscz4jrg,"Merrick Watts",1
z25jaxqf,"Micha Wertheim",1
rv9unpm7,"Michael Ware",1
m0pukia0,"Michael Whitehall",1
sgiblvaz,"Michael Winslow",1
k93pf0ei,"Mike Walker",1
hxu262av,"Mike Wozniak",1
oupllerd,"Military Wives Choir",1
pz7yw5zw,"Molly Weir",1
puytu5jm,"Moray West",1
9uw4d5ri,"Murray Walker",1
o5ff42wz,"Natalie Wheen",1
s4ybcsuf,"Neil Warnock",1
hld165h0,"Nicholas Winterton",1
jrzm6jqn,"Nicola Wheeler",1
hxme2ggx,"Nicola Wilkin",1
e9r36rja,"Nikki Williams",1
cf2kw4sp,"Noah Wyle",1
s2akbu2n,"Nonny Williams",1
g6y7sae9,"Norman Wisdom",1
clhkr952,"Olivia Wayne",1
eguadz58,"Olivia Williams",1
s4gtetvc,"Oprah Winfrey",1
cx7qt719,"Pamela Williams",1
4oz5400z,"Patrick Wall",1
pkabc7n1,"Patrick Wolf",1
2ae0ahd2,"Paul Watson",1
y5isfufq,"Paul Wellens",1
6s7pj2mp,"Peregrine Worsthorne",1
13w4pm98,"Pete Waterman",1
l8omigih,"Pete Wishart",1
i5gftte0,"Peter Watson",1
tbkd5h8b,"Peter Whish-Wilson",1
5pc2ccn0,"Peter Whittle",1
mig4lu28,"Peter Wilson",1
3pdf5z8b,"Peter Wiseman",1
ohw01oak,"Phil Williams",1
smyg2pn7,"Phil Williams",1
y95841yc,"Phil Woolas",1
eatgzwbm,"Philip Welch",1
49c13nor,"Phillipa Whitford",1
f52cx74x,"Prof Heinz Wolff",1
0ezkw679,"Professor Alan Walker",1
wwhxg4af,"Professor Alan Winfield",1
eli5fyxe,"Professor Heinz Wolff",1
9j6f5xl9,"Professor Martin Ward",1
cm79fgw4,"Pär Wiksten",1
yizvicfp,"Pål Waaktaar",1
mqcjhpq1,"Rachel Wood",1
ba8zvn6y,"Ray Whitney",1
0o6160gt,"Ray Williamson",1
14858nis,"Rev. Prof. Ian Waters",1
94fepsyi,"Rhian Williams",1
7odfo1tm,"Rhys Webb",1
zm6wp7xu,"Rhys Williams",1
duh9jmh0,"Richard Weston",1
46b8bxva,"Richard Wollheim",1
4tresvfw,"Richie Woodhall",1
wals2n10,"Rob Wainwright",1
945ww1ov,"Robert Woof",1
wfnucwm6,"Ron Wood",1
gwaa17fs,"Roy Wood",1
zo3jwlbl,"Ruairi Woods",1
cdyb8ytg,"Rudolph Walker",1
r8r1io41,"Sam Whimster",1
v63z8mw7,"Sammy Wilson",1
vo89wc88,"Sara Winterburn",1
3fycwqsp,"Sarah Whatmore",1
4pv37bja,"Sarah Wilson",1
x593txjj,"Sean Wilson",1
fgg9jyjs,"Simon Winchester",1
7iaa6kk6,"Simon Woodroffe",1
5pyfxztf,"Sonia Walker",1
7kyxpuha,"Sophie Willan",1
ye1eb7iq,"Stephanie Waring",1
82tzfxaw,"Stephen Woolley",1
9i33eqkk,"Steve Weltman",1
28h0wyt1,"Steve Wright",1
1qopao7m,"Steven Waddington",1
atnah0bn,"Stuart Widdall",1
4wvn2w9v,"Sue Walton",1
lteszirp,"Suki Webster",1
q0kohs6h,"Susan Walker",1
mdwb8qke,"Tal Wilkenfeld",1
uw0k6iu8,"Tara June Winch",1
rlugmajd,"Ted Wragg",1
1u0pfi5k,"Terri Walker",1
de2dpa0z,"The Reverend Graham Ward",1
l1ekg6id,"Tim Waterstone",1
0zima9xo,"Tim Whitmarsh",1
lol7nodp,"Tim Wilson",1
24sohru3,"Tim Witherspoon",1
oooqjkr5,"Toby Walsh",1
5cwqr5uo,"Toby Williams",1
6vukakyh,"Tom Watson",1
y5aeont9,"Tom Watson",1
khjjcknn,"Tony Warren",1
0lr60j5h,"Tony Way",1
1162r44u,"Tony Wiltshire",1
fqdclvhg,"Tracey Wilkinson",1
tzaqzx5z,"Trinny Woodall",1
ckqycg8u,"Trish Worth",1
zf9lyfug,"Valerie Wise",1
7dmyci5h,"Vin Weber",1
pludhw0l,"Virginia Wade",1
let99bnp,"Vogue Williams",1
kqheu9wl,"W. Daniel Wilson",1
yj52v5og,"Wagner Carrilho",1
9uuyxm7f,"Waheed Alli",1
qpaeqrau,"Waleed Aly",1
571a0kgb,"Wally De Backer",1
sazv9adb,"Walter Goldsmith",1
it2xowwk,"Walter Shapiro",1
pz8eh3it,"Walter Smith",1
3fxeexwu,"Wanya Morris",1
3bimiie7,"Warren Clarke",1
va1mcpm9,"Wayne Bridge",1
unmxy7ok,"Wayne Schwass",1
871pvlx9,"Weird Al Yankovic",1
i5mt0fbm,"Wendy Alexander",1
1x0nt3c4,"Wendy Flavell",1
5hl0t1z5,"Wendy Hall",1
9nscoxoy,"Wendy Hogg",1
fj1cpur6,"Wendy Mantle",1
m9441a2w,"Wendy O'Carroll",1
v58xn1j8,"Wendy Stapleton",1
rm2jc5mg,"Wendy Watson",1
jrkagb95,"Wendy Williams",1
v5oljhlf,"Wes Borg",1
r39dhoaz,"Wes Butters",1
26c8wump,"Wesam Charkawi",1
ticxwu5s,"Wesley Aird",1
ybd2a0xy,"Wesley Enoch",1
6i2le3e9,"Whoopi Goldberg",1
9y512t18,"Wil Johnson",1
89hka92n,"Wiley",1
jzci58no,"Wilfried Zaha",1
um9lr93i,"Will Best",1
q50lbc4f,"Will Ferrell",1
vlipekf9,"Will Gompertz",1
wqgv40e3,"Will Pickvance",1
gpr4uuge,"William Ashworth",1
77jpkvp1,"William Ayliffe",1
adb978bu,"William Barton",1
4uf1kfby,"William Dalrymple",1
xhpzllxt,"William Deedes",1
30hm9gcf,"William Flynn",1
k18rf0b6,"William Gibson",1
0ulgp5fz,"William McCarthy",1
9296eef4,"William Morris",1
gikdclbj,"William Sharman",1
3my8sd5q,"Willie Daly",1
ndrcrqws,"Wilma Ewart",1
myq3shhh,"Wilma Smith",1
cn2y5r7o,"Winston Churchill",1
c9shf9oh,"Winston McCall",1
ogx4p1mj,"Wojciech Szczęsny",1
w5r20dib,"Wolfgang Weinberger",1
jh9l77f9,"Woodrow Wyatt",1
67a9cxu8,"Wyatt Roy",1
aj5pywbq,"Yenny Wahid",1
myevrefu,"Zita West",1
