2krdo89a,"Alan Coren",1174
1uesdshd,"Carol McGiffin",1174
pz8jx4u9,"Coleen Nolan",906
dzs8dz72,"Clement Freud",576
t4r1ivmw,"Barry Cryer",472
tiewbgqw,"Jimmy Carr",347
qsu7x0im,"Colin Murray",294
6vpb1owi,"Carol Vorderman",238
wimq9t8v,"Patrick Campbell",172
1vem5ucx,"Fearne Cotton",151
a54csc0l,"Chris Beardshaw",148
nlbhhrhx,"Susan Calman",128
zid1la51,"James Corden",97
l0a9ekbh,"Christine Walkden",95
y9qap6t1,"Chris Addison",84
i4apt8jq,"Clive Anderson",84
l18oibi4,"Julian Critchley",83
ry40inln,"Christian O'Connell",81
fcarckng,"Brian Cox",80
2a1h4fcb,"Julian Clary",79
1dbx2ase,"Henry Cooper",78
85eqhjy7,"Claire Sweeney",73
8zqe3f8c,"Charles Kennedy",71
x5unmeqr,"Victoria Coren Mitchell",69
m2czff56,"Kenneth Clarke",55
ezydy7r2,"Cliff Morgan",55
hf0tqhpm,"John Cushnie",49
yo0hg9al,"Des Clarke",49
zqqyqu60,"Colin Murphy",47
45nd42d5,"Roisin Conaty",46
6pkvvx8p,"Menzies Campbell",45
5c44y6fb,"Chris Ramsey",45
ea7kakgp,"Alun Cochrane",41
palb9fi1,"Clare Short",39
acajgupg,"Claudia Winkleman",37
krr31jnw,"Margaret Cabourn-Smith",36
8kk9kqxv,"Christopher Biggins",34
uqomb8vb,"Jeremy Clarkson",34
gc44eurf,"Alan Carr",34
hsz62vhh,"Edwina Currie",33
gtrv8kw5,"Robin Cook",31
ftygtbr1,"Chris Stark",28
vvpc2276,"Sara Cox",28
sas88cch,"Clare Balding",28
2vmtxo13,"Chris Neill",27
xxli55x1,"Charles Collingwood",27
5eveb8p1,"Jo Caulfield",26
46tk56ec,"Vince Cable",25
n7p4e03w,"Clive James",25
cqw75uie,"Caroline Flint",24
7drw86rm,"Christopher Pyne",23
sh8lw0ta,"Caroline Lucas",22
xntrkuvv,"Craig Reucassel",22
92eoqkw9,"Martin Clunes",21
varfhn88,"Melanie Chisholm",21
o1jxxatw,"Beverley Callard",20
px3ej8zq,"Nick Clarke",20
pceu1zm1,"Chas Licciardello",20
hn8eeq8z,"Sue Cook",19
j2gj2jl1,"Carrie Quinlan",19
dj4ku6q6,"Carole Malone",18
xitxfn4s,"Craig Revel Horwood",18
rpplxf6m,"Bridget Christie",18
hct2usf8,"Claire Richards",18
27edtclr,"Pattie Coldwell",18
a7y0buzm,"Charlie Brooker",18
ptmo2wjv,"Cilla Black",18
z013vflf,"Cal Wilson",18
nshmb3ef,"Chris Bryant",18
ltb2104r,"Denise Coffey",18
o5kgrcnc,"Charles Falconer",17
vdg296jw,"Shami Chakrabarti",17
me1djtrk,"Colin Lane",17
cq0uf34g,"Carol Binstead",17
4atmbscb,"Clare Francis",17
bc3u96ne,"Michelle Collins",16
vs8m7zgl,"Christian Jessen",16
4vvk3v0o,"Brian Conley",16
tomcntjn,"Charmian Innes",16
kaj2gy4b,"Jon Culshaw",16
1bnfl8xm,"Chris Huhne",16
zbofsysq,"Yvette Cooper",15
u6b6mny5,"Antony Costa",15
7rrh7nvw,"Caroline Flack",15
ejy4jt39,"Reverend Richard Coles",15
f2hrpp6p,"Rylan Clark",15
o30mt4ze,"Claire Rayner",15
v2a2jsfv,"Cristina Odone",15
8qz1vknb,"Chuka Umunna",14
afnocqlh,"Gemma Collins",14
o21pq7he,"Peter Cook",14
dphk7nej,"James Cracknell",14
xmszql4z,"Joan Collins",14
pali8hyz,"Bernard Cribbins",13
v4raukm8,"Christian Malcolm",13
ek3u515p,"Carolin Crawford",13
7ilh9zz1,"Chris Patten",13
n8fubkkv,"Christine Bleakley",13
gnqbhiev,"Caroline Spelman",13
pyed9i0p,"Natalie Cassidy",12
z4aqphno,"Cecil Parkinson",12
bkbqocds,"Chris Bowen",12
gbbv5736,"Craig Emerson",12
fm9dgl7j,"Paul Cartledge",12
t7bkfh8z,"Alastair Campbell",12
qba5q8df,"Charles Moore",12
ehqn0y1o,"Chris Kamara",12
pa0kyuf5,"Charles Clarke",11
v56md8i1,"Chris Moyles",11
l8s75b1v,"Justin Champion",11
kxte4twg,"Dominic Cork",11
ay8fjft4,"Hal Cruttenden",11
ntzzv6st,"Colin Jackson",11
eylau49t,"Charlie Higson",11
pv69o25n,"Christine Milne",10
mh8m9s62,"Camilla Long",10
me6p7gpv,"Christopher Cazenove",10
oz0e3e2v,"Jack Cunningham",10
n0c0toa2,"Steve Cram",10
bjtysmgw,"Chris Grayling",10
cdbltlaj,"Tulisa Contostavlos",10
0zaqyptm,"Christine Hamilton",10
hq88jn9g,"John Cleese",10
7jkmlpjd,"Richard Corfield",10
4cc6b8iq,"Caroline Barker",10
31ikidd9,"Andrew Castle",10
pdn2ma3e,"Lynda Chalker",10
po65735q,"Claire King",10
kckp8dnh,"Darren Campbell",10
qdpltn2a,"Ramon Christian",10
l0qpesbk,"Pam St. Clement",9
8kymic4q,"Professor Frank Close",9
f2wyxkd0,"Antony Cotton",9
e5c6jia3,"Joe Calzaghe",9
6gms1z9w,"Rhona Cameron",9
tdz6e7jn,"Cyril Smith",9
lg3rn3qw,"Carl Donnelly",9
y3wcwk7v,"Jackie Clune",9
cy2gs1rp,"Clarissa Dickson Wright",9
gcq6fbss,"David Croft",9
hn97z1cv,"Christopher Timothy",9
4rm30csy,"Nathan Caton",9
otmm27t8,"Sir Chris Hoy",9
q1vghuhp,"Matthew Crosby",9
morrcnrv,"Cliff Michelmore",8
u0lmwty1,"Alan Cumming",8
3preqmj5,"Nick Clegg",8
or1mwpoj,"Clare Grogan",8
hzzj4mg4,"Jackie Collins",8
chiv2p5v,"Clive Palmer",8
c9qbmc5j,"Cliff Richard",8
ewm3lv1m,"Chris Packham",8
uheui8dr,"Fanny Cradock",8
s70f0ys8,"Charlie Hardwick",8
ytemhh8o,"Chris Smith",8
dlznxlfb,"John Challis",8
1nmsyt5k,"Catharine Edwards",8
hx78468i,"Caroline Quentin",8
i6hyr6mk,"Brendan Cole",8
qrw222ma,"Alan Clark",8
gaohfg7y,"Cerys Matthews",7
ipo3g9g1,"Tim Collins",7
epyfp1hn,"John Carey",7
yel9kb2j,"Pat Cash",7
rtmeig4x,"Charlie Brooks",7
iqk1jtj2,"John Craven",7
gwdygag5,"Tom Conti",7
nudw0vz1,"Gemma Craven",7
lx3qk601,"Sarah Cawood",7
uye1bfdt,"Barbara Castle",7
umhd322y,"Edward du Cann",7
vrj3xmm8,"Cheryl Fergison",7
isltu0lf,"Colin McAllister",7
ez4jpezy,"Chris Langham",7
ziw0i6iu,"Ann Clwyd",7
u58h18yd,"Paul Chowdhry",7
rm3ejy7r,"Charlotte Crosby",7
pgr1jqw5,"Chris Tarrant",7
k1zdzzda,"Scott Capurro",7
01qn8lsd,"Wendy Craig",7
8kuu6hzh,"Charlotte Church",7
e4m0zvx3,"Carol Thatcher",7
5qafkezh,"Cariad Lloyd",7
h7img673,"Alex Carlile",7
fhh5cyo4,"Colva Roney-Dougal",7
8a36366i,"Matt Cardle",6
q9sdfxup,"Maureen Cleave",6
rfi72w6w,"Catherine Tate",6
16spponm,"Mike Catt",6
4f8xvx3x,"Serafina Cuomo",6
rvyg998l,"Clarke Carlisle",6
roi75cp2,"Pauline Collins",6
g5vdpbw6,"Craig Gazey",6
e538i8o1,"Stella Creasy",6
bwy7fntv,"Connie Fisher",6
x59zfuf0,"Jarred Christmas",6
r7nxabxv,"Tim Clark",6
7ymhxgjk,"Curtis Stigers",6
flhcb6y6,"Bob Carr",6
0ebid0n7,"Chico Slimani",6
5631brmu,"Carole Baxter",6
98c7u0ig,"Cornelius Lysaght",6
26sqvuc5,"Celia Pacquola",6
vczplkr5,"Cyd Hayman",6
u8ht0tm2,"Amy Childs",6
guox5kxg,"Todd Carty",6
ylmzzglr,"Eva Cox",6
52rpd95n,"Chris Serle",6
k0oyaq2d,"Christine Ohuruogu",6
h101z71i,"Chris Barrie",6
ednrsyr1,"Cheryl Baker",6
b42bx2y8,"Cheryl Gillan",6
b6qa9ttg,"Murray Cook",6
xf9hos2c,"Roseanna Cunningham",6
ztx5tmwq,"Linda Colley",6
nzak8xkk,"Gideon Coe",6
ji26ql57,"Damian Callinan",5
37tufajs,"Chitra Ramaswamy",5
n3a4nhoi,"Catherine King",5
dky10w46,"Kevin Campbell",5
6u2qjhij,"Chris Bisson",5
uugvdtpi,"Bob Crow",5
1kg0klm6,"Carl Fogarty",5
b0g1lzgv,"Chandrika Kaul",5
9dlag9e6,"Nicki Chapman",5
0fwybv40,"Hannah Cockroft",5
6glium8v,"Michael Craig",5
wel8tcw8,"Judith Chalmers",5
6ucv6gnj,"Chris Evans",5
6l1q1esp,"Sinead Cusack",5
hgdnz0lb,"Nicky Campbell",5
o3fe5vva,"Max Clifford",5
f4ofq8x3,"Jake Canuso",5
93yxsc1l,"Chris De Burgh",5
ngq5x88w,"Jane Caro",5
avxewlpz,"Jilly Cooper",5
fwrxi92r,"Celia Imrie",5
bauvmblo,"Christopher Meyer",5
qix8nke7,"Carl Cox",5
seoix0ic,"Douglas Carswell",5
3puxohtr,"David Coulthard",5
5i4yws7b,"Claire Goose",5
uvwb6itt,"Charlie Pickering",5
8q3627xl,"Josh Cuthbert",5
3910uj3g,"Chantelle Houghton",5
vdltavkv,"Catherine Tyldesley",5
hod0czb0,"Conor Maynard",5
zp4ukczz,"Catherine Deveny",5
r3p1mj93,"Kelly Clarkson",5
yqmn42p0,"Helen Coonan",5
l5c32vik,"Christina Howells",5
0nntrnkr,"Colin Blakemore",5
ds9sveed,"David Cameron",5
3ginxxb0,"Beatrix Campbell",5
lloo47nx,"Keith Chegwin",5
ycybatj8,"Ian Carmichael",5
i3bnzexh,"Carrie Grant",5
ok7h93p6,"Terry Christian",5
m8c49fyq,"Jennifer Clulow",5
gloprv19,"Margaret Curran",5
4bgh3hgu,"Clive Dunn",5
8ecj2msl,"Lorraine Chase",4
noyy644d,"Peter Crouch",4
a5q590ur,"Sue Cleaver",4
o67wrij9,"Tom Chambers",4
tz5bchmf,"Chris Taylor",4
an7sb5fe,"Abbey Clancy",4
sa8qe222,"Craig Reid",4
bxuoqxn4,"Patrick Cargill",4
c2lzeirz,"Cheryl Kennedy",4
om1wfws0,"Chantal Cuer",4
vxipltun,"Connor Ball",4
0zi6rwht,"Chris Eubank",4
hl59t4i0,"Carl Froch",4
3hgy6zho,"Carol Decker",4
wejdzpvx,"Christopher Dean",4
4wu761jp,"Jenna Coleman",4
cqa30iam,"Simon Callow",4
efoj54ha,"Jody Cundy",4
9dqg91f4,"Darius Campbell",4
n9ovujj6,"Carlos Marín",4
r5vrw5z9,"Dia Chakravarty",4
w5ob72bb,"Jamie Cullum",4
07qq6bbv,"Alice Cooper",4
2jc4zeik,"Carolyne Larrington",4
3lzqasha,"Chris Coleman",4
7fsuisyj,"Cory Bernardi",4
etyr5mx4,"Concetta Fierravanti-Wells",4
jnjpntd0,"Chris Forbes",4
xy0zarqd,"Catherine Hall",4
erts15bn,"Doug Cameron",4
xpwaaxiw,"Carrie Fisher",4
l1cchu89,"Chris Martin",4
qrek4van,"Craig Charles",4
sxwwyc4c,"Ali Campbell",4
y4p8gl23,"Chris Fountain",4
kvi7b2y5,"Eilidh Child",4
jwtu1q03,"Belinda Carlisle",4
bkcxyjk1,"Robin Cousins",4
tse5m70b,"Ciaran Madden",4
mlu94asz,"Charlie Sloth",4
6r1x0ew6,"Charlie Reid",4
otgx4neo,"Jason Cook",4
gwcef9un,"Cherie Lunghi",4
dciufxtp,"Nick Carter",4
lhmu287e,"Annabel Croft",4
tf5yw8iv,"Alastair Cook",4
85eixjdk,"Charlie Condou",4
nxh6on2j,"Annabel Crabb",4
43ciujdg,"Robin Corbett",4
4mkxwzgl,"Giles Coren",4
t46kwyh9,"Cameron Neilson",4
4ldj3xlq,"Mary Creagh",4
3gq46faw,"John Cooper Clarke",4
w0rwkp3a,"Carol Smillie",4
bbdmlk63,"Michael Christie",4
3yi212h9,"Gabriella Cilmi",4
of0bddxf,"Simon Conway Morris",4
kwtbxuqx,"Casey Bennetto",4
gw0kh7ih,"James Caan",4
g9pssr6y,"Charles Osborne",4
nfitf2x2,"Will Carling",4
zwdnmhyq,"Tommy Cannon",4
ltv5086w,"Sue Cato",3
bu3x6ndg,"Camila Batmanghelidjh",3
iak21r1q,"Cassandra Goldie",3
f0g6e0j2,"Charlie Simpson",3
fq7aa4dh,"Anne Charleston",3
jbsattif,"Kerry Chikarovski",3
2dojt1m8,"Claire Brooks",3
skfc4byh,"Jason Clare",3
k87pbr0a,"Claire Fox",3
drwmkcyn,"Jeremy Corbyn",3
zisbx4gl,"Craig David",3
slus3br7,"Charlie Dagnall",3
uwxpft6h,"Nina Conti",3
5w3rsqy2,"Ayden Callaghan",3
1q8hz69u,"Christopher Maloney",3
yadkd78g,"Vesta Sarkhosh Curtis",3
vg71xt7p,"Christine Wallace",3
t5sm17su,"Mike Crawshaw",3
d5k93z5f,"Alexa Chung",3
l833pjr0,"Chas Hodges",3
5js2ph91,"Kate Carnell",3
rmr5uctt,"Conor Cruise O'Brien",3
f4eto3j6,"Carwyn Jones",3
9cq8dbv2,"Jim Carter",3
lmyiuou9,"Louise Christian",3
kdm3jhm9,"Leslie Cannold",3
j64bog9e,"Clare Bowditch",3
35bnfa9s,"Elaine C. Smith",3
v7e0ocwt,"Cecilia Marquis",3
fnsnxo45,"Kate Ceberano",3
5qvfpdxa,"Chakravarthi Ram-Prasad",3
kv408so7,"Mark Chapman",3
uufddw7s,"Craig Fairbrass",3
4ya1c62o,"Carl Frampton",3
garbne7e,"Antonio Carluccio",3
6ty4y4k3,"Clive Thornton",3
q1zjks6p,"Mark Cueto",3
iwa3sgkb,"Stephen Crabb",3
l0ejxafq,"Chris Woakes",3
2ir4ocka,"Nathan Cleverly",3
xk0f8zb7,"Joanna Coles",3
joq2zcet,"Jonathan Cecil",3
6fv3emb5,"Caroline Warman",3
o3uon9ia,"Anne Curry",3
dlxpx75q,"Christine Ockrent",3
zefbggvg,"Matthew Cobb",3
8t74w7wn,"Conrad Black",3
1g3jgtsl,"Carol Harrison",3
i9pfkqcj,"Margi Clarke",3
lca3hjnh,"Mike Carlton",3
o7s9sw27,"Charlotte Bellamy",3
oq3xutad,"Helen Chamberlain",3
dtmoek79,"Charles Dance",3
3rdwdvc7,"Gordon Clough",3
m7nhbn7q,"Christopher Hitchens",3
5502ytvh,"Thomas Castaignede",3
mutn9csv,"Andrew Cole",3
2xkv1d0j,"Paul Channon",3
ijngfgko,"Josie Cunningham",3
8ncwibxa,"Craig Ferguson",3
mudj7j13,"Charlie Clements",3
z399o919,"Catriona Kelly",3
y2wox3f8,"Professor David Cannadine",3
ijccyzxe,"George Clarke",3
cx5m1uqv,"Corinne Grant",3
3c8s1glm,"Cathy Newman",3
jz7zpa1x,"Carole Hillenbrand",3
xdqe1jzw,"Lachie Chapman",3
f2pcfahz,"Steve Connor",3
2b9yo7wh,"Greg Combet",3
o1p48exf,"Cheryl Kernot",3
dod56cs9,"Valentine Cunningham",3
60p1kurg,"Claire Hooper",3
xz16da4q,"Adrian Chiles",3
gju6dbtb,"Chris Rea",3
rfcexpte,"Claire Perry",3
uxyxbl7c,"Camilla Cavendish",3
jdjxxc79,"Caroline Humfress",3
dli4oc3k,"Carlos Frenk",3
wqnfustb,"Caprice Bourret",3
mtip0zm9,"Helen Cooper",3
d7482n93,"Greg Clark",3
u3jw0sdg,"Professor Catherine Belsey",3
v05zgb6x,"Curtis Walker",3
52xdqrsi,"Nancy Cartwright",3
4we81oz1,"Tony Christie",3
qdoz6fiy,"Martin Conway",3
w6h1bytz,"Steve Coogan",3
78eo450w,"Ed Clancy",3
8m30q69n,"Maggie Clay",3
r68iv2cu,"Hasok Chang",3
ms58xczj,"Coolio",3
i5fy6i60,"Sebastian Coe",3
0406hp67,"Jarvis Cocker",3
b3m4k7t3,"Chris Hollins",3
4n9puxbc,"Gemma Cairney",3
8w27giak,"Beccy Cole",3
dmoebh5q,"Charlotte Roueché",3
4kduvxxz,"Stephanie Cole",3
84s73n6u,"Cindy Pan",3
zs1ekz4r,"Linford Christie",3
d0qjy0r1,"Craig Clunas",3
h5uf126l,"Russell Crowe",2
zdc68tkd,"Ian Crawford",2
j1n0zfnl,"Steve Collins",2
g966sfoh,"Christopher Clark",2
4lclhufc,"Tim Cahill",2
mbemnbxv,"Iain Cuthbertson",2
l31akr44,"Chris Haskins",2
l6viw353,"Donald Churchill",2
e4m6tu4x,"Corrina Durran",2
mtrrxoq2,"Diane Cilento",2
jx2mil5a,"Noel Clarke",2
kcxdl5ii,"Colin Salmon",2
qc7rskmx,"Stan Collymore",2
ehuh7i4b,"Chelsea Halfpenny",2
34qt4dki,"Chloe Madeley",2
s6woneoi,"Carol Michaelson",2
9oy9ddep,"Andrew Collins",2
4vqcjcu0,"Caroline Reid",2
hr56ekvi,"Cyndi Lauper",2
dvrbjy81,"Charlotte Edwards",2
w45zh2f4,"Charlene Tilton",2
tzbo0wsz,"Sir Christopher Foxley-Norris",2
rtik2xuj,"Claire Faulconbridge",2
7ixx6nn5,"Cheryl",2
zo4rhan0,"Charlie Adam",2
1pc6djt5,"Clive Jenkins",2
2ggejpvg,"Alan Curbishley",2
2qktj6bd,"Craig Phillips",2
qf0ugrz1,"Jazz Carlin",2
ibvlxlt8,"Martin Corry",2
at7xv83r,"Olivia Colman",2
4fgdqe5q,"Chris Cusiter",2
1xzz8dse,"Peter Costello",2
xz1cvzf5,"Gemma Calvert",2
tv15yif0,"Geoff Cousins",2
kmvggavr,"Chris Evans",2
gfhquvow,"Anthony Callea",2
egcao2bh,"Chris O'Dowd",2
xoytl4w3,"Chris Woodhead",2
6y4ed45r,"Ronnie Corbett",2
bgp194do,"Kadeena Cox",2
0mb9hlns,"Christopher Jones",2
kq7gfvdg,"Carol Kirkwood",2
o6uy5lo6,"Susan Carland",2
4jspjked,"Kate Coleridge",2
lu8dfhrc,"Shelley Conn",2
hd0cq6l2,"Steve Ciobo",2
sewvfxw0,"Sam Callis",2
rzkzhpdy,"Chaka Khan",2
sldzyjmp,"Colin Barnett",2
ro7teyna,"John Cartwright",2
yb4d02p7,"Dick Clement",2
kgxjyowg,"George Cole",2
anja14ii,"Toni Collette",2
bd5o32h0,"Charles Melville",2
kkbq2tzi,"Mark Carnegie",2
7r4m6fxm,"Stephanie Cook",2
ftrfghto,"Clara Salaman",2
d6j2jrxn,"Craig Cash",2
fsmcqxh1,"Jack Carroll",2
1c6iy1r6,"Christian Porter",2
3ynkbowy,"Caitlin Moran",2
mf4suyp4,"Nicky Clarke",2
190b3e1b,"Christina Hardyment",2
dwxiekf2,"Sean Conlon",2
p9so5dnv,"Elise Christie",2
k3136fmz,"Cyrus Broacha",2
odvjelu0,"Alex Corbisiero",2
ltvsaigo,"Christine Nixon",2
8nw08uvg,"Cathy Jamieson",2
0hvlut8s,"Chris Bonington",2
0mldo92l,"Calum Best",2
xwn3x5z1,"Chris Paterson",2
9t9qvxxj,"Christopher Mayhew",2
slt9gwt1,"Sean Cullen",2
1f4wdrio,"Claudia Fragapane",2
xn7z40s6,"Chloe Sims",2
qcmcwceh,"Nick Cater",2
tnseaze0,"Nell Campbell",2
z4pdfiqi,"Cat Deeley",2
naarkcw0,"Kim Cattrall",2
29b1xoof,"Chris Tomlinson",2
4wvwt4oy,"Clemency Burton-Hill",2
a2ul40gc,"David Cassidy",2
sxr52oja,"John Cottingham",2
v88zqr54,"Celia Hammond",2
os9rn1sh,"Sinead Cusaek",2
5x0e645f,"Craig Kelly",2
p17phc29,"Mark Coleridge",2
kj8bsuoj,"Lloyd Cole",2
efk0pb5a,"Kay Coleman",2
zaksaoyh,"Christopher Frayling",2
adn0b9oe,"Alistair Carmichael",2
hfz5munl,"Tracey Cox",2
q42genxx,"Chipmunk",2
ty6i03wc,"Carrie Underwood",2
4q0vtnnx,"Frank Cogliano",2
ar2yfle6,"Clare Jackson",2
z9j7vusn,"Tim Costello",2
wogt24wk,"Wes Carr",2
sqzjrjan,"Dave Callan",2
sb1hou77,"Janet Cohen",2
7dpt5ez7,"Christopher Matthew",2
v52pxfnl,"Gennaro Contaldo",2
sg6puy7a,"Alun Chalfont",2
9l95ieqv,"Charles Gray",2
6y7x9ehv,"Andrea Corr",2
z13ch13y,"Cokie Van Der Velde",2
b0z531qp,"Colleen Graffy",2
ssv3t9p8,"Charlie Baker",2
arc52orw,"John Carson",2
zu44ybul,"Clive Sinclair",2
vfzobr9a,"Catherine Fletcher",2
qm3maccg,"Christine Anu",2
rabfr4t3,"Lord Charles Brocket",2
revdq8nu,"Anna Coote",2
glmiswfc,"Michael Clanchy",2
qxu8lvxh,"Graham Cole",2
o5a8ujne,"Michael Crick",2
bvd2ytv3,"Nick Cohen",2
dswo0h5l,"Craig Baldwin",2
sw3s9chs,"Chris Geere",2
xhxv26o4,"Chris Isaak",2
7whzx5fv,"Sharon Condon",2
q35qhc9d,"Chris Dunkley",2
f32vtged,"Lord David Cecil",2
q915cq3a,"Stefan Collini",2
4riiy1x2,"Diana Coupland",2
udx567qo,"Claire Tomalin",2
avmw8ykq,"T. C. W. Blanning",2
ho7vx1ak,"David Carpenter",2
a0l5aeia,"Susan Crosland",2
gqqleocp,"Chelsea Peretti",2
2aec7b77,"Christine Blower",2
bvchjmda,"Curtis Davies",2
1hsiw8kq,"Christianna Brand",2
uyu8a9fl,"Peter Cosgrove",2
wvhh5d12,"Gilly Coman",2
yntnb4mr,"Ben Cohen",2
cf3mg818,"Marcus Collins",2
t930lj8q,"Danny Cipriani",2
w5vamb0r,"Professor Roger Cashmore",2
69c03337,"Brian Cadd",2
288wrrah,"Ali Carter",2
bjv0awss,"Tony Caunter",2
sji8ney8,"Charles Lawson",2
i7snwquy,"Charlie Whelan",2
5hrdv9u1,"Colin Morris",2
bve7w6ph,"Sarah Churchwell",2
my98uhtu,"Emma Clery",2
n6v11jfn,"Simon Crean",2
4q7nsszg,"Cathy Dennis",2
bc7mj18h,"Stephen Conroy",2
9d9jak3m,"Christopher Brookmyre",2
19hx16e6,"Colin Paterson",2
2rpk5iae,"Baroness Castle of Blackburn",2
ey2jkfte,"Clinton Woods",2
mxdat0mw,"Lucy Cooke",2
p18d0gbi,"Jenny Colgan",2
bmspnt2k,"Katy Cavanagh",2
yqtuh220,"Raine Spencer, Countess Spencer",2
nxmcxavs,"Mario Cantone",2
8xqz7m7q,"Linda Christmas",2
kx0lljyo,"Colin Montgomerie",2
t0l28tux,"Christopher Hughes",2
qb5jqjjz,"Colin Gordon",2
v4ogjss8,"Michael Culver",2
h21pt9wd,"Charley Bagnall",2
7xvdypbx,"Caroline Dowdeswell",2
j9fxjr8v,"Martina Cole",2
i4e2af0f,"Chris Lowe",2
4wpwcuhz,"Judy Cornwell",2
2whpgtiv,"Susan Cartwright",2
eef3w7zy,"Chris Mullin",2
t3x8z5ia,"Colin Tudge",2
acpnp93q,"Claire Francis",2
yo75j5kc,"Djibril Cisse",2
m8qq8uac,"Barry Cunliffe",2
h3r7k814,"Phil Cornwell",2
c4r16eo4,"Mark Curry",2
qoxmnnnd,"Clementine Ford",2
3xscs4vd,"Catherine Steel",2
668ryh8m,"Cardew Robinson",2
rw1prnm7,"Clive Emsley",2
8vri53j9,"Lucie Cave",2
h8xexr31,"Edwina Coven",2
lg72zp96,"Nadine Coyle",2
gu5u96h3,"Peter Cox",2
u1mpwah8,"Charlie Dimmock",2
okrrlxxn,"Deborah Cheetham",2
ek2uperl,"Steven Connor",2
2ddnu1zv,"Clare Carlisle",2
fx5ine35,"John Crace",2
nesz8a7y,"Corinne Grant",1
4tfw6eni,"Julie Dawn Cole",1
g1ycw2cs,"Justin Lee Collins",1
fesjn6yp,"Sir Colin Humphreys",1
ob0c11a5,"Pam Charlwood",1
ah0eo9dt,"Loene Carmen",1
621l7vab,"Lorraine Candy",1
2rjr59fi,"Catherine Davies",1
l32lamoz,"Corinne Drewery",1
nziavpto,"Judi Clements",1
eimvgf5h,"Alex Cuthbert",1
8awhkde0,"Christopher Cullen",1
kqdpdlx7,"Henry Catto",1
tjoup5iy,"Charlie Healy",1
u5kg0i1o,"Peter Coleman",1
jnul2vp9,"Cathy Humphreys",1
193bhux2,"Carol Drinkwater",1
3bimiie7,"Warren Clarke",1
cd9zk4l1,"Joel Creasey",1
qqqu48ef,"Aaron Choulai",1
oq9vi36l,"Deirdre Costello",1
r2hddcto,"Christie Whelan",1
ryvo3zxn,"Jamie Crawford",1
it2a6fll,"Chris Kenny",1
pjloy70g,"Charles Powell",1
osz3kvtu,"Marita Cheng",1
64tuc19i,"Chris Bath",1
yifxazmc,"Michael Carl Bryan",1
xs6h7wod,"Charli XCX",1
l7xqhva1,"Caroline Barker",1
ouphqlyc,"Professor Trevor Cox",1
xhxzud80,"Tim Champion",1
27iwufe9,"Carol E. Barrowman",1
zliqxsux,"CW Stoneking",1
sauauweg,"Alex Carter",1
00slkjz3,"Roger Crisp",1
5c6uoscp,"Vernon Coaker",1
yg604la3,"Sarah Callaghan",1
z2xak90w,"Chesney Hawkes",1
m5huflv0,"Corey Feldman",1
e3lf98hc,"Marcus Chown",1
ndrenc08,"Lynn Collins",1
xfd8iv75,"Caroline O'Connor",1
loyvlqq7,"Charles Waterstreet",1
7z66ceav,"Janet Clare",1
m2q9610l,"Samuel Cohn",1
yhauga6j,"Corinna Riva",1
jjwwrqee,"Tim Cartwright",1
ollul671,"Claire Taylor",1
h4864tm8,"Christian Datsun",1
hljex3m2,"Dr Chris Cullen",1
sjacvamj,"Robyn Clubb",1
wbcfiomg,"Michael Chugg",1
ykm5fpw8,"Daniel Casey",1
uxhb523e,"Neko Case",1
hva9plrj,"Paul Cattermole",1
nnq4s6uu,"Sean Carroll",1
59ht49ns,"Chris Powell",1
uddxpwuq,"Robina Courtin",1
qvjs8t81,"Maxwell Caulfield",1
6rmj1rtj,"Christine Laird",1
slaxyl84,"Kim Collins",1
9pfv9rbf,"Nadine Countess of Shrewsbury",1
pco582lw,"Cleo Laine",1
36netr24,"Cathie Martin",1
t1mlwzm2,"Calum Hood",1
zdzhve94,"Mike Costello",1
b4y21oj5,"Joe Clarke",1
gpnb587v,"Dee C. Lee",1
icfiu6ze,"Graeme Clark",1
s4qzncpn,"Chris Hammond",1
fvmn11vg,"Charice",1
mlzeru35,"Chris Darling",1
0htwkt59,"Kate Crawford",1
y9cain2y,"Anne Campbell",1
u782j8e3,"Martin Chambers",1
wb71rexx,"Dr Clive Webb",1
c3i0fi6q,"Julie Collins",1
0x6u6f75,"Gina Castelain",1
eabk29dj,"Charles Pollard",1
d8x1wjnt,"Clare Fox",1
p7cn200d,"Chris Cullen",1
ehjjj88u,"Alma Carroll",1
h89821al,"David Calder",1
hl4fb3fr,"Jon Cruddas",1
bo4xt2z7,"Frances Coverdale",1
5jdro45y,"Pamela Cookey",1
asqorvd0,"Hannah Clack",1
5nah17jj,"Rob Cook",1
cgw4yn3y,"Edwyn Collins",1
8nv1zrgg,"Chris Simmons",1
b3dojdyd,"Danny Care",1
ffmyg9nj,"Michael Campbell",1
5r8bg3il,"Paul Capsis",1
u5q8qcts,"Mark Chadwick",1
as55ob7p,"Judith Chaplin",1
bngmt0rw,"Claire Edwards",1
zeep6dzk,"Frances Crook",1
5xx8iuyv,"Clive Myrie",1
e2ddgpz9,"Megan Clark",1
wqsbj5q7,"Crispin Hunt",1
5e1kp199,"Jason Crump",1
atwk9hjo,"Zoe Coombs Marr",1
w5h5xnbl,"Alan Clarke",1
xo0s5agn,"Justin Currie",1
fl9887c3,"Peter Holmes à Court",1
z6sylzks,"Allison Curbishley",1
h087uh5o,"Reverend Dr Charlotte Methuen",1
z6t4cr4j,"Simon Critchley",1
q2x7b1bc,"Cedric Pioline",1
t39svb3d,"Chris Hardman",1
bnmz3akf,"Michael Clifford",1
w6r4yqe3,"Gaël Clichy",1
er6tf5pg,"Sarah Cracknell",1
e6jfmghq,"Darren Cordeux",1
b8vk9nma,"Charles Burnett",1
sic05y3a,"Jeremy Cordeaux",1
bmjnn2ss,"Chip Monck",1
f9n3fi5t,"Christine Crawley",1
tppd7ldg,"David Clark",1
2hv18mrz,"Captain Sensible",1
7k5ixj53,"David Coleman",1
yzribo9x,"Christopher Chataway",1
f92b1jyu,"Jill Craigie",1
w1x2t4dj,"Roy Close",1
9nnu2kfl,"Joe Chindamo",1
5w6thbmn,"Claire Holder",1
quiu528c,"David Conn",1
xnlgjv1z,"Colin Pillinger",1
kjkmboz5,"Christine Hancock",1
1lyc9kz7,"John Coffey",1
hpufnz04,"Hermione Cockburn",1
0szi06um,"Charlotte Ritchie",1
z3tlydix,"Cheng Lei",1
0ivoo0uv,"Scott Carne",1
kb5gv9kj,"Cherry Lewis",1
18bgb68r,"Barry Crocker",1
gvz8cd72,"Chris Baker",1
svuj69uh,"Kurt Campbell",1
dp89bfyw,"Cora Kaplan",1
jx9do80t,"Chris Potter",1
hmbget0c,"Laurie Cadevida",1
61tyx48e,"Chinyere McKenzie",1
scsz12mk,"Diana Cornish",1
i4lh5jqp,"Bob Cronin",1
kx2rkg1d,"Chris Sutton",1
588dyj7x,"Cynthia Lennon",1
1a912nnd,"Christopher Janaway",1
pr5bedlp,"Ian Chaloner",1
x4mkkef4,"Phil Charles",1
qvkfwvva,"Chris Willmore",1
epwwz88d,"Chris Waddle",1
m6m7myha,"Colva Roney Dougal",1
xokymrr8,"Jo Cameron",1
x7pct5al,"Ceri Sullivan",1
hyfw5ip9,"Craig Gross",1
36lkw0u7,"Sarah-Jane Crawford",1
wuq9y30x,"Chandrasonic",1
2rr4oq0w,"Professor Ed Copeland",1
5r9yttr3,"Chris Finch",1
3rh2rodw,"Carolyn Johnson",1
ezkvprgn,"Mathias Cormann",1
4xrrtsyq,"Cat Boyd",1
rsiukh5g,"Jenni Calder",1
3vql8n27,"Chris Riley",1
u0xiq5ui,"Charles Firth",1
gtwcb3t1,"Mike Chapman",1
n427h2ta,"Clairy Browne",1
rk46im22,"Christine Forster",1
2a6cmrre,"Caroline Dodds Pennock",1
cwfyyln3,"Chiara Franceschini",1
wiosggme,"Craig Mottram",1
uvaxnled,"Michael Carver",1
scwaf3w8,"Dominic Cooper",1
py1hesop,"Elizabeth Cottrell",1
8705mzb1,"Comedy Dave",1
hzfm3ii9,"George Carey",1
5hc87ir6,"Steve Cannane",1
hvjer9jq,"Catherine Boyle",1
8269z82m,"Roque Santa Cruz",1
87shk1ue,"Anthony Cross",1
1iwuvk4v,"Claire Jones",1
2iypfm2y,"Jamie Carragher",1
26zia2sg,"Colleen Hewett",1
uihlxd3v,"Dean Cain",1
qzulteri,"Claire Norton",1
069c1e1d,"Troy Cassar Daley",1
0hqaerip,"Sacha Baron Cohen",1
9jpi5po9,"Pietro Corsi",1
xig3i6gn,"Jeanette Chippington",1
l60gsjlt,"Patti Clare",1
zv0mth3g,"Christine Webber",1
7jh9ym1d,"Carol Wright",1
za0szks9,"Charlie Mullins",1
n4t2jtjr,"Tom Cunningham",1
ex8qjhr9,"Caroline Wyatt",1
qmrglrz8,"Elvis Costello",1
60vtkyrk,"Daryl Cotton",1
i74qfueu,"Chris McGimpsey",1
bnpvw1re,"Craig Hill",1
3shpdhzm,"David Campese",1
bbg72sov,"Mackenzie Crook",1
wqo1lgoh,"Christa Hughes",1
j75ghrtf,"Bernard Carr",1
bsktc5k8,"Christine Jackman</tr>",1
ncobvq68,"C.J. Porter-Thaw",1
tjbnzryz,"Adam Carney",1
w3na73je,"Matt Colwell",1
ctsabfso,"Tom Clarke",1
60n9i2zi,"Caroline Aherne",1
2ieekzhs,"Catherine Fox",1
36lesomd,"Cate McGregor",1
euoczrbe,"Alice Coulthard",1
z9h53erw,"Lydia Cacho",1
yqq6fsb2,"Julia Clements",1
nz6kg4s8,"Andrew Cunningham",1
jra6s7my,"Jimmy Cliff",1
j3iocqh7,"Kerry Chikarovski",1
qufar85x,"Charlotte Henshaw",1
mhbsr2dc,"Chris Leslie",1
z5jbex02,"John Chaplin-Fleming",1
9658tcap,"Casey Stoney",1
mf7n58d4,"Chris Cheney",1
bl623gvy,"Richard Cross",1
fv59dpaz,"Corrie Corfield",1
c6grv9ul,"Jennifer Cox",1
j3m7owai,"Chelsee Healey",1
4krx91ii,"Michael Cashman",1
du5uqnof,"Michael Cunningham",1
k54i1g2a,"Carmen Callil",1
5ckm5wjh,"Courtney Taylor-Taylor",1
kre3hz0d,"Richard Cairns",1
a5731fxw,"Chrissie Hynde",1
kl9xdmg9,"Carol Sarler",1
e8tfozt3,"Catherine Livingstone",1
jfsh9ubr,"Dallas Campbell",1
xo7hwa84,"Carlotta",1
7s5cbixn,"Coral Atkins",1
bjacycnx,"Charlie Wolf",1
71yw3ld2,"Jack Charles",1
gm8nw7mc,"Chemmy Alcott",1
seeahz44,"Anne Corfield",1
wnh20vqy,"Phyllis Calvert",1
dg8fr272,"Corey Taylor",1
fcwlea8f,"Anthony Crank",1
9trfi4ri,"Stephen Crittenden",1
f9zxc11t,"Alison Creagh",1
5e7995p4,"Santo Cilauro",1
n3ef43mi,"Michaelia Cash",1
1fsv0aq2,"Margaret Clegg",1
ie1vyhoq,"Nicholas Cochrane",1
pppxpxx7,"Roy Calne",1
mbj78494,"Arron Crascall",1
t288vbhs,"James Callaghan",1
mb0f642k,"Chris Bailey",1
c3479dx8,"Crispian Mills",1
u9m2m80f,"Clare Hollingworth",1
hmakf9o7,"Tasneem Chopra",1
zk8edic0,"Hilary Campbell",1
6z7ko2i3,"Professor Clare Lees",1
spj861uq,"Mick Channon",1
r5thfpdc,"Pete Conway",1
0sh8ci06,"Owen Coyle",1
h6rlq9ew,"Colin the Parrot",1
epzae1cv,"Tony Cottee",1
x5habil8,"Kasey Chambers",1
7jaxsjyk,"Christopher Tugendhat",1
o6iexzkf,"Channing Tatum",1
2nsaho07,"Chester Williams",1
dy7m4uwl,"Nicole Cooke",1
vu8kzp9l,"Camilla Parker-Bowles",1
pr9vgcqj,"David Coverdale",1
7bqv9byi,"Chris Briggs (Listener",1
dpp3vd48,"Belinda Carroll",1
mkdftbx0,"Eos Chater",1
88zm45f5,"Caroline Overington",1
5du6bnr0,"Campbell Price",1
d1paoo9m,"Chris Stringer",1
g5eadpuo,"Cheri Jacobus",1
wftth4ip,"Clara Amfo",1
blat2id5,"Cynthia Marsh",1
j61intak,"Chris Peck",1
gsud50op,"John Cosgrove",1
d4hihzb4,"Cush Jumbo",1
itvauhdy,"Jerry Coyne",1
l6ooiuet,"Patsy Calton",1
4yh8uc5q,"Ian Crowther",1
a5l4mmy0,"Christina Lyon",1
0f5wb5ym,"Camilla Dallerup",1
y1ald7kk,"Dr Chris Dye",1
b7wvq7vc,"Sir Barry Cunliffe",1
q9hubscs,"Colin Bonwick",1
kuofpmb9,"Joe Cann",1
6x7broww,"Glenn Carter",1
jo8hoohr,"Cat Smith",1
rpmfhb4j,"Deborah Cheetham",1
8r6qg0xp,"Krista Cowman",1
wc2owufm,"Natalie Casey",1
wjqid066,"Ian Christie",1
njykwbh6,"Candy Bowers",1
u6qyag7p,"Charmian Carr",1
wg36kfss,"Charley Boorman",1
au27sg2f,"Debbus Cabavan",1
vl9th3ct,"John Charmley",1
m96ux2id,"Caspar Weinberger",1
33g7uamb,"Charlie King",1
lstskewz,"Charli Delaney",1
9hc2wxro,"Charlotte Bingham",1
qhz6n5ev,"Christian Slater",1
aohtv9ho,"Christiane Amanpour",1
gdv40yk1,"Geoffrey Cantor",1
579d6gms,"Susan Collins",1
0ek8wrrf,"Euan Cameron",1
gps39w49,"Jon Cuishaw",1
5eylr0pl,"Chris Chittell",1
uvmcc973,"Chris Cairns",1
e1wgsxsa,"Chris Minkowski",1
z3l44iwv,"Beth Neilson Chapman",1
d1d9ffi4,"Ian Chubb",1
t52f1ukc,"Cyprian Broodbank",1
zhs76smg,"Michael Chamberlin",1
4cszjra0,"Judith Church",1
m7c962wm,"Stephen Cummings",1
wjtun6ym,"Charlie Hodgson",1
b8u882ab,"Clare Johnston",1
m93v4qan,"Robert Chesshyre",1
via898v2,"Professor Colin Richmond",1
dzvabip7,"Celeste Cruz",1
r2zx25e4,"Robert Charles Bryan",1
x7ssaq9f,"Christopher Lore",1
j0v29x5m,"Nahji Chu",1
ztyxjje7,"Deborah Conway",1
z1q7o0j0,"Christine Wong",1
6oads87t,"Justine Clarke",1
bkq1psyo,"Prince Charles",1
8lxy7zmz,"Fiona Campbell",1
6j4aag39,"Professor Chris Plack",1
dj11bsps,"Kevin Davies Joe Calzaghe",1
d90grs22,"Tom Craine",1
xr9bta1l,"Colin Byrne",1
avx088m4,"Carol Berkin",1
67wh2r6z,"Cheska Hull",1
h7xt9eq2,"Chris Steele",1
6rk3kosw,"Fran Cosgrave",1
6qystk7l,"Andrew Coates",1
1oq02ksf,"Steve Claridge",1
m03j9xwn,"Craige Els",1
4co2ngoo,"Caitlin Doughty",1
8qxdrbms,"Hugh Clegg",1
1ebvq12r,"Bea Campbell",1
5idr1fi7,"Troy Cassar-Daley",1
2yref4uv,"Christian Ingebrigtsen",1
7aogi77k,"Stephen Curry",1
xlanv17d,"Peter C. Doherty",1
73v2xipm,"Chris Froome",1
qgw9yv12,"Gemma Chan",1
brl1odjj,"CeeLo Green",1
cuxo3loa,"Douglas Coupland",1
2986rx9a,"Peter Capaldi",1
nyq5vnxa,"Chris Hadfield",1
4j0fo5ta,"Annabel Crabb",1
871y2fm2,"Clive Coleman",1
de191gyh,"Helen Croome",1
y4eaei6q,"Caroline Barnes",1
u85tf5nd,"Brendan Courtney",1
m16fz12f,"Caroline Barron",1
xdvxcd5t,"Carolyn Porco",1
belljdfn,"Carolyn Holbrook",1
6z92qgnc,"Catherine Harris",1
42ubckkt,"Cheryl Schonhardt-Bailey",1
0mrdazhy,"Anthony Crolla",1
5o9rurmg,"Catherine Meyer",1
fbwzn5pi,"Jimmy Constable",1
avw5h3j1,"Keiron Cunningham",1
u4gsixnc,"Tim Cornell",1
lclj9i76,"Brian Capron",1
o6vys3kt,"Urzila Carlson",1
lfbbqbyr,"Charles Leadbeater",1
bgjxiwsn,"Timothy Champion",1
zjbri8nn,"Beverley Craven",1
w5vkwvtk,"Charlie Walduck",1
r4i2vi2z,"Chris McCormack",1
jklwwz26,"Cynthia Nixon",1
67r4w1cx,"Charlotte Sleigh",1
tzab2240,"Catherine Pierce",1
c66wjt3g,"Terence Cave",1
1wgg22qv,"Catherine Belsey",1
whae40mh,"Charlie Bell",1
o2klsy4n,"Charlie Baker",1
hfdg7t4o,"Susan Castillo",1
xjxi8gpz,"Harry Connick Jr.",1
i0m814n9,"Camilla Seale",1
pvacqu0m,"Michael Cole",1
h0am8hjl,"Claire Palley",1
l9re6hvl,"Clare Bowditch",1
o4s0vll2,"Chris Baldick",1
teoi62u9,"Robyn Carlsson",1
ewmy9wmd,"Sheena Cruikshank",1
0yxykyc9,"Clare Lees",1
tko0qzeo,"Peter Carey",1
0zvzq8nk,"Andrew Cobbing",1
jgkx0m0w,"Peter Cain",1
xd37w9am,"James Cleminson",1
fjuoquok,"Matthew Crompton",1
zxgxf1u0,"Christina Gorna",1
bcg0o8of,"Charlie Teo",1
yljxv6yr,"Catherine Merridale",1
o9iatxsc,"Carla Lane",1
1up55imy,"Crosbie Smith",1
mahc8pwy,"Caroline Strong",1
jo4sm7vg,"Constance Briscoe",1
rk2mo2hg,"Hamish Clark",1
wvtm2bf1,"David Cross",1
tuvwoug8,"Margaret Cho",1
ix15dxtu,"Dr Catherine Bates",1
s2z9ylkx,"Charlie Burchill",1
6wev0xoc,"Neil Cameron",1
on4h6cqm,"Craig Brown",1
85792qwm,"Tom Chaplin",1
usood99g,"Tim Campbell",1
qmwqb07j,"Garðar Cortes",1
oo1kqbha,"Charlotte Methuen",1
hni97iyb,"Grace Collier",1
lob0l3i4,"Paddy Considine",1
oupllerd,"Military Wives Choir",1
cj6pp1o7,"Conor Burns",1
3yk9umwi,"Natalie Cole",1
bwg6c3uo,"Jane Clifton",1
8pd2rnai,"Charlotte Williams",1
7tt8jm5p,"Clare Nasir",1
a8vfem23,"Charles Kelley",1
glvfkv55,"Tom Cain",1
ag7z2y9m,"Stephanie Calman",1
0knmtdug,"Patricia Cutts",1
tfowvzzb,"Mic Conway",1
26c8wump,"Wesam Charkawi",1
w1yb8yt0,"Tom Croft",1
tw8lxu29,"Callum Skinner",1
wjo2m7rq,"Rebekah Clements",1
9fzcd8rw,"Al Clark",1
7wncgxcr,"Christopher Villiers",1
41xumgdn,"Dr Carolyn Porco",1
20rq5u89,"Chantal Leverton",1
6qwg1g0r,"Chris Walker-Hebborn",1
5m41ccss,"Helen Cherry",1
ljb4n0o5,"Colin McRae",1
leavqgji,"Kate Crosby",1
df8o1xp0,"George Carman",1
bf23acug,"Christa Hughes",1
h4uo1o6f,"James Cromwell",1
valskkjv,"Carole King",1
sqe1szyi,"Cecelia Ahern",1
ujq3d1uy,"Clive Mantle",1
e3na5vof,"Chris Sheasby",1
fmwlkt0r,"Andrew Colman",1
5stvl318,"Carlos Bernard",1
pwvts7fo,"Steve Cowley",1
dub10lfq,"Craig Doyle",1
vnyzce18,"Chris Kenny",1
yxll2eoy,"Clive Lloyd",1
an4m19ky,"Lee Carsley",1
hvuct315,"Charley Uchea",1
v5bdjaaj,"Ricki-Lee Coulter",1
z0db4ypt,"Allan Chapman",1
4zu832hp,"Alan Cochrane",1
xt7ocqlq,"Dan Cluderay",1
jkpqkg1o,"David Cairns",1
ac67nks8,"Christine Carpenter",1
69yqtio7,"Imogen Cairns",1
8pyhmfkg,"Natasha Cica",1
3510a5r6,"Charles Hope",1
59xumpt5,"Taasha Coates",1
glfi4oms,"Seb Coe",1
7adjwj6t,"Michael Carrick",1
z85cl51z,"Claire Honess",1
jxtr13b3,"Charley Webb",1
fjgmxt58,"Heather Couper",1
c0u0uvjv,"Betty Churcher",1
3zyt4nk9,"Catherine Ashton",1
ds89mowl,"Claire Cashmore",1
xvvz11zh,"Graham Coxon",1
tkdwzqf9,"Dr Carolyne Larrington",1
qep32b9l,"Peter Craven",1
elcfbqfk,"Hugh Cornwell",1
korgq6eb,"Natalie Grace Chua",1
qa6odshi,"Marie Colvin",1
ebdmorq6,"Claire Bowditch",1
883lutx0,"Dave Clark",1
llq6bhvg,"Elaine Carbines",1
giumblb1,"Chris Park",1
lxhks02u,"Chloe Dallimore",1
lbx1npnf,"Cornel West",1
he4woom0,"Dr Clare Jackson",1
v3hhvpnd,"Beth Cordingly",1
ruamfshw,"Jim Courier",1
l9t6l0uv,"Craig Campbell",1
zweuyjw7,"Ben Clark",1
5du35gji,"Carol Smart",1
b4q97riy,"Suzanne Cory",1
cn2y5r7o,"Winston Churchill",1
9m6owyyn,"Collette Mann",1
brdkjjqp,"Elaine Crinnion",1
jm99pxbn,"Lesley Cohen",1
3903okxd,"The Choirboys",1
e8a4i9z3,"David X Cohen",1
14gjk2dc,"Anna Crilly",1
e56kypjh,"Peter Cundall",1
5ch2rq6y,"Clive Hornby",1
tqjbirxg,"Charles Cave",1
gujgzahn,"Annette Crosbie",1
eq122vr8,"Carl Chinn",1
s7vptpe0,"Robin Campbell",1
dbkhb0gn,"Kate Cushing",1
tc8cybit,"Christine Lagarde",1
lz8vaypo,"Mark Charnock",1
ueqxnjjx,"Caroline Series",1
l3k3of2e,"Charley Bagnell",1
qwfpch5l,"Mark Chinca",1
q8nrtoqn,"Edward Chaney",1
c02usded,"Simon Cowell",1
vkta5hgn,"Chris Tremlett",1
b1tp2imt,"Camilla Luddington",1
mnr05u9y,"Shoma Chaudhury",1
h47gom4w,"Carl Pemberton",1
0a3pwhpl,"Carl Smyth",1
k4ezfmye,"Neil Claxton",1
qt1zwagx,"Brendan Cowell",1
qbqc4ipy,"Claire Bayner",1
da8zizs7,"Ashford Campbell",1
evjwbxnj,"Chloe-Jasmine Winchello",1
zu7c56yh,"Grace Chatto",1
twa3k3tr,"Clint Boon",1
ptoghnb8,"Richard Clapton",1
l8odg5vy,"Alison Carnwath",1
hdxell8o,"Karl Chandler",1
u2r805zh,"Tim Clement-Jones",1
y7sfxbr2,"Chace Crawford",1
t0ohxgrw,"Caryn Franklin",1
8jk01ji2,"Adam Croasdell",1
zkna11ao,"Danny Crates",1
hlbsffdz,"Dr Celeste-Marie Bernier",1
qy3vsx7u,"Chris Nierstrasz",1
f22v2ypf,"Ken Cameron",1
lga2da15,"Terry Conroy",1
t0vfc55m,"Harriet Crawley",1
4j7agay4,"Joe Camilleri",1
nlqsigt2,"Charlotte Hawkins",1
6foxi44o,"Claudia O'Doherty",1
brq4d1fd,"Carlton Cole",1
fazw1do2,"Ali Criado Perez",1
zlr0e546,"Dr Helena Cronin",1
mv5y008y,"Christina Baxter",1
nqujqmuf,"Christopher Parker",1
017vgvs6,"Christopher Nixon Cox",1
9vflkg8y,"Moira Constable",1
zlpytef9,"Courtney Rumbold",1
527gri0m,"Frank Carson",1
j6l1h00r,"Flavia Cacace",1
1fbvhix8,"Laliv Clenman",1
dijcluuq,"Rosie Cavaliero",1
d4c7vn9x,"Chris Cook",1
v2cyvtv1,"Jono Coleman",1
k7wzuxdv,"Susan Castillo-Street",1
c4wbhiwd,"Caroline Morahan",1
tuqhx4gs,"Geoff Capes",1
9kyixi81,"Naomi Cleaver",1
h3njexmz,"James Cooke",1
jcvopkkp,"Robbie Coltrane",1
q1r9md8l,"Gillian du Charme",1
adnmq2sr,"Andrew Cruickshank",1
97qzitpu,"Chris Dye",1
71gqkkcy,"Malachi Cush",1
4g3crziw,"Calvin Harris",1
gwjglx9o,"Cerrie Burnell",1
cwhdzk00,"Margaret Clay",1
1ea37ole,"Joanna Cherry",1
sntkag2w,"Clive Oppenheimer",1
ag5me8c1,"Catherine Keenan",1
px5bm6eg,"Christopher Pelling",1
covw1bmy,"Mara Carlyle",1
h00anbgb,"Sherard Cowper-Coles",1
j09oj1nr,"Charlotte Jackson",1
itc73p3x,"Michael Carberry",1
qui6d4rt,"Ken Clarke",1
zxv5lsgk,"Cliff Parisi",1
iiva7nsq,"Heather Chasen",1
bb0xnx3y,"Ian Cashmore",1
l39ljajn,"Nicholas Cronk",1
9n8xpbxz,"Cathy McGowan",1
d1te34t1,"Caroline Petit",1
l1r3hljn,"Carey Marx",1
52qc2b6j,"Christine Shaw",1
4pek41vm,"JJ Chalmers",1
pae01g6i,"Jo Coburn",1
8wt14zmi,"Jennifer Carpenter",1
poq9yvaw,"Crispin Wright",1
6s65p3nn,"Terence Conran",1
mgyv6bj3,"Sarah Colvin",1
381rho8y,"Mick Cahill",1
dk949m56,"Clover Moore",1
aftugh3z,"Geoff 'Coxy' Cox",1
2qt7pql5,"Conor Murphy",1
xo302ep9,"Louise Cooper",1
soksqxxs,"Nikki Chapman",1
ueu5tvpi,"Alun Cairns",1
50i2hgtb,"Kate Cooper",1
gqsfey3j,"Rhonda Cornum",1
ykjaix9v,"Chris Greener",1
my8pq0qh,"Paul Capsis",1
5bgmj69g,"Colin Furze",1
e4lcb78o,"Petula Clark",1
ppxbltqd,"Charlie Daniels",1
gohosw3q,"Brian Canham",1
y5m4eq00,"Roger Crowley",1
pa53ah9i,"Christian Horner",1
a90kpnnh,"Chris Botti",1
v41i3vt5,"Dr Helen Castor",1
ndn7up43,"Courtney Murphy",1
i0os5j2b,"Charlie Quirke",1
1ifuy8f3,"Clare Moore",1
du4drj6l,"Colin Imber",1
n3ateglp,"Carole Caplin",1
uzhin1t5,"Billy Connolly",1
deb92x07,"Kay Carmichael",1
d2cmk9ua,"Angela Conway",1
k03l4jh7,"Andy Carroll",1
99v0k170,"Sally Conway",1
ncmvhtpz,"Chris Ashton",1
odl1zgov,"Chris Donald",1
s5fufp50,"Claudia Hammond",1
79mw62qc,"Cristina Rad",1
vcd8l05f,"Christina Lamb",1
pdqxdiyr,"Claudia Carroll",1
rt9k0clh,"Benedict Cumberbatch",1
u6u5l9f2,"Mikey Craig",1
jawfpkj6,"Caroline Vout",1
x4ff2f0v,"Matthew Collings",1
qrbl6dh4,"Chris Rawlinson",1
2ho1fpqv,"Carrie Lear",1
6m91zehs,"Lindsey Coulson",1
2yw2fev7,"Catriona Matthew",1
a7qjdj75,"Glenn Carle",1
kpgygioc,"Charlie Baker",1
rh70qwm6,"Chloe Chard",1
u54da01k,"Leslie Caron",1
mvirmqeh,"Charlie Baker",1
a88luya5,"Ashley Cole",1
25mg4p19,"Charlie Bird",1
vjvwrb2x,"Chris Berg",1
yafrf00n,"Crissy Rock",1
insxh17c,"Christopher Haigh",1
tklpoq2x,"Shirley Conran",1
aghbr0hv,"Christine Sutton",1
7g9q6qx6,"Christian Talbot",1
sf1ha0xo,"David Carry",1
kgu9j9ma,"Rosemary Cramp",1
q5trlyom,"Carol Schwartz",1
1f39kwk5,"Luke Campbell",1
iz60iv4z,"Nicolas Colsaerts",1
ycozarom,"Cathy Murphy",1
n99rcq6d,"Johnny Cochrane",1
scwq9jq3,"Clarence Page",1
c1p6witn,"Chanelle Hayes",1
eykzgter,"Kristina Cook",1
d8iq9lex,"Dean Chisnall",1
cu08bbla,"Colin Hay",1
1iqgm5iy,"Chris Plack",
3ibn4ncu,"Kate Ceberano",
3axhdvfm,"Fighting Talk: Old Chestnuts",
l9u4r4cf,"Colin Richmond",
