1uesdshd,Carol McGiffin,1174
5wnwhvl9,Andrea McLean,904
3dai14ts,Paul Merton,800
uzk8veiu,Jane McDonald,789
vvgcg1oo,Melvyn Bragg,719
3tpyoai7,Lisa Maxwell,425
oncin0w0,Frank Muir,380
wlfagkqd,Matt Dawson,357
l3xqjxtv,Jane Moore,292
m2nw4eae,David Mitchell,255
4mzpxmmm,Myf Warhurst,228
pioyrpar,Mark Lamarr,185
hm49r14r,Arthur Marshall,184
yta3thvj,Rory McGrath,158
5t4e07w6,Matthew Biggs,152
3xla1274,Lee Mack,140
6ma7i8rw,Austin Mitchell,134
bm638qfj,Matthew Wilson,129
bbjlysaj,Fred MacAulay,128
funl9xzs,Marcus Brigstocke,109
lcx9zc14,Miles Jupp,108
k4ynw4wa,Bob Mortimer,96
3vblg9jo,Jason Manford,95
oxyl45br,Sarah Millican,83
9e3q4p9k,Mark Steel,82
b1f0ddmz,Ally McCoist,75
hahgf89a,Michael White,75
x5unmeqr,Victoria Coren Mitchell,67
wguqcrlr,Matt Lucas,66
4p90zyay,Andree Melly,54
bchqpuf7,Myleene Klass,50
6pkvvx8p,Menzies Campbell,45
fqiw6ek1,Sheree Murphy,42
kb3a51qs,Mark Watson,40
homuapft,Maureen Lipman,40
luynjnx4,Andrew Maxwell,39
rasf33l1,Paddy McGuinness,38
1fchiwmk,Stephen Mangan,38
xstc1ush,Milton Jones,36
e7gmb9hv,Michael Heseltine,36
e55s64zb,Kym Marsh,34
w0tesu4r,Melvin Odoom,34
mv45j6sp,Aimi Macdonald,34
1qottrm5,Matthew Parris,33
krr31jnw,Margaret Cabourn-Smith,30
s8svsmxd,Kevin McHale,30
66ftg5eh,Micky Flanagan,30
nimfuofw,Piers Morgan,30
rh8pcjot,Michael Legge,28
ojvlidqa,Melanie Phillips,28
yp8wx8lv,Margaret Beckett,28
u59d9hld,Meshel Laurie,28
fjmdy94k,Theresa May,26
rnomjgve,Stan McMurtry,25
iaig1f4n,Seán Moncrieff,24
m04mxaqq,Miles Kington,24
k93v11rq,Malcolm Turnbull,22
17ti1bqt,Neil Morrissey,22
6e7lc2kv,Michael Howard,22
z2hsca0r,Bob Mills,22
eyxy68yo,Mel Giedroyc,21
9zf37hru,Michael Ancram,21
yeh4puca,Richard Madeley,21
h6a1vk7h,Davina McCall,21
9glurh4i,Michael Ball,21
l2q1tl1a,Michael McIntyre,21
92eoqkw9,Martin Clunes,21
pjtdx9pa,Malcolm Rifkind,21
t1g5imsm,Ben Miller,21
varfhn88,Melanie Chisholm,20
h4gg3w6e,Mo Mowlam,20
f1fcqxeb,Olly Murs,19
qpkg24gj,Francis Maude,19
ddjel2cn,Sinitta Renet Malone,19
901hnjke,Julia McKenzie,19
o4fbyyft,Martin Palmer,19
dj4ku6q6,Carole Malone,18
smrcieap,Meera Syal,17
piwswmnc,James Martin,17
oh5t3gue,Max Hastings,16
cq066ct3,Malcolm Bruce,16
rch55ua7,David Morgan,16
ciotpq86,Michael Winner,16
svybf7h5,Matthew Kelly,16
79obsaor,Melanie Brown,16
bc3u96ne,Michelle Collins,16
8emy3bhw,Alfred Marks,15
5b5you5n,Alistair McGowan,15
esgkckbg,Roy Marsden,15
n6jxkaze,Aston Merrygold,15
xlgrf8k6,Mary Beard,15
8w3kscjw,Michael Portillo,15
mavv4num,Pauline McLynn,15
y6q6age4,Martin Kemp,15
dzo497jr,Bel Mooney,14
8yzvrdz1,John Mullan,14
08tkx8oo,Justin Moorhouse,14
8o9jj5k0,Kelvin Mackenzie,14
kmyp8w7m,Mark Foster,14
1j2etpps,Mark Oaten,13
vde7eb2x,Patrick Moore,13
avkx46b3,Matthew Taylor,13
jk0ps32l,Keir McAllister,13
jtg3aaiw,Will Mellor,13
9eryfoe9,Maria McErlane,13
bq8uxugp,Marcus du Sautoy,13
r9bda0m5,Melanie Sykes,13
l1haa0fh,Paul McKenna,13
4yuzqr39,Barry McGuigan,12
fd20txk7,Sophie Mirabella,12
76pb75u2,Jayne Middlemiss,12
02265fdx,Neil Mullarkey,12
roo1tkll,Miranda Hart,12
qba5q8df,Charles Moore,12
fr4v1cne,Michael Gove,12
b4tqw6qa,Michael Trubshawe,12
ksmusoei,Marvin Humes,12
yktjchgt,David Mellor,12
i1yg0grk,Julian Morrow,12
0n7u0v5v,Mary Ann Sieghart,12
remjgzbd,Brian McFadden,11
2rqe3mjg,Michael Meacher,11
7mbp1acw,Martine McCutcheon,11
0qb7ja28,Bobby Mair,11
093pchej,Tim Minchin,11
1hol02h9,Al Murray,11
v56md8i1,Chris Moyles,11
vt9dhnby,Margaret Hodge,11
47mqqoj6,Douglas Murray,11
wehf1u3g,Sue MacGregor,11
1czc9u31,Trevor McDonald,11
ss7hmg2h,Michelle Keegan,10
qwrviibp,Stuart Mitchell,10
yp9xh4jm,Michael Vaughan,10
pv69o25n,Christine Milne,10
3gvxthgp,David Marr,10
jz3ece1v,Virginia McKenna,10
x3d6eksi,Matthew Hoggard,10
zg2r71m5,Miri Rubin,10
07j1v5ma,Deborah Meaden,10
uoz7sa5j,Martin Young,10
msp9fnoc,Mollie King,10
1ikeux91,Liz McClarnon,10
kyon4aes,Ian McKellen,9
8jf8izcs,Jay McGuiness,9
g9cg0zf1,Moira Stuart,9
u1lcnihj,Ian McMillan,9
20n8yrix,Stephen Mulhern,9
txkteu16,Mehdi Hasan,9
p5o3ewu6,Jean Marsh,9
v3nvchyi,David Miliband,9
ok9x3a0m,David Myers,9
i1ejoqvo,Ali McGregor,9
5oz23st1,Michael Moore,9
xqyu11nw,Mark Wright,9
feclvbwc,Huey Morgan,9
gxwqxw5h,Diarmaid MacCulloch,9
q1vghuhp,Matthew Crosby,9
ror0r2ic,Monica Grady,9
pqbxpcg0,Donal MacIntyre,9
xea0266m,Professor Sir Martin Rees,9
vg2subi3,Margaret Howard,9
844p5ckr,Mark Steyn,9
jher72f3,Donald MacCormick,9
ynebho4z,Michael Bolton,9
mufqhf8i,Miriam Margolyes,8
txyiz2ew,Peter Mandelson,8
wxx9gw0q,Matt Le Tissier,8
6zq865uy,Max George,8
3nar73wn,Mark Butler,8
iwahvzcu,Anthony McPartlin,8
3s464axt,Richard Murdoch,8
ac30skvr,Matt Richardson,8
0o8pm2dm,Mark Little,8
3tu4pgz5,Michelle Heaton,8
9t6ybgjg,John MacGregor,8
qpdwowmo,Matthew Pinsent,8
u7mr71w4,Marian Keyes,8
morrcnrv,Cliff Michelmore,8
si97alm2,Matt Forde,8
njsnmzuj,Jennie McAlpine,8
k8rrlj2r,Gareth Malone,8
1odhk9ia,James Morrison,8
vw86rfn8,Miriam Stoppard,8
te3f8qvy,Stephen Mulhall,7
dmybflxk,Shaun Murphy,7
rlzqa2sb,Marjorie Proops,7
wlfdes2j,Martin Jarvis,7
0ue0n0fz,Melissa Lane,7
ojakrkc0,Mica Paris,7
6hf6p78p,Michael Bywater,7
6rlxoltf,Spencer Matthews,7
gaohfg7y,Cerys Matthews,7
ffa29no9,Meat Loaf,7
sl96n630,Roger Moore,7
6tfzred0,Nick Minchin,7
sonsfojh,Tina Malone,7
lzmsd9xx,Anne McElvoy,7
08wbbt0y,Margaret Ewing,7
0z7h47ea,Mark Webber,7
m47lcer6,Mick Hucknall,7
jqsxalo1,Michelle Gayle,7
ijwgmst7,Martin Offiah,7
pkg8d83q,Grahame Morris,7
isltu0lf,Colin McAllister,7
xbetbo24,Midge Ure,7
z03ulljx,Gigi Morley,7
p4xiya08,Stuart Maconie,7
38jm3gkl,Magnus Magnusson,7
10upw5g2,Stephen McGann,6
a6h4phid,Joe McElderry,6
xfir9m27,Val McDermid,6
16spponm,Mike Catt,6
c918shr7,Muriel Gray,6
81ugeqif,Mike Harding,6
opyxlgtj,Estelle Morris,6
dah3yi4z,Mick Fitzgerald,6
m2zbdyt4,Sheridan Morley,6
1es4qv40,Brian Mannix,6
qrwvg9xr,Ted Moult,6
a68voicf,Ed Miliband,6
bfjoov6z,Matt Holland,6
p3fyjgpy,Tony McCoy,6
tmaz1jbw,Michael Owen,6
m2k80giu,Scott Mills,6
k56f1us9,Diane Morgan,6
x1t6rw8r,Mark Feehily,6
k4lp8fgq,Francesca Martinez,6
3khv17zk,Katie Melua,6
un6vd6ig,Rhodri Morgan,6
ekoy1sh7,Mark Selby,6
l2dqzpcr,Aggie MacKenzie,6
yb89y7b7,Miriam Lyons,6
b75563n9,Scott Morrison,6
k4k7iahx,Kevin McNally,6
0obrqdke,John Michie,6
8a36366i,Matt Cardle,6
rs4jtmvg,Matt Willis,6
4fardcxu,Mark Nelson,6
b6qa9ttg,Murray Cook,6
x4q6e82f,Helen Mary Jones,6
yj62lxxr,Dean Macey,6
m1s10b9e,Mark Butcher,6
t5fibef6,Oonagh MacDonald,6
5kpnmpqk,Jean Metcalfe,6
i7ioluwu,Paul Murdin,5
306w9rz5,Mark Hodge,5
u14gkpqa,Miranda Richardson,5
kc5nwoku,Amy Macdonald,5
jbnofssc,Michael Underwood,5
5a6bazms,Paul McGinley,5
h05d7vbw,Mike Wilmot,5
u8taz6ci,Michael Buerk,5
nmh64tnz,John Maples,5
aggd0zs6,Marti Pellow,5
v4raukm8,Christian Malcolm,5
9vtmj1ku,Rana Mitter,5
74l6lidg,Michael Johnson,5
lwa0lphd,Michael Gambon,5
7bsa04wv,Mariella Frostrup,5
cy7pwrvj,Judy Murray,5
4c6jjcpj,Michael Deacon,5
15l4ibmf,Maria Wyke,5
3s0jpbeh,Peter Millican,5
8o9m0n2g,Katharine Merry,5
mxy2j7lv,Sharon Maughan,5
vf1rs7lt,Maria Misra,5
33mweijx,Michael Forsyth,5
3tp1u73b,Mark Durkan,5
b2bsa0wo,Helen Mirren,5
j3mtpq27,Nicky Morgan,5
fyy92zqv,Elizabeth Ann Macgregor,5
kr4af4xd,Lee Mead,5
0zpocn43,Tony McNulty,5
zt7vc25z,John McCririck,5
lqfy5kwx,James May,5
9xbydx8d,Michael Grade,5
cu9um9uh,Gillian McKeith,5
o9jir3ao,Georgia May Foote,5
fg7z6dmy,Martin McGuinness,5
5jltll60,Michael Flatley,5
tjvc7r70,Bob Marshall-Andrews,5
zpp19wmr,Jamie Murray,5
9v5nc3nl,Martin Freeman,5
yqczunvt,Matthew Norman,5
owqjp6fy,Moira Lister,5
2mqxofca,Adrian Moorhouse,5
gloprv19,Margaret Curran,5
o3fe5vva,Max Clifford,5
4t1s9l32,Michael Aspel,5
49wtlg4h,Mo Farah,5
bauvmblo,Christopher Meyer,5
nggrfceq,James McVey,5
7c9qtyew,Jimmy Mulville,5
ivbzkojs,Melinda Messenger,5
fkccgkqt,Mikey Robins,5
3nk74d3a,Matt Goss,5
e55jw3cn,Muriel Pavlow,5
0rtfor0y,Brian May,5
uaunb3ej,Martin Bell,5
zn67wy5u,Ken Morley,5
h598vrkj,Betty Marsden,5
c7er3krv,Ruth Madoc,5
hod0czb0,Conor Maynard,5
rt07odv5,Mary Berry,5
q3v0z084,Maxine McKew,5
6glium8v,Michael Craig,5
vcn2h4jp,Art Malik,5
ca8s3kcw,Minette Walters,4
bgdnurg6,Mary Peach,4
hhni5e7f,Hayley Mills,4
aygdq3sj,Paul Murphy,4
5jf5x98o,Paddy Mayhew,4
9fakf4bi,Michel Roux Jr,4
53a5fi3o,Marina Warner,4
sz5692ss,David Miller,4
37k3h1qw,Anna Massey,4
3ohpm0zm,Lawrence Mooney,4
uh5qozi6,Magnus Pyke,4
qjlxaabi,Luke McGregor,4
5rsja5l9,Frances Morrell,4
6ib1enk4,Donna McPhail,4
dulpbun8,Merlyn Rees,4
3pn5j8f0,Mary Kenny,4
u5iav6ro,Mary Portas,4
94jaxrap,Brian Mawhinney,4
n9ovujj6,Carlos Marín,4
mk6nodd6,Michael Dobbs,4
lk88d4c0,Mark Moraghan,4
n277qyqk,Murray Pittock,4
sjm7f9ij,Mark Owen,4
w833qwc0,Jason Merrells,4
i0oci9rv,Bob Monkhouse,4
1fbgw36g,Sheila McKechnie,4
0rpzyncz,Mark 'Bez' Berry,4
u2hxfkcd,Madeline Smith,4
bnra2kli,Jenny Meadows,4
frt8637f,Mark Ramprakash,4
vxxqvrec,AP McCoy,4
pxutyu3u,Robert Manne,4
j7gy4upj,Mark Sheehan,4
nj1xfbru,Mark Littlewood,4
ynj11yuw,Michael Starke,4
i9f11s3i,Kay Mellor,4
780qxp6u,George Monbiot,4
bddarusv,Miranda Fricker,4
f7iyqe7m,Brenda Maddox,4
nhblgr6c,Alannah MacTiernan,4
05t0l33m,The Marchioness of Tavistock,4
nyuwr3wk,Malcolm Bowie,4
87s2fio2,Mike O'Brien,4
r1xa64aa,Michael Jayston,4
gxzmmwj9,Billy Murray,4
svaewd6b,Frank Middlemass,4
6xpqlg9t,Louise Mensch,4
le5h0grn,Diana Maddock,4
t1wek9g2,Mike McShane,4
of0bddxf,Simon Conway Morris,4
oof2ol6p,Mathew Horne,4
jewc9cql,Matthew Hancock,4
y0gmgfou,Jenni Murray,4
tse5m70b,Ciaran Madden,4
5ws34mfz,Martina Navratilova,4
9dthpqjv,Math Priest,4
f4t4v7cz,Alun Michael,4
lv6mv9ki,Francis Matthews,4
nqc51djg,Mark Dreyfus,4
bbdmlk63,Michael Christie,4
4ldj3xlq,Mary Creagh,4
cov371ub,John Moore,4
22g1tbul,Mark Durden-Smith,4
2nkh8m8e,James Maxwell,4
6towfby3,Ana Matronic,4
obpah4ad,Alan Moore,4
aldjfyxk,Marion Montgomery,4
4gbu5var,Martin Shaw,4
t1z4mq4g,Sara Morrison,4
6b2pm1dz,Sally Magnusson,4
oqodh3po,Marcia Langton,4
j7f9ybew,Ian Messiter,4
nigw9t2i,Tony Martin,4
6iq3yg70,Michael Foot,4
ori2k6z5,Michelle Williams,4
p3f5mhpj,Denis MacShane,4
keb2dqp7,Max Beesley,3
onlx99fw,Spike Milligan,3
7j1ggbhy,Mark Bright,3
48i72pmx,Mark Ronson,3
dlmpr4pg,Macy Gray,3
ab1wcc46,Andrew Motion,3
b6ra1sbg,Michael Meadowcroft,3
tbtvs9t6,Mark Franks,3
b21yjduj,Matthew Strickland,3
trfdqopa,Natasha Marsh,3
hgnl32al,James Montgomery,3
izorqdnj,Michael Le Vell,3
o9l2l0q5,Mani,3
pimrh2v7,Matthew Wolfenden,3
9g0pru9e,Tara Moss,3
6h6f2xwv,Michela Massimi,3
c8cdtu81,Bill Morris,3
8md1kvx5,Sharon Marshall,3
q1zjks6p,Mark Cueto,3
sozqjugn,Debbie McGee,3
4gmtfav5,Julia Morris,3
x2bpkr7x,Mike Read,3
i9pfkqcj,Margi Clarke,3
jogtj9n8,Mark Latham,3
lca3hjnh,Mike Carlton,3
5cwiwwhl,Mark Thomas,3
k50ysuy2,Barbara Murray,3
kv408so7,Mark Chapman,3
fw4sb8cq,Marlon Devonish,3
55t7lvnk,Kate Miller-Heidke,3
65ywqt1f,Mark Serwotka,3
mxgmul33,Monty Panesar,3
sgbvuwre,Margo MacDonald,3
b7o4538l,Miriam Karlin,3
era628rk,Mark Lawrenson,3
ojfbqyfa,John Major,3
c59yau32,Mark Arbib,3
we1knq6e,Stephen Mayne,3
zsef8te9,Simon Middleton,3
6rlecg39,Matthew Wright,3
v5bvhhkh,Lawrence M. Krauss,3
dm76ow2z,Mary Archer,3
cqyb62so,Matthew Stevens,3
vdflmzoy,Ferne McCann,3
8o3xysdx,Robert McKenzie,3
ei66de8g,Marcella Detroit,3
47nh0f57,Melinda Tankard Reist,3
c2vhg8wt,Monty Finniston,3
naf7kby8,Jack Monroe,3
1f8l0y46,Andrew Marr,3
sbidupzr,Michael Pattemore,3
pd3rv75e,Esther McVey,3
5sexl1cn,Har Mar Superstar,3
o26isgvb,Warren Mitchell,3
47awfknp,Michael Nazir-Ali,3
s0z7u2t3,Sally Morgan,3
ttmi9cj2,Michael Brandon,3
jxaj9qi3,Matthew Oakeshott,3
bmk3s74y,Jodie Marsh,3
qp0qe0du,Martel Maxwell,3
2jmu4cle,Maureen Nolan,3
d3eqyiwg,Philip Martin Brown,3
d4u0coor,Michael Parkinson,3
xtbvbahz,Eddie Mair,3
0j9hevdm,Michael Jamieson,3
2czgxtm7,Max Boyce,3
zefbggvg,Matthew Cobb,3
ksvaryj6,Dermot Murnaghan,3
780rrh5u,Nell McAndrew,3
6vj86zup,Tania Major,3
mgn3ldtd,Robert McCartney,3
zqqyqu60,Colin Murphy,3
z1isduuo,Marc Warren,3
zh4q4zb0,Emily Macfarquhar,3
i860bxae,Jacqueline MacKenzie,3
128p2hhc,Maajid Nawaz,3
3eln90v3,Patrick Mower,3
b1w1ckko,Mark Rhodes,3
8y15e5vi,Mungo MacCallum,3
bfdiac63,Richard Marles,3
0n7lkvyl,Mikey North,3
8wdeu4ke,John Moloney,3
011wp6lg,Michael Mansfield,3
7ib8rk7e,Michael Brown,3
pk55t33m,Gerald Malone,3
6pw4l4sx,Simon Munnery,3
43n5nhdl,George Melly,3
zgap0u93,Mary Warnock,3
fwdtgujt,Kevin Maguire,3
1mm9z42d,Michael Keenan,3
0ifd64rt,Sean Maguire,3
wxy7nj7d,Victoria Mather,3
etsxk94w,Ann Morrish,3
vdequf5v,Sir Michael Howard,3
lmassjua,Mike Broers,3
wznerkya,Michael Hordern,3
h91ix264,Gary McAllister,3
f4yatclo,Ray Michie,3
qdoz6fiy,Martin Conway,3
v7e0ocwt,Cecilia Marquis,3
1askqwfm,Madsen Pirie,3
sphlzl1x,Nick Moran,3
81o640wk,Andy Murray,3
z9jpoczk,Dermot Morgan,3
gpsx8nvn,Peter Mandler,3
1q8hz69u,Christopher Maloney,3
t0fwith0,Ray Martin,3
1dpytsrq,Danny Miller,3
8g0l4zvf,Monty Don,3
54clp8vi,Jennifer Metcalfe,3
eowc1wa6,Matthew Stiff,3
34trx0zf,Iwan Morus,3
j5oenq7m,Timmy Matley,3
jy005qm0,Raymond Mearns,3
qhewh34w,Brian Moore,3
n12lf6h4,Zayn Malik,3
t5sm17su,Mike Crawshaw,3
6yb5szhf,Margaret Jay,3
q2l8ck4k,Roisin Murphy,3
2uv9afev,Nick Matthew,3
unq73u37,Michael Wood,3
t5j276bx,Ken Maginnis,3
qgfhmuyj,Ugo Monye,3
f9zchx62,Michael Billington,3
8m30q69n,Maggie Clay,3
pizqb1t3,Tony Mortimer,3
fe7kvshd,Jacqueline Maley,3
bjh4kl4e,Mike Tindall,3
f5nifco5,Mark Gatiss,3
63w0htwy,Bette Midler,3
de1s3mno,Tessa Munt,3
2vjltejc,Rosie Millard,3
plkfp2d2,Eve Myles,3
b9v4p3hu,Matthew Morrison,3
s0w84vcm,Todd McKenney,2
nenciddp,Maria Miller,2
5k5492r8,Alec McCowen,2
2v2jcqlj,George Martin,2
0ne4ud1w,Jonathan Miller,2
41sqgpzv,Juliet Morris,2
7zsjluz6,Peter McKay,2
jdaeptxr,Richard Morton,2
wms8vf0i,Martha Lane Fox,2
amr5u0ii,Mark-Francis Vandelli,2
hmwe2dnm,Michael Stutchbury,2
5huiaobk,Lisa McCune,2
17epvoyn,Andrew Mehrtens,2
bd5o32h0,Charles Melville,2
2od0i40t,Pete Murray,2
k8rdsmxk,Eve Matheson,2
7jhicm3z,Marc Bannerman,2
n0pmg0m2,Mary Duff,2
pmc9ibfv,Sarrah Le Marquand,2
jfzk1ndr,Dannii Minogue,2
dafa5vts,Henry McLeish,2
zu53qao7,Andrew Mendelsohn,2
se3yyz3d,Daisy McAndrew,2
974io088,Moira Anderson,2
o7ytr7qh,Mark Woolmer,2
bbx1yv1w,Michael Hunter,2
5t5xfilp,Brian Molko,2
4iy3lc9f,Mike Benton,2
yq79z02c,Benni McCarthy,2
r2pz0zy0,Michelle Mone,2
j8jg2xex,Mark Elder,2
kp38l2in,Matt Littler,2
geyv59m7,Jade Macrae,2
9t9qvxxj,Christopher Mayhew,2
06dil29e,Alexander Murray,2
i5c7dm12,Alison Mitchell,2
9ep34gxe,Michael Bates,2
r6d6prk5,Mick McCarthy,2
jw6y3o14,Neil McIntosh,2
2uakmne6,Michael Mates,2
qiro2zno,Roger McGough,2
0zuer029,Mark James,2
ncy7fptj,Moray MacLennan,2
a1xljuq1,Robert Maclennan,2
6zrk0iyg,Warren Mundine,2
cb2bilpi,Milton Shulman,2
potst3ir,Mark Hurst,2
koj412xj,Marc Roche,2
s9y8mwto,Nina Myskow,2
pvzzpp3b,Pete McCarthy,2
s6woneoi,Carol Michaelson,2
is9etccp,Lewi Morgan,2
ulog4ysh,John McDonnell,2
1ylfx7r5,Hannah Miley,2
w2y87us0,Lara Mulcahy,2
91ohg2xa,Ray Monk,2
a02rr378,Nigel Martyn,2
emun4q19,Mary Byrne,2
7pvjzcv5,Magne Furuholmen,2
l310k14v,Madonna King,2
v4ogjss8,Michael Culver,2
4qe4jx7o,George Michael,2
0bd1lc7r,Miroslav Volf,2
b43xi2bb,Susan Masham,2
ihjgwfeu,Martin Brundle,2
62e9u1bl,Matt Allwright,2
23n5qik6,Dave Myers,2
br7sc6e7,John Motson,2
jvj7w1eq,Michael Heath,2
xl8u2zq1,Meg Wynn Owen,2
kx0lljyo,Colin Montgomerie,2
y8xstllx,Daniel Merriweather,2
qhmu4l7d,Matthew Rhys,2
4gmn6nm2,Mandi Norwood,2
q4eeninj,Michael Lyster,2
tiknth22,Mark Lawson,2
hx0d2hix,Merryn Somerset Webb,2
rjdpi477,Marion Roe,2
2xrkzhim,Melanie Hill,2
r7kdyr5q,Bryan Marshall,2
mckccxvy,Dale Meeks,2
cr1psboa,Glen Matlock,2
yofsmw4c,Margaret Reynolds,2
polu2cpd,Patrick McLoughlin,2
y4raab2o,Martin Sorrell,2
avwlc80b,Patrick McGorry,2
8tks1a4u,Maria Aitken,2
zlulz6q7,Michelle Brown,2
qufi6yl6,Martin Jackson,2
mk8d3j70,Patricia McKenna,2
qypasjmy,Maggie Fitzgibbon,2
c3qmojjl,David McLetchie,2
1heek44k,Maverick Sabre,2
trkqqxyl,Michele Brown,2
swwzd8xa,Jesse Metcalfe,2
bvn8n073,Mitchel McLaughlin,2
ht361pco,Kate Miller-Heidke,2
rd3r32y0,Sheila Masters,2
czqmwa8c,Martha Wainwright,2
apza4ey0,Rove McManus,2
t3zay4al,David Montgomery,2
oe5nvaul,Morag Hood,2
gc8l66nu,Mona Eltahawy,2
bsjnft3j,Martyn Williams,2
bqtlho0f,Mark Williams,2
7wbt0iwn,Dr Juliet Mitchell,2
e0eqktho,Minette Marrin,2
oxnsxgqw,Marie Helvin,2
71wn2mfk,Margaret Wertheim,2
swykiuoa,David Marquand,2
bhe3dzee,Margaret Tyzack,2
llh71rff,Myvanwy Jenn,2
g40hapw8,Russell Morris,2
fx6xzv8w,Martin Lee,2
yc7nofzd,Simon Mayo,2
5t32fb80,Lisa Maffia,2
a3yrbnid,Mark Lewis-Francis,2
uywl4j3j,Donny MacLeod,2
pe17vfgv,Jimi Mistry,2
glmiswfc,Michael Clanchy,2
a8faw2uo,Michael Birkett,2
qct94owx,Rob Mills,2
j30c2yg8,David Moyes,2
c4r16eo4,Mark Curry,2
vfp19gzy,Matthew Tyler,2
t0hegz54,Jon McClure,2
nzhktfk8,Eleanor Morton,2
t6l61q9c,Matthew Nicholls,2
a1l03jv5,William Mervyn,2
r0n2b13m,Jeremy McConnell,2
hwwd9gux,Geraldine McEwan,2
m1y9uq6w,Patrick Monahan,2
un1a6f27,Martin Wainwright,2
9ny78n77,Gemma Merna,2
q45mcbk5,Andrew Mitchell,2
y4hil94p,Matt Pagan,2
80jyti3m,Mary Holland,2
j0hjhw8y,Jonathan Maitland,2
jdtmfojp,Aoife McLysaght,2
xfe4133h,Patricia Mann,2
e8nen8m1,Jean Millar,2
46btcpsr,Michael Sheen,2
vdskqktp,Max Mosley,2
8kod10n4,McDonald Hobley,2
tp9yddfi,Martin Fry,2
wb37jn4j,Bronwen Maddox,2
o3jicobn,Maeve Sherlock,2
plmr78y9,Ivan Massow,2
a6blg4n9,Len McCluskey,2
nxmcxavs,Mario Cantone,2
cf3mg818,Marcus Collins,2
v7ukxgkk,Mona Siddiqui,2
qr65cwle,Michael Brunson,2
cidt4r9q,Michael Greco,2
1880gatp,Seamus Mallon,2
c2kto6n1,William McInnes,2
ofe55kor,Diana Madill,2
r6ub1ela,Gaizka Mendieta,2
dsku5zn5,Tom Morgan,2
pwaionsb,Anne Minto,2
69695qyx,Michael Holding,2
6yhy0l4d,Marina Prior,2
j9fxjr8v,Martina Cole,2
h66fqbxb,Mark Olver,2
laic55wy,Michael Palin,2
j6gadhuy,Suzanne Moore,2
avh5323d,Sir Michael Gambon,2
5hrdv9u1,Colin Morris,2
8yrqu9k5,Danny Mills,2
wd7qtkqt,Miranda Devine,2
d903piw2,Millie Mackintosh,2
oou6shqg,Jim McLaverty,2
msp9cxuu,Dee Madigan,2
e2ii59g0,Rory McIlroy,2
1l6yikyd,Elaine Malcolmson,2
0sgr08vw,John Mortimer,2
i58x5ye2,Matthew Innes,2
belto10y,Morten Harket,2
eef3w7zy,Chris Mullin,2
wx1d4frs,Magda Szubanski,2
scwzrb3v,Michael Wilding,2
2rpq1i7h,Matt Burke,2
03xs57rm,Imelda May,2
tul04fhf,Doon Mackichan,2
iq8jwacf,George McEncroe,2
rrd1l9rs,Martha Reeves,2
e1ggc07c,Matt Lapinskas,2
jbdy0xsv,Fulton MacKay,2
kkbq2tzi,Mark Carnegie,2
622ta6xk,Dr Miriam Stoppard,2
l1y3fyne,Malcolm Fraser,2
kownz0nd,Merle Park,2
ueiocdpd,Martin Amis,2
z9jn3cfe,Melanie Blatt,2
rp5v7ia9,Michael Jackson,2
o5a8ujne,Michael Crick,2
rhptmpt9,A.J. McLean,2
6nk4lu09,Rosalind Miles,2
7zxvsp4x,Tricia Madden,2
52zp74ue,Allan McNish,2
2qzhj4vf,Myra Blyth,2
u7mq3jp5,Matt Taylor,2
3ky580ul,Michael Auger,2
z46aexdz,Laura Marcus,2
5ba5mvuh,Marjorie Thompson,2
bq0y1l5m,Geordan Murphy,2
38gcv4rg,Michael Bentine,2
88n1ztz2,Mia Freedman,2
wxxteg6d,Margot James,2
97mmi9fh,Gillian Miles,2
463ae6c5,Margaret Sharp,2
jm7ncx6n,Terry Marsland,2
e284wgk1,Mark Harper,2
i4mdzl8r,Anthony Morgan,2
n3ouxzf3,Morwenna Banks,2
yg6vx4wb,Tim Melville-Ross,2
gsl7kii2,Matt Edmondson,2
a0th7zn0,Nick Miles,2
p17phc29,Mark Coleridge,2
ob6slnua,Mikey Graham,2
moghxdmd,Jim Murphy,2
34qt4dki,Chloe Madeley,2
17r5s4fp,Michelle Hardwick,2
f7apmq2d,Tony Maudsley,2
44z8a9ue,Lewis Moody,2
e3awkgee,Mason McQueen,2
wzqlxnsw,Mitch Winehouse,2
smzy5so2,Leslie McKeown,2
0yzujz71,Martyn Young,2
0sbqqe18,Michelle McManus,2
s4en39z6,Miranda Aldhouse-Green,2
drc679ad,Maggie Philbin,2
7utgb0e6,Laila Morse,2
ibvlxlt8,Martin Corry,2
v73uovm5,Martin Lewis,2
7dpt5ez7,Christopher Matthew,2
71hqlc6t,Mutya Buena,2
jzdg5d3s,Jenny Morris,2
9l9cjwuw,Kate Marlow,2
itnm05bb,Mark Reckless,2
os52dzm1,Rosie Marcel,2
kgbkeuus,Margaret Kean,2
9l1a7bri,John Monks,2
hvn5529g,Matt Hales,2
dfur39gn,Martha Kearney,2
fsbcfkan,Micky Dolenz,2
47g1gsc2,Marina Lambrini Diamandis,1
jk7ydk87,Stephen de Martin,1
q4wbtiij,Steve McFadden,1
imwan95v,Mikey Green,1
3f47131p,Joe McGann,1
0m9zxrwr,Jennifer Marohasy,1
nna0drvg,Dan Maier,1
v5f0vzgz,Monica Irimia,1
h0b89qu6,Jeff McMullen,1
3xsrtq9o,Sandy Millar,1
zpiewyx7,Michael Jones,1
twfm5lmc,Beverly Malone,1
arvzviul,Madonna King,1
cwknid57,Matthew Bennett,1
8ihebvh9,Mary MacLeod,1
474bq936,Elizabeth Meehan,1
ynzuv717,Justin Marshall,1
6o91a0kc,Marina Benjamin,1
ggtxkomj,Mahinda Deagallee,1
na06ykn6,Michael McKell,1
cwhdzk00,Margaret Clay,1
py6lf095,Joel Morris,1
rhqvx2gh,Professor Michael Ruse,1
5fzd4x2o,Luke Marsden,1
c1qm0g1m,James Mawdsley,1
fnq5i3hn,Minnie Driver,1
1fg52cf0,Margaret Shaw,1
faouclkx,Dave McCormack,1
mtvgh4eu,Harold Mitchell,1
2j6hm1m6,Mark Wahlberg,1
guxb1dg4,Jenny Marra,1
yirk5309,Michele Levine,1
47yah3vz,Steve Mallinder,1
vimmz144,Mark Evans,1
itqk60d7,Marion Gibson,1
61tyx48e,Chinyere McKenzie,1
w725nxlq,Samantha Murray,1
byzaakeo,Helen McCabe,1
eazhigct,Margaret Prosser,1
ihy0zcq0,Niall Madden,1
naiskt2q,Michelle Barber,1
vl4c2uae,Sharon Millerchip,1
u782j8e3,Martin Chambers,1
0inksnn6,Nicholas McCarthy,1
0oi0splz,Andrea Mason,1
uonubz02,Michael Fraser,1
tlc6lx3r,Emily Maitlis,1
u2t8zwhx,Matthew Restall,1
25jon86m,Michelle Gomez,1
x57e65ii,Annie MacManus,1
axm3u0jg,Marcus Westbury,1
txsiy8sj,Anjula Mutanda,1
5jy3jgna,Meg Johnson,1
crwouf4n,Malcolm Barber,1
2uyku25h,Matt Bowman,1
bf7acbeo,Vanessa Mae,1
b98iozeq,Dr Mary Kaldor,1
ymrutio8,Miriam Griffin,1
du5uqnof,Michael Cunningham,1
hul1rsnl,Kate Maltby,1
knljn29k,Margaret Roadnight,1
5rv8u7s4,Robert M. Rey,1
gjz0dmxh,Mickey Rourke,1
j5fksstu,Marianne O'Doherty,1
o3gz58x4,Matthew Meschery,1
9296eef4,William Morris,1
cjo62qsp,Mark Sutton,1
qnytelqi,Mark Mardell,1
isaycb8h,Katherine Mullin,1
4o7akt6y,Tim Morris,1
54zp8g70,Mary Ann Lund,1
javgshpm,Ralph McConaghy,1
0kw37iqk,Iain Macwhirter,1
xgn13icc,Ewen MacIntosh,1
l1cchu89,Chris Martin,1
pz90a4x0,Mia Rodriguez-Salgado,1
d6mpf7vy,Michael Mander,1
0dbnv9z1,Jake Maskall,1
bcujzcbs,Dr Erica McAlister,1
ryzkueld,Michael Kirby,1
s0osjd9m,Nick McKim,1
dt0qsbs0,David Moore,1
ffmyg9nj,Michael Campbell,1
i235mph8,Marion Gluck,1
wr7saway,Moss Evans,1
mc4ctplg,Jim Molan,1
atwk9hjo,Zoe Coombs Marr,1
x9gf6c8h,Shabana Mahmood,1
gx5c3vc5,Monica Galetti,1
k4b45gi4,MyAnna Buring,1
2f65k4ur,Joey McIntyre,1
covw1bmy,Mara Carlyle,1
5uv8mg67,Jack McManus,1
vbfhhnyp,Anne McKenzie,1
o8qxuli1,Jenny McAllister,1
60s1obv7,Marty Rhone,1
wr537v3n,Lucy Mangan,1
llss2qyg,Sean Meo,1
9b2un0yq,Matt Pollard,1
l44f2xsg,Emmy-Kate Montrose,1
f9gudd8r,Andy McCluskey,1
p042h3ph,John Murrell,1
zu8lmnte,Mark Solms,1
e1wgsxsa,Chris Minkowski,1
tpewttxu,Mark Buchanan,1
dk7t3ns6,MC Azmarino,1
bdlf4eaz,Bill McKibben,1
186hjih8,Miranda Sawyer,1
v9jevga7,Maria Killoran,1
ophfv4gm,Timmy Murphy,1
ybeft8tn,Mick Norcross,1
4krx91ii,Michael Cashman,1
pgs7qbn1,Bill Mackenzie,1
lwhxl6bu,Lucy Mecklenburgh,1
752nik34,Martin Ivor Kent,1
tznd49kp,Merrill Osmond,1
5b3gkmum,Scott Mandelbrote,1
ji4cyl5r,Ian McLagan,1
yztm3drm,Michael Russell,1
ryzkzske,Edwin Moses,1
4rhwq363,Trevor MacDonald,1
vnpyzg64,Jamali Maddix,1
zhe92ejy,Mary Gauthier,1
hwioy3eu,Eric McCormack,1
qb0p2iq8,Laurence Martin,1
glsoi8pm,Mickey Hutton,1
3ex2raxo,Sam Moran,1
ip6lxyl3,Patrick Meaney,1
7qu3jl9h,Drew Middleton,1
wscz4jrg,Merrick Watts,1
t7i9ahds,Mitch Hewer,1
alh81s4g,Miranda Tapsell,1
5lqqvbeq,Margaret Wingfield,1
f03vimxn,Jeremy Marou,1
jhiksyj5,Martyn Gregory,1
zm85njkx,Tom McNally,1
aeh39knz,Alex Mytton,1
0e3d2t3z,Matt Thistlethwaite,1
hxfhj2pd,Roderick McKay,1
rfqe7u54,Anne Murphy,1
eih92xdd,Marc Abrahams,1
o8j1m38e,Mark Furze,1
tdxjllwq,Michael Hoeckelmann,1
qw96vf7q,Toby Moore,1
v302pjy8,Felicity Montagu,1
daz2v3h7,Mina Anwar,1
vo8xla39,Mette Lindberg,1
h0xha67k,Doreen Massey,1
12vn5pvm,Nicola Minichiello,1
mwq6gyw4,Philip Maurice Davis,1
5l4yynqm,Maeve Higgins,1
wypax4zt,Reg Maxwell,1
9j6f5xl9,Professor Martin Ward,1
ra7b11lq,Diane Youdale Mayhew,1
trglvodx,Manal Younus,1
hshzmhrx,Inez McCormack,1
dattz2tt,Tristan MacManus,1
djdmymiw,Alex McLeish,1
3u4lg1s4,Michael McDonald,1
3dlq4x1k,Mel Gaynor,1
r7z4vd2f,Nichola McAuliffe,1
nftn18wm,Mark Seddon,1
nhm17a8j,Alan Millard,1
zpkumxkn,Alex Massie,1
pvacqu0m,Michael Cole,1
d6pum7r6,Dreda Say Mitchell,1
l456o1y9,Martha Davis,1
6kur6asu,James McQuillan,1
421bi7jq,Kellie Maloney,1
vb65inad,Glenn McGrath,1
btudifdp,Marlon Davis,1
3o1idyn2,Emma Mason,1
qb1ygj4n,Kate Miller Heidke,1
0ckjxi9a,Michael Van Wijk,1
zm5gvvnt,Andy Martin,1
8463qs6h,Michelle Dewberry,1
s3vimelp,Melinda Schneider,1
yfwnpfni,Kate McClymont,1
k2nofmz1,David Mundell,1
zzuxzrf7,Andy Merry,1
2p59soyc,Michael Fabricant,1
0ihpxgcj,Marjorie Proofs,1
e0wg3hcc,General Sir Michael Rose,1
r563v2vd,Mary Mary,1
18em99nw,Michael Rowan-Robinson,1
1scasndo,Paul Marshall,1
q0jqxzqw,Malalai Joy,1
s3egcty7,Michael Fuller,1
4ick3y7d,Liza Minnelli,1
1garh2gm,Fiona May,1
4stdge9c,Michael Slater,1
gtwcb3t1,Mike Chapman,1
ehazr087,Maya Jupiter,1
s05k1k8n,Angie Le Mar,1
uv44ovnv,Malcolm Messiter,1
7sfl1qlb,Mohsin Hamid,1
fjuoquok,Matthew Crompton,1
fubq35z4,Penny Mordaunt,1
u12hcv14,Rob Moore,1
3szsjq6r,Arthur I. Miller,1
ezozarxk,Melissa Kite,1
zebl0zpn,Ann Mitchell,1
4wsg8qqh,Lorraine McIntosh,1
4ne5z47e,Mischa Schubert,1
6i57rbo1,Mark Simpkin,1
cdoe6bpy,Judy McKnight,1
3mybx01x,Stephen Maguire,1
1bsh4zjk,Matthew Fort,1
paz4k9d7,Melvyn Hayes,1
hf2fc757,Martyn Rooney,1
orqvqpzz,Mick Gooda,1
bcm0xyvu,Reg Mombassa,1
clamg0x3,Ben Mingay,1
qvt2rtx3,Danny McNamara,1
mnhhdmuw,Elizabeth McGovern,1
ljb4n0o5,Colin McRae,1
e3f2tprr,Becky Measures,1
v7pphz78,Samantha Morton,1
ja5nir70,Martin Brasier,1
5glerez5,Shazia Mirza,1
wnnahrcz,Mikyla Dodd,1
p00oe411,Mike Nolan,1
q7qrooia,Stephanie McIntosh,1
b7x7d0y6,Hank B. Marvin,1
ewkech9q,Steven Mithen,1
u6u5l9f2,Mikey Craig,1
m61hw3hu,David Morrison,1
qf3fwq5j,Eric Morley,1
n7gctx36,Nigel Marven,1
ejw56kt8,Dr Jonathan Miller,1
5m5jg1yu,Michael Fish,1
e3lf98hc,Marcus Chown,1
m5rakb3h,Frank McLynn,1
fisjz42g,Martin White,1
0p8nm867,Dennis Murray,1
3halkv6m,Michael Franti,1
bgv1m3tq,Sarfraz Manzoor,1
blat2id5,Cynthia Marsh,1
i5jfttf6,Alice McNamara,1
jwupundz,Julie McCrossin,1
t92fwrgs,Margaret Hillenbrand,1
be0ei7j6,Marek Larwood,1
nvt2dpgl,Mark Greengrass,1
z66x7pe5,Mavis Nicholson,1
ndn7up43,Courtney Murphy,1
i68os7qu,Jim Mortimer,1
0i24qi3k,Grainne Maguire,1
8c96tumj,Matt Di Angelo,1
7f1630la,Michael Spence,1
hktbihuo,Michelle Foster,1
85s5vl18,Matthew Healy,1
bx18p6wf,Matt Lee,1
vqcjw9cx,Melody Thornton,1
uxsr6vlp,Michael Hirst,1
mmomy6t2,Teddy Mitchell,1
mg2k89mg,Paul Mason,1
zrca35on,Ian McEwan,1
b6vcdyqj,Greg McHugh,1
1d92qiv3,Mark Waugh,1
2k87daks,Fred McPherson,1
vh7mujd0,Professor Malcolm Bowie,1
f1ay7v5z,Peter MacKay,1
1am1d6xi,Jean Moorcroft Wilson,1
kcw8t7ec,Martin L. Evans,1
w2ptuosf,McFly,1
mn3bo3hd,Paul Marazzi,1
vr8lj3wv,Maik Taylor,1
7iwi8juo,Jackie Mason,1
n3ef43mi,Michaelia Cash,1
9uw4d5ri,Murray Walker,1
c3479dx8,Crispian Mills,1
iocz3cyq,Keith Murray,1
18y34yhr,Ma Tianjie,1
sm4fjzra,Maria Fowler,1
5w1mw8tg,George Megalogenis,1
snsmd5os,Darren Middleton,1
c1tq5tyu,Nyta Mann,1
wiosggme,Craig Mottram,1
zhs76smg,Michael Chamberlin,1
fj1cpur6,Wendy Mantle,1
p8znj81l,Federico Martone,1
7wt32nnw,Mike Brady,1
29hle4c4,Matt Hardy,1
i07jy7q1,Van McCann,1
6ydrhen0,Anne McCue,1
em9ddwah,Matthew Upson,1
8v44ffxs,Kim Marsh,1
g65lp7k5,Mark Morriss,1
huq5wkn0,Mary Orr,1
zw3m56o6,Mathew Tait,1
kg110cb6,Justin Moorhead,1
qgp5nij1,Mary Baker,1
zqx8ias0,Mary Ann Hobbs,1
5eylhqkq,Mary Wilson,1
9q0ylgp9,Mark Benton,1
5xx8iuyv,Clive Myrie,1
9rbp8h2e,Margaret Maden,1
yurv2y45,Miles Hunt,1
hqarq9r3,Mel Greig,1
8f9i0vos,Liz McColgan,1
vty3tg99,Michael Howe,1
ken9nqbv,Marie O'Riordan,1
ymx2cbdc,Angus Maude,1
wob3ppxy,Michael Kroger,1
mmdktypf,Michael Biercuk,1
95zqm746,Mr. Hudson,1
4wuyijzx,Mathew Bose,1
hq846fwm,Mike Glazer,1
5po5ilv3,Dambisa Moyo,1
oymxjpku,Matt Smith,1
fagpd1rq,Max Reloff,1
kadw2pvz,Neville Morley,1
zg3t1z0n,Margaret Joachim,1
xtds3625,Tom McRae,1
ivc0bqrv,Ruth Mackenzie,1
7s7iyup3,Ann Mallalieu,1
cy7xus8k,Michael Rosen,1
tfowvzzb,Mic Conway,1
jfp2iyox,Mike McLeish,1
jrqas7mh,Mike Peters,1
g3b3b4av,Monica Bradley,1
v1ihr0yr,Marion Harewood,1
j69q9kqo,Mark Goodier,1
g70r8uu1,Michael Fullilove,1
2ije7m8i,Jason Mraz,1
cwlcqzy4,Maroon 5,1
iepespf3,Neil McDermott,1
a6hmt1cz,Julien MacDonald Adler,1
ky5es2cv,Ian Mikardo,1
71gqkkcy,Malachi Cush,1
bnu5aht5,Kevin MacDonald,1
o65z9vgn,Marilyn Wann,1
ohhb0axg,John Methven,1
uje8ap0h,Lara McAllen,1
04mmagz0,Julia Middleton,1
75f2tpht,Michael Ignatieff,1
c9shf9oh,Winston McCall,1
vu4pl46r,Lesley Manville,1
l6eyfyg7,Jim Maxwell,1
u9p04kvr,Jo Malone,1
9uh1nyrb,Michael Douglas,1
x9z9rqx9,Ron Moody,1
7zvsjmvi,Eoin Morgan,1
9ufdpwa6,Alison Moyet,1
dwm94dt1,Marlon Jackson,1
kivil3l6,Mei Yan,1
mnxbo7id,Dr Mark Porter,1
oj9ci1v7,Mark Trevorrow,1
bmjnn2ss,Chip Monck,1
jwdwqkmp,Andrew Hunter Murray,1
1u5vhf4v,Jade McCrae,1
u9izisqa,Jacques Myard,1
8ifai3p6,Matt Ridley,1
c29n1k5b,Mary McAleese,1
ios7khum,Mark Vernon,1
zcvtnnwk,Malcolm Farr,1
m3bv9eup,Matt Baker,1
swyov7js,Megan Washington,1
9uo7ab5t,Mark Bouris,1
kjxzt1xc,Ron Merkel,1
dgdqu55z,John Milbank,1
kmasnkgq,Dr Michelle Brown,1
8j9j448d,Mark Richardson,1
4qhurha5,Martin Keown,1
2gku3ji5,Paul Merson,1
pn2nelg7,Michael Bublé,1
g76cx6kf,Millie Small,1
owr02bj2,Shahid Malik,1
icpa0lge,Kevin McKenna,1
02drg7ik,Susan Hardman Moore,1
c3zu4btn,Mohammad al-Massari,1
9ps5m40j,Roxanne McKee,1
r4i2vi2z,Chris McCormack,1
tfv7nt6x,Susan McFadden,1
msathfsc,Mark Addy,1
qir0g4zk,John Marsden,1
pn66tk0u,Adam Mosley,1
67x858lq,Jim McColl,1
s1c56jpd,Robert Mill,1
2gqsddxi,Eamonn McCann,1
pxt6tcr0,Maxine Jones,1
bkjlbcgl,Kate Mullins,1
bts95eeq,Anne McGuire,1
kk68iig6,Bill McGuire,1
w0ddlmn2,Lucy Montgomery,1
gzyfblrg,Marina Wallace,1
0w6ze30z,Meidyatama “Dimas” Suryodiningrat,1
0rlq6qps,Jay Manuel,1
zabuy3d1,Emma Milne,1
q8hhtiy7,Dick Morris,1
06syzmz1,Mike Baird,1
9xdf9cp8,Joan Maynard,1
8qeaeauy,Dr Ben Marsden,1
iqod2jik,Moeletsi Mbeki,1
hnwa1lv0,Olga Maitland,1
1w8ffq95,Mark Francis,1
2e2gkalc,Anna Marie Roos,1
esh6rugx,Mark Allen,1
5o9rurmg,Catherine Meyer,1
syiljulo,Eunice McMenamen,1
ru8121zs,Megan Lloyd,1
ywgveuam,Martin Jacques,1
6g2ndnne,Michele Austin,1
b0olel8g,Louise Milne,1
kklcl2z8,Megaman,1
debbemwv,Muriel Turner,1
pnhxlrwt,Michelle Peckham,1
sk19moz7,Maisie Williams,1
e5i6ebc3,Michaela Breeze,1
soh6xsof,Mick Miller,1
j4va3b3a,Ian McAllister,1
gplxwr71,Malcolm Vale,1
3zo5psfq,Marilyn Adams,1
oo1kqbha,Charlotte Methuen,1
hkxwc51r,Mary Midgley,1
vwzqln5m,Michael Franti,1
zl821hbj,Michael Bloomberg,1
55wxn8qc,Patrick McGuinness,1
8s9rvc05,Steve Mason,1
5oa2bydf,Marc Almond,1
a093bghx,Moray Hunter,1
o7aq65t9,Nana Mouskouri,1
kirgd0yk,Professor Eve Mitleton-Kelly,1
1ifuy8f3,Clare Moore,1
pn8og1v3,Mark Opitz,1
r6qag8ay,Michele Dougherty,1
77hwmqfr,Rick McMurray,1
548t8ii3,Ron Mael,1
6ou9glo8,Hannah May Riley,1
auiv9jjm,Matt Shultz,1
bjevgl3t,Julia Merritt,1
zmnbcdgb,Marilyn Butler,1
8am4z8r9,Deirdre McSharry,1
4vij666g,Mark Richardson,1
az15dorp,Danny McGuire,1
d4qp5mgl,Darren McMullen,1
gtzp4tr0,Mary Newbould,1
sdd0h6mk,Kirsty McCahon,1
zbeo0b51,Shiv Malik,1
z5yyq1i7,Mari Wilson,1
3h7paj7o,Michèle Barrett,1
mdz3j6qe,Mia Farrow,1
8msvjm30,Juliet Meyers,1
mgh5p0r9,Michelle Garnaut,1
ezkvprgn,Mathias Cormann,1
akviem3c,Jan Montefiore,1
tk2fhkbu,Mark Wood,1
szpky8h1,Gus Macdonald,1
4eevbife,Zanny Minton Beddoes,1
cz53phv3,Tim Martin,1
plbsbdz4,Michael Piccirilli,1
y1a7w2sd,Mark Hoppus,1
osz3kvtu,Marita Cheng,1
0ncfup1c,Mumzy Stranger,1
m8guxhhv,Marianne Faithfull,1
lz8vaypo,Mark Charnock,1
6vrr9crw,Martin Peters,1
bacimqs0,Russell Mael,1
3kngsk8o,Marc Baylis,1
6lk6agdm,Stephen Merchant,1
7o71qjze,Andy Matthews,1
0fc9m1p3,Nathan Morris,1
ydc4imzh,Rosamond McKitterick,1
jdf0xmhn,Georgia Moffett,1
1a0n6hl7,Sarah Macdonald,1
ussrvi1t,Magda Szubanski,1
ujymqnkn,Mark Dolan,1
8l7eoi6k,Marcus Walsh,1
jjwlmwrk,MC Harvey,1
07zjuy6b,Martina Anderson,1
qvjs8t81,Maxwell Caulfield,1
6aaaxh5p,Vicki Michelle,1
1xaaahp2,Mena Suvari,1
oupllerd,Military Wives Choir,1
ohcat79z,Mary Garrison,1
c76msvtt,Margaret Atack,1
5s7hyec0,Stephen Moyer,1
l35au5vb,Wendy Machin,1
lqjzson8,Effie Morrison,1
gxt4xatm,Vivienne Martin,1
c4wbhiwd,Caroline Morahan,1
tqm7s6s8,Jo Martin,1
l1r3hljn,Carey Marx,1
qppyyata,J Mascis,1
t8lltr6z,John MacKay,1
q7cgm9h1,Melissa Steel,1
fdj61i3n,Stuart MacGill,1
iynh79x4,Max Merritt,1
ffm66p2m,Bruce Morton,1
5aq8t6mi,Jessica Mann,1
21bi4upp,Mica,1
22vgjucd,Elle Macpherson,1
4x8v002e,Marie DuSantiago,1
qsx8vh0c,Mark Blundell,1
xztnvdq8,Martin Plaza,1
phywlfks,Max Egremont,1
zetrc4i8,Michael Thomas,1
qggr5bmz,Sir Max Hastings,1
lf6ro0b4,Michael Angus,1
ote1l2gx,Muscles,1
taf8ojgc,Marcus Berkmann,1
90whlfx8,Max Sharam,1
mudk86gt,Samantha Mumba,1
hxu262av,Mike Wozniak,1
qrj2bb5v,Mark Umbers,1
0netrwgu,Joe Melia,1
r4l5ccqj,Thelma Madine,1
fzhbh86n,Sir Roger Moore,1
219df968,Mia Freedman,1
ycozarom,Cathy Murphy,1
2i9w6vdo,Mike Rapport,1
yqq0plz0,Barry McGuire,1
m8y816rh,John Maynard Smith,1
p6nqc2f9,Marie Osmond,1
q20085hl,Noel Malcolm,1
8oc2kyad,Frances Morris,1
wfneee3e,Mark Pyper,1
ztnnleab,Michael Moriarty,1
itc73p3x,Michael Carberry,1
h5k3oqwj,Dominic Masters,1
itulafh2,Marion Bartoli,1
tuvwoug8,Margaret Cho,1
w3na73je,Matt Colwell,1
6bhjm8xv,Michael Praed,1
1v0g1efd,Martin King,1
d8h0n4kv,Daniel MacPherson,1
n7nlhwnh,Julie Meyer,1
d655tkvd,Morgan Tsvangirai,1
a4zfycy7,Matt Berry,1
q1pmw1vm,Dr Mark Goldie,1
50rw29i1,Matthew Hussey,1
aiksfnh8,Rachel Mairs,1
gn4snaet,Mike Kelly,1
4e1exgq9,Marie Rodet,1
sr98q34y,James Michael Tyler,1
ydua5wk6,Mark Bonham-Carter,1
7wzq394m,Jonathan Meades,1
unr0zv84,Denis Mareschal,1
wmuevpu6,Margaret Fitzherbert,1
ophaw8x3,Sue Morphet,1
tn0dj8vg,Paul Millett,1
e2ddgpz9,Megan Clark,1
anajx62v,Mary J. Blige,1
5wwu0nmz,Kate Mosse,1
pv0noeu4,Stu McLeod,1
fssq5u86,Derek Martin,1
u56xtjl4,Hugh Montefiore,1
5z2y5ljn,Jonathan McCrea,1
36lesomd,Cate McGregor,1
qp24jky8,Sarah Manners,1
hqbi19ws,Paul Myners,1
9m6owyyn,Collette Mann,1
25zegc4j,Alan Milburn,1
7zjiblad,Professor Sheila McLean,1
oz1fzqog,Mini Dog,1
jr09b0b6,Robert Maxwell,1
t7h43cfn,Mitchell Grady,1
dvs9xfup,Sophie Michell,1
jt7hh9zg,Martin Goodman,1
c6ktg0m3,Dr Mary Vincent,1
azb0qiuv,Michael Urie,1
fet0szfp,Mary Peters,1
cj6wix0m,Margaret Boden,1
j5y6nof9,Max Keiser,1
89ygjal9,Stirling Moss,1
m3te6j23,Andrew MacKinlay,1
mx3gnvyu,Ian McNicholl,1
xn7j17o1,Magnus Linklater,1
cw4y78u0,Len Murray,1
qsu7x0im,Colin Murray,1
srjeew0i,Maike Oergel,1
fbe7zrut,Laura Main,1
1znm2yrp,Dr Mary Archer,1
8apftm2d,Mary Fulbrook,1
02y73dg8,Oliver Milburn,1
f3iv1f7q,Paul McMillan,1
qqmx9xd3,Mark Roberts,1
yub0656t,Su McCluskey,1
k3nbkb6j,Micah Richards,1
f2cf9qgq,Andrew McClelland,1
krpe0ea9,Dr Mark Spencer,1
gifahukm,Nafsiah Mboi,1
bnmz3akf,Michael Clifford,1
9lsc6pnj,Ian McBride,1
se5h3ktr,Ian McCaskill,1
1luozv56,Gary Moore,1
njtw2da7,Mark Di Stefano,1
4yoiwfln,Mark Hoban,1
qxx5x2d8,Roy Masters,1
vjidkzzi,Eusebius McKaiser,1
43b1gtld,Linda Martin,1
0i6ug3cf,Robert Mellish,1
ky92onst,Susan Morrison,1
b5zljgwf,James McFadden,1
k93pf0ei,Mike Walker,1
glepzcqu,Mark Overton,1
r42jhhkr,Masha Gessen,1
luxuaapz,Kenny Miller,1
m8cutfrs,Martin O'Neill,1
2l2fuuoq,Neil Mitchell,1
du91zjml,Hannah McGlade,1
n3a773jo,Neil MacGregor,1
0em3adn7,Ryan Molloy,1
25yba8ha,Malarndirri McCarthy,1
5xz40i62,Maria Hayward,1
rv9unpm7,Michael Ware,1
j2pkg1eh,Peter Marshall,1
mnurvdqf,Martin Rossiter,1
vktoz8ig,Margaret Atkins,1
chvc47rs,Mike Keats,1
ooqilud0,Mark Philp,1
j1bfqakz,Mike Jay,1
3wjpjsqz,David McAlmont,1
4kaspfjn,Mark Miodownik,1
jb7qzvpy,Mark Williams,1
bbg72sov,Mackenzie Crook,1
yapm802l,Mike Molloy,1
5vh6kmd4,Mikey Robins,1
rf4vdhua,Malcolm McLaren,1
al0huic7,Lindiwe Mazibuko,1
sgiblvaz,Michael Winslow,1
x4ff2f0v,Matthew Collings,1
8i60dqdx,Vladimir McTavish,1
wmlt12pu,Julia Mallam,1
36675zvw,Scott Maslen,1
wtltc1wq,Michael Heaver,1
da711udv,Toby Martin,1
yifxazmc,Michael Carl Bryan,1
jiy63g7u,Gabriella Mazzali,1
f7u4eqs9,Margaret Ritchie,1
1ldghmhp,Lee Mears,1
d3r7w9kz,Kika Mirylees,1
fiw7zdev,Leigh Marklew,1
z6cu5ma2,Marilyn,1
ewwz9py7,Linzi Martin,1
182vyke2,Mark Holden,1
ywjd8f2f,Moby,1
2q7o1amn,David Marr,1
r44b5102,Marta Andreasen,1
l3wcxlry,Megan Davis,1
dlp4bj4g,Shaun Micallef,1
spj861uq,Mick Channon,1
t6uf2frl,Maria Pretzler,1
i74qfueu,Chris McGimpsey,1
hndq8l4y,Marcus Trescothick,1
1lyr60vk,Michael Jack,1
hgbnm4kj,Stuart Maunder,1
f0fa7bq5,Dr Sarah Meer,1
yejcv2sa,Marcia Hines,1
x5ag1n7a,John Moles,1
04unwr1q,Mike Thomas,1
ujq3d1uy,Clive Mantle,1
381rho8y,Mick Cahill,1
9cp6c0zw,Mitch Grady,1
4uh68fkg,Alice Miles,1
tcks5o8w,Matthew Taylor,1
skyzrnvq,Andrew Mackay,1
2qt7pql5,Conor Murphy,1
sn7ij4ql,Juliet Mitchell,1
ml2fc2l0,Mark Porter,1
mo3qao8n,Mike Beaney,1
8zproar9,Martin Bayfield,1
6epikwbr,Shula Marks,1
bi8x8xbv,Hervé Mariton,1
hn59ezxi,Mike Rudd,1
33zuk3zs,Mel Smith,1
edk78s1q,Marie McGinn,1
uoi2r2ba,Krishnan Guru Murthy,1
dh395e16,Marise Payne,1
lv606hv1,Michael Bogdanov,1
fq447nq9,Heather Mills,1
qwfpch5l,Mark Chinca,1
2z7csa78,Derry Mensah,1
ff3y3clr,Bradley Mcintosh,1
xtxkmue3,Paul McGeough,1
ptjjwn3v,Mike Yarwood,1
q7zl41wk,Hilary Marland,1
kj3i2ybk,Molly Meldrum,1
it0wsrph,Micky Bartlett,1
txs0w4ve,Mark Pallen,1
2yw2fev7,Catriona Matthew,1
9vflkg8y,Moira Constable,1
qa6odshi,Marie Colvin,1
vbnnnnvm,Grahame Morris</tr>,1
exkia7jy,Emma Jane Murphy,1
58srw6wt,Ray Meagher,1
nyw7h402,Sonya Madan,1
3fxeexwu,Wanya Morris,1
iz7wd3hb,Scarlett Moffatt,1
xjno3284,Johnny Murtagh,1
52pg2znq,Mike Kopelman,1
9laz84i5,Sharri Markson,1
yj7qv4j9,Mia Dolan,1
9vbf6vv4,Ray Mears,1
f7jijmvh,Joe Martin,1
ue1q0loq,Margaret Deacon,1
7cj65bqd,Marc Silcock,1
8yugvz77,Mary Whitehouse,1
fim6clzr,Mary Kaldor,1
a50nz31v,Matt Parker,1
53qseeeh,Alanis Morissette,1
ukico601,Mary Bousted,1
1zwcdqaz,Joe Morrison,1
3ynkbowy,Caitlin Moran,1
ykgvm9qn,Justin Meggitt,1
u31w1vr6,Marco Pierre White,1
umydwh00,Miquita Oliver,1
h2h7tnwg,Matt Abbott,1
vqgwefjh,Moo Baulch,1
1strtfjw,Max Brown,1
uh0re92d,Amanda Mealing,1
x5izm5in,Matt Stronge,1
0ulgp5fz,William McCarthy,1
66gzry2i,Linford Martin,1
994my0ph,Morgan Spurlock,1
8y23h6cu,Tehyun Ma,1
u5q8qcts,Mark Chadwick,1
uvaxnled,Michael Carver,1
uh2ef67m,Matthew Marsden,1
ksw6ngma,Peter Morgan,1
omf0cacg,Matthew Murphy,1
5vm2l0va,Kevin Magnussen,1
2vlxa83u,Joyce McMillan,1
jivvpng8,Mitch Hooke,1
9xqch9w9,Richard McCourt,1
eiqg103p,Dave Mustaine,1
ci32mb2h,Mark Joseph,1
r8nk3xzh,Michael Tanner,1
t10mz87g,Kirsty MacColl,1
r5yrswug,Matt Evers,1
v4ejzzxl,Michael Hancock,1
v5zx0p2z,Mike Lewis,1
poskd7j8,Kenneth Miller,1
r4p6itip,Mandy Telford,1
lfx7a8nw,Dearbhla Molloy,1
cb4kq3nm,Mike Gatting,1
m9orwy5s,Dickson Mabon,1
6i1nhjll,Andile Mngxitama,1
pqklt6tl,Mark Regan,1
icgpnhfo,Emma Matthews,1
45w2qz8y,Mick Thomas,1
xu2ton8f,Brooke Magnanti,1
ntwak6lp,Sir George Martin,1
n4tsr2xu,Matthew Etherington,1
rdc21v9m,Don McLean,1
v7saemof,Mohamad Abdalla,1
zz7c2ttn,Marcus Bentley,1
nmkjctib,Marcella Puppini,1
36netr24,Cathie Martin,1
3ilmgikv,Simon Sebag Montefiore,1
r3gwbexr,Mark Seymour,1
tlobhh2h,Neil Mallarkey,1
bavdh4wj,Andrew Morton,1
nsa839id,Miranda Aldhouse Green,1
mp18w7ts,Michael O'Brien,1
v1a7pj9g,Takesha Meshe-Kizart,1
gd0t2krw,Eve Muirhead,1
1oc1zzjd,Martina Topley-Bird,1
xk2v5vtc,Omar Musa,1
cmq46ct8,Heidi Montag,1
puytu5jm,Moray West,1
6lpaa70m,Mario Marconi,1
qo498kqu,Michael Höckelmann,1
kue7h24b,Michael Alpert,1
ornfqe71,Martin Skarendahl,1
458jb1hx,Stereo Mike,1
ixg6p1yz,Robert Morley,1
69yt18ra,Alistair Moffat,1
ro12lfzm,Mark Labbett,1
y8pyfksp,Terry Major-Ball,1
onkf861m,Moyra Bremner,1
uyu2r3d5,Howard Marks,1
vd4fd9zp,Marilyn Orcharton,1
w9xecs6z,Malcolm Gaskill,1
egzlcy9o,Michael O'Leary,1
tiu897t6,Richard McNamara,1
xpa0h89i,Michael D. Higgins,1
dk949m56,Clover Moore,1
95bftwbf,John Madigan,1
69vtkynd,Martin Johnson,1
h087uh5o,Reverend Dr Charlotte Methuen,1
rggfc6tg,Mitch Fifield,1
cw3gwmdk,Jo Milne,1
leej2bom,Michelle Laurie,1
ddcj46st,Marina Lewycka,1
7adjwj6t,Michael Carrick,1
gnz7evwq,Michael Trubshawb,1
nds2vxkk,Mark Homer,1
3lq0mduq,Ian McCartney,1
cmn1n4t1,David McAllister,1
soxgx2j7,David Murdoch,1
jft0j87q,Reece Mastin,1
uy3itqby,Matina Jewell,1
x1k8klfe,Allan Macinnes,1
gd0z5y4f,Harold McCusker,1
k922ijej,Mehri Niknam,1
zemf230s,Mark Malloch-Brown,1
fm4tmold,Matt Fincham,1
3qjvvav7,Lulu McClatchy,1
m0pukia0,Michael Whitehall,1
mpa2f697,Guy McKnight,1
uvoatg99,Mary Laven,1
wbcfiomg,Michael Chugg,1
qempdknk,Stuart Manning,1
za0szks9,Charlie Mullins,1
q40vzfib,Michael Spicer,1
0rd3zi8r,Anthony McFarlane,1
r0plx1k8,Janet Morgan,1
ffm2jprf,John Michael Howson,1
0wcn6yog,Maggie Steed,1
ho3y7sff,Michael Montague,1
ie3tmfr7,MC Suffa,1
pfiw3lg5,Raul Malo,1
jsfj9v33,Marjorie Longdin,1
75cb0x6f,Michael Bentley,1
xbbh23t0,Kevin McCloud,1
a1jxclpy,Mark Warnock,1
wfaho8zg,Mario Falcone,1
t5dlx7gf,Professor Barry Marshall,1
8apw84hz,Mark Schwarzer,1
6ut9jewi,Melanie Kerrison,1
yljxv6yr,Catherine Merridale,1
uy66i5e1,Barry Mizen,1
pd1kc0ui,Mary Schneider,1
pid429bi,Naomi MacIntosh,1
4ijyqnyy,Mia Dyson,1
pzadol33,Rhys Muldoon,1
7d76d22d,Louise Minchin,1
1dgktckv,Kenneth More,1
bfcmosqf,Michael O'Loughlin,1
d9aue9pr,Paul Mac,1
8dagjg7p,Mylo,1
nw2rk8jh,Mandy Nolan,1
o2pfm1xy,Eddie McGuire,1
t20f6qfa,Marie Staunton,1
zd3olwcx,Ivor Mills,1
bdt8atna,Martyn Ware,1
1fsv0aq2,Margaret Clegg,1
xnt5032r,Mac,1
z4p6lo52,Ken McAlpine,1
vtbod34n,Fiona Miller,1
ufnhqu1z,Lisa Miller,1
9t14hehc,Martin Ward,
wyk8eh7k,Edward Morris,
