lc8xhv91,"Sherrie Hewson",837
tub6hiln,"Ian Hislop",569
mtov1a5z,"Bob Holness",532
87ulicd3,"Jeremy Hardy",440
nf812lji,"Adam Hills",365
anx0aq5q,"Humphrey Lyttelton",358
ub65grfy,"Simon Hoggart",302
4mzh48iq,"Andy Hamilton",284
ltky6r8w,"Tony Hawks",262
vssxz2dy,"Holly Willoughby",221
i5uubaby,"Hugh Dennis",204
32gvimgg,"Nick Hancock",157
n87xrdv6,"Alex Horne",134
jfdb7gqq,"Sheila Hancock",133
h663jn38,"Rufus Hound",128
1s5ocnkr,"Patrick Hannan",127
5ve2jt25,"Renée Houston",114
5dvk7gjz,"Henning Wehn",93
dbiu4b8y,"Sean Hughes",91
xlfikdcz,"Holly Walsh",85
tq4rhgl6,"Russell Howard",81
1dbx2ase,"Henry Cooper",78
6ofgtlik,"Gloria Hunniford",71
hhduglg9,"Roy Hattersley",67
wwg6s0zu,"Hugo Rifkind",59
o7fyqsem,"Rich Hall",58
jv4w409s,"Hamish Blake",49
uk8mmmbl,"Reginald D. Hunter",48
306w9rz5,"Mark Hodge",47
178d9vni,"Harriet Harman",45
zoe5sjqv,"Rochelle Humes",45
35eciypt,"Richard Herring",44
29crsgwm,"Eamonn Holmes",42
iuzrtlu5,"Kit Hesketh-Harvey",40
mweb58qf,"Lee Hurst",39
e7gmb9hv,"Michael Heseltine",36
u1jzzdo1,"Ella Hooper",35
bqnlnn0x,"Simon Hughes",33
ulgkac33,"Julia Hartley-Brewer",30
r6c8do7a,"Peter Hain",30
tkd7ts9x,"Harry Hill",28
c9a7oyrc,"Peter Hitchens",28
m114mdiv,"Hannah Gordon",27
c0evx1jf,"Dominic Holland",26
i5w6irho,"Nigel Havers",23
6e7lc2kv,"Michael Howard",22
xitxfn4s,"Craig Revel Horwood",20
boien532,"William Hague",20
vrx437un,"Dr Phil Hammond",19
ba64i0t8,"Angie Hobbs",18
1bnfl8xm,"Chris Huhne",16
eln79sn0,"Denis Healey",16
rznout0j,"Douglas Hurd",16
69x8764f,"Geoff Hoon",16
oh5t3gue,"Max Hastings",16
roo1tkll,"Miranda Hart",16
67vsv16g,"Graham Hill",15
nvrepk5z,"Helen Lewis",15
ucuj533y,"Jessica Hynes",15
238tsdxs,"Joe Hockey",15
ksmusoei,"Marvin Humes",15
hwnt222z,"Tony Hadley",15
ay8fjft4,"Hal Cruttenden",14
gth8qwu7,"Kate Humble",14
bw8tq99q,"Louise Hazel",14
bpd8wguf,"Nick Hewer",14
sly4hu78,"Patricia Hewitt",14
8o06y0qo,"Tim Healy",14
j8a8nkti,"Harry Judd",13
x3d6eksi,"Matthew Hoggard",13
862ggbq2,"Richard Hammond",13
cgamvf40,"Edith Hall",12
tf9nkz6t,"Greg Hunt",12
xaudgo95,"Jenni Trent Hughes",12
bfjoov6z,"Matt Holland",12
x06ndrsl,"Nick Helm",12
gu9gr6ea,"Una Healy",12
6eudkjcr,"Austin Healey",11
mbdoxt50,"Ayesha Hazarika",11
eylau49t,"Charlie Higson",11
wq35ocl2,"David Haye",11
taebv56p,"Edward Heath",11
rd0ds2hm,"Hazel Blears",11
gepnetc2,"John Harvey-Jones",11
5bmvshce,"Lucy-Jo Hudson",11
vt9dhnby,"Margaret Hodge",11
p23lxxzl,"Patricia Hodge",11
4usg1v0h,"Ricky Hatton",11
0i5h00y0,"Steve Harmison",11
5mbiq6m2,"Ainsley Harriott",10
y46zmky4,"Andrew Hansen",10
0zaqyptm,"Christine Hamilton",10
br5uto4r,"David Hasselhoff",10
d0mtohp9,"Gayle Hunnicutt",10
usva0hyr,"Geoffrey Howe",10
cgfulp6x,"Hilary Devey",10
juqz9oro,"Hilary Jones",10
feclvbwc,"Huey Morgan",10
nbxdlg6n,"Hugh Kennedy",10
926kf7sw,"Jennifer Hewett",10
86xeukir,"Judith Hawley",10
47s89t5e,"Kelly Holmes",10
85bqozg0,"Neil Hamilton",10
qa3ey1m6,"Noddy Holder",10
hns5e85y,"Paul Hollywood",10
u2ywgfmh,"Rickie Haywood Williams",10
y5doqdxl,"Russell Harty",10
g1kjlcnk,"Simon Heffer",10
otmm27t8,"Sir Chris Hoy",10
55k8bugo,"Hamish Macdonald",9
4dew19sg,"Helen Flanagan",9
y8jeuq2u,"Hugh Fearnley-Whittingstall",9
yz9ieil0,"Jill Halfpenny",9
vg2subi3,"Margaret Howard",9
txkteu16,"Mehdi Hasan",9
hmv4c25n,"Niall Horan",9
6462fbck,"Sharon Horgan",9
wjjq9pp4,"Stuart Hall",9
9wbwr4xj,"Tristram Hunt",9
16i8gsv8,"Vincent Hanna",9
s70f0ys8,"Charlie Hardwick",8
w5yqz0l7,"Dietmar Hamann",8
v464vgtj,"Hannah McGill",8
hpb4mw4z,"Heather Ridout",8
r4k9er21,"Helen Lederer",8
h7k2jh44,"Helen Liddell",8
nw2oky6n,"Hilary Benn",8
tedohyl1,"Hunter Davies",8
mpunf0h1,"Jeremy Hunt",8
jyez9l7v,"John Haldane",8
9pq9q9u8,"John Hewson",8
w1f77h6u,"John Humphrys",8
stwfvrzs,"Konnie Huq",8
3tu4pgz5,"Michelle Heaton",8
3llo1lg2,"Peter Haigh",8
ktbj7aj1,"Philip Hammond",8
dvn0awx5,"Sarah Hanson-Young",8
dnqbkxew,"Alison Hammond",7
qlrndhyl,"Amanda Holden",7
ka0o09x8,"Antoinette Halloran",7
lum9fmit,"Avril Henry",7
a1w3c1q2,"David Hunt",7
3693f2lu,"Emily Humphries",7
15isrywy,"Hayley Tamaddon",7
9f1wwhyj,"Heidi Range",7
iuz1dv0k,"Henry Winkler",7
0j645rx3,"Jaymi Hensley",7
m47lcer6,"Mick Hucknall",7
ptfjvocs,"Nerys Hughes",7
orqkrrg4,"Nick Harvey",7
o78jvhc3,"Peter Hartcher",7
934aie7f,"Rolf Harris",7
xf9w97cy,"Sarah Harding",7
nadk4jhz,"Sarah Hogg",7
xrtbrvoh,"Tim Henman",7
w9jmydbc,"Antony Hopkins",6
vczplkr5,"Cyd Hayman",6
bzumchb6,"Eric Heffer",6
79aya9ic,"Harley 'Sylvester' Alexander-Sule",6
x683ycrx,"Harry Enfield",6
x4q6e82f,"Helen Mary Jones",6
66tzv6vy,"Henry Blofeld",6
piei1ueq,"Heston Blumenthal",6
rutejkvo,"Holly Ransom",6
tnbw1f3m,"Honor Blackman",6
8zjfx5c2,"Humphrey Ker",6
x5akdjeb,"Humza Yousaf",6
vtvzsy8a,"Jake Humphrey",6
9onu5g1s,"Katie Hopkins",6
jewc9cql,"Matthew Hancock",6
81ugeqif,"Mike Harding",6
wi5ee7f5,"Pete Helliar",6
aopqk9fe,"Rachael Heyhoe-Flint",6
od0qutof,"Alvin Hall",5
snurz0c1,"Anouska Hempel",5
3910uj3g,"Chantelle Houghton",5
l5c32vik,"Christina Howells",5
6i6t37cn,"Dame Thora Hird",5
g8xwg1qf,"Daniel Hannan",5
6288p6bm,"Darren Hayes",5
dpb5dze5,"David Harewood",5
x21fj1dt,"David Hetherington",5
g3q5hjbp,"David Howell",5
yho6uq1m,"Gareth Hale",5
0fwybv40,"Hannah Cockroft",5
29wz3ayf,"Harry Redknapp",5
dkd6lk6t,"Harry Styles",5
rji3yu5x,"Hattie Hayridge",5
ys1xguwm,"Hazel Irvine",5
yqmn42p0,"Helen Coonan",5
b2bsa0wo,"Helen Mirren",5
p0eva3u3,"Helen Zaltzman",5
wohcy5g8,"Henrietta Leyser",5
rtsou5p2,"Hilde De Weerdt",5
kaa9swoq,"Howard Davies",5
rettzqsj,"James Haskell",5
clrd504d,"Jeff Hordley",5
4dnxhdzq,"Jerry Hayes",5
5434dxmw,"Joe Hildebrand",5
zabcayq5,"Jon Holmes",5
5mrxpurq,"Lenny Henry",5
qben7t14,"Natasha Hamilton",5
5gt2fs03,"Nicki Hutley",5
0uzqvidc,"Nicky Henson",5
is0o3vf6,"Rob Heeney",5
x5b1m3xa,"Sue Holderness",5
rw9rpx8g,"Tom Healy",5
yaidfpkr,"Vic Henley",5
l8e86eth,"Anne-Marie Huby",4
2845wzbj,"Anthony Howard",4
xy0zarqd,"Catherine Hall",4
80836340,"Dave Hughes",4
5bq5md7q,"Eleanor Hall",4
n9bpkp5a,"Graeme Hawley",4
rzzik49k,"Hannah Waterman",4
nuch7j95,"Harry Aikines-Aryeetey",4
5dhifu3b,"Harry Shearer",4
hhni5e7f,"Hayley Mills",4
makxfbtb,"Helen Glover",4
8g20qbyp,"Helen Paul",4
woyf2m1x,"Helen Skelton",4
qofxip3s,"Helena Kennedy",4
eq6fwq8s,"Henry Kelly",4
raf2rzcf,"Hilary Armstrong",4
bo8y6g8n,"Hugh Leonard",4
18hdarlu,"Hugh Paddick",4
fxwdf5jw,"Hugo Speer",4
ce4q7z9x,"Huw Wheldon",4
yif8oaev,"Ian Hickie",4
pabm47x8,"Isabel Hardman",4
lu7z3vsi,"Jerry Hall",4
vuiegjo8,"Joe Hart",4
t0xrmu9a,"John Hackett",4
vzxi0b57,"John Hannah",4
al77ohab,"John Hartson",4
ca2hu4ig,"John Hegley",4
sqf9dq83,"John Higgins",4
xb8neik2,"John Hines",4
rcf0gl31,"John Hume",4
40j20eef,"Joyce Hopkirk",4
ewnb74k6,"Judith Hart",4
g76n7plz,"Kate Hoey",4
gwxo3naf,"Kelly Hoppen",4
ynik4blm,"Lewis Hobba",4
p7fwg8oo,"Lynsey Hooper",4
oof2ol6p,"Mathew Horne",4
7o0hzl48,"Nadiya Hussain",4
h1iu8l3x,"Neil Hodgson",4
epqt6faz,"Nicky Hambleton-Jones",4
mqiwb6bs,"Patricia Hollis",4
kj1nkih0,"Paul Heaton",4
halzcnur,"Peter Helliar",4
rp0s8x99,"Peter Hillmore",4
fz3d2kxf,"Rebecca Huntley",4
mhky6lm4,"Robbie Hunter-Paul",4
yscv10ck,"Sir Huw Wheldon",4
g1xjh6u6,"Stephen Hendry",4
srulrt9x,"Unity Hall",4
94s31co6,"Wayne Hemingway",4
ayrny17r,"Afua Hirsch",3
fuze8q7l,"Anne Henderson",3
apl363tn,"Audley Harrison",3
30rt134h,"Barry Humphries",3
iu3nqy0s,"Beatrice Han-Pile",3
1g3jgtsl,"Carol Harrison",3
jz7zpa1x,"Carole Hillenbrand",3
jdjxxc79,"Caroline Humfress",3
l833pjr0,"Chas Hodges",3
b3m4k7t3,"Chris Hollins",3
m7nhbn7q,"Christopher Hitchens",3
60p1kurg,"Claire Hooper",3
yjiinsgt,"Damon Hill",3
2f8es6v0,"Darcus Howe",3
vg3lq33c,"Deanne Nelson Henry",3
j8hxdvxm,"Ed Husic",3
r1hb034x,"Felicity Hampel",3
g565vrd7,"Fran Halsall",3
40pzclof,"Gerald Harper",3
n47xibmx,"Geri Halliwell",3
v5dilpsd,"Hannah Gadsby",3
1ylfx7r5,"Hannah Miley",3
5sexl1cn,"Har Mar Superstar",3
fgfltyyb,"Hardeep Singh Kohli",3
r68iv2cu,"Hasok Chang",3
he2hrin5,"Helen Adams",3
oq3xutad,"Helen Chamberlain",3
mtip0zm9,"Helen Cooper",3
conieckq,"Helen Fraser",3
79jvsf72,"Hermione Norris",3
pj43hnct,"Hilary Wainwright",3
qdg8673m,"Howie Dorough",3
9yhf3kch,"Hugh Jackman",3
jla1y4bc,"Hugh Laurie",3
9seo2pny,"Hugh Riminton",3
xl11i805,"J.J. Hamblett",3
1fcv34fs,"Jay Hutton",3
f1z7icoj,"Joe Haines",3
3cjjxtul,"Julie Hesmondhalgh",3
367wb1x0,"Katy Hill",3
h46whzjy,"Kerry Howard",3
ww54sjv0,"Lachlan Harris",3
jgg561pd,"London Hughes",3
5l4yynqm,"Maeve Higgins",3
wznerkya,"Michael Hordern",3
lsbtxauv,"Nasser Hussain",3
dbb93fkd,"Natalie Haynes",3
atrw4zsz,"Nicholas Henderson",3
w6g2ifyv,"Nicola Horlick",3
k3kju1gx,"Paul Howes",3
27gu4xli,"Professor Dame Hermione Lee",3
fqtce7om,"Rebecca Huntley",3
l2eo6mvf,"Richard Holme",3
fm8ck9tq,"Robert Harris",3
mnng4jz8,"Roger Helmer",3
yseb68jv,"Roy Hudd",3
q3tmfdcu,"Ruthie Henshall",3
l0op3bee,"Samah Hadid",3
vdequf5v,"Sir Michael Howard",3
bo8fggkz,"Susan Hill",3
7on7c1ri,"Thomas Healy",3
2lrm7im1,"Tom Harwood",3
whz0cqik,"Tracy Howe",3
4puuihip,"Walter Hayes",3
ly2ga51s,"Wendy Harmer",3
cnzisfvz,"Will Hutton",3
ey2890yu,"Adam Hart-Davis",2
37x7pax6,"Angie Hart",2
4jpaui9a,"Ann Hughes",2
bd3tql4b,"Anne Hegerty",2
ew6fadrh,"Anthony Horowitz",2
zrbn9z5u,"Ashia Hansen",2
vodjmgev,"Barbara Heineback",2
xddxlj0j,"Bec Hill",2
sbc8ov98,"Ben Hanlin",2
jizh0euh,"Bernard Hepton",2
957tyyjt,"Bernard Hogan-Howe, Baron Hogan-Howe",2
vuj6h7mh,"Brian Harvey",2
y8curdl3,"Bruce Hawker",2
v88zqr54,"Celia Hammond",2
ehuh7i4b,"Chelsea Halfpenny",2
j3m7owai,"Chelsee Healey",2
l31akr44,"Chris Haskins",2
190b3e1b,"Christina Hardyment",2
t0l28tux,"Christopher Hughes",2
bnpvw1re,"Craig Hill",2
saug1mcn,"Damian Hinds",2
7t366v0l,"Dan Hooper",2
q1tpu12n,"Danny Higginbotham",2
zq3h8ifh,"Darren Harriott",2
yfgoabna,"Dave Hughes",2
tlw7yj2p,"David Hamilton",2
66rp7kc2,"David Heathcoat-Amory",2
lzsxrutg,"David Hirschfelder",2
6ci5ojlt,"David Hobson",2
0goglbbm,"Deborah Harry",2
hv9aruc8,"Derek Hatton",2
ioop37kw,"Douglas Hogg",2
gqgas3gy,"Dr Anne Hardy",2
ncwk8iwn,"Elspeth Howe",2
xno7pe9a,"Fiona Hyslop",2
w4s80pp0,"Francheska Hull",2
yf7vd5l7,"Gay Hamilton",2
3s6lq9dq,"Gerard Henderson",2
8e6lcdg5,"Goldie Hawn",2
v7tshp0n,"Hamish McDonald",2
mkulnj55,"Hamza Yusuf",2
vazwfye3,"Hannah Bardell",2
d8lbub9b,"Hannah England",2
du91zjml,"Hannah McGlade",2
2shtmn9l,"Hannah Spearritt",2
x8dvrzrl,"Hannibal Buress",2
xrdg8e07,"Hari Dhillon",2
mmgsynok,"Harold Evans",2
d3hz60kf,"Harold Lever",2
fdv2ekcb,"Harriet Kemsley",2
jjkm538z,"Harriet Walter",2
54m04whi,"Harry Derbridge",2
58q6bpbo,"Harry James Angus",2
9zyymot8,"Harry Winks",2
xj6vq3jj,"Hattie Jacques",2
21clhzad,"Hayley Westenra",2
88ik15vb,"Heath Franklin",2
wnfqd06k,"Heather Rabbatts",2
ht7bwsyk,"Heather Sears",2
5738gb5c,"Heather Small",2
f2m27b61,"Helen Atkinson-Wood",2
jnano5b9,"Helen Beebee",2
792earzj,"Helen Bond",2
vqnad76o,"Helen Keen",2
z2jajfoa,"Helen King",2
4u5dbpur,"Helen Ryan",2
10uc4pif,"Helen Young",2
ncnkcf5w,"Henry Gee",2
ljb1i1yr,"Henry Livings",2
kij03fcp,"Henry Lonchurst",2
dafa5vts,"Henry McLeish",2
sn2484yv,"Hilary Pritchard",2
tgtk5w0k,"Hilary Tindall",2
y7u7dqp8,"Howard Goodall",2
lju5ocuz,"Howard Jones",2
ywc8uh6m,"Hulk Hogan",2
26b1hemq,"Humphrey Burton",2
2v0cryy3,"Huw Bowen",2
l66vovsw,"Hélène Hayman",2
lx86sito,"Ian Holloway",2
hbho6hww,"Imogen Hassall",2
z8232fpo,"JJ Hamblett",2
47jkwy86,"James Hook",2
m40wlm8m,"Jan Hall",2
rv1yv7ag,"Jane Humphries",2
81yk03ei,"Janet Hartley",2
5gkrtpmo,"Jenny Hanley",2
tdkn5m3u,"Joanna Haigh",2
0bltbd2j,"Joe Hildebrand",2
er2i63r3,"Johann Hari",2
9htib9vc,"John Healey",2
9crpgfua,"Josh Howie",2
wnbkur9f,"Juliet Harmer",2
su1bpahf,"Kai Humphries",2
ka1ug8ow,"Katrina Hodgkinson",2
5wuuxpm2,"Kim Howells",2
hi7zigjw,"Lady Harlech",2
7kwge1vl,"Laura Hamilton",2
vknilgnn,"Leigh Halfpenny",2
jim7n33v,"Lord Howe of Aberavon",2
0m5x5tzu,"Louise Haigh",2
oxnsxgqw,"Marie Helvin",2
e284wgk1,"Mark Harper",2
potst3ir,"Mark Hurst",2
80jyti3m,"Mary Holland",2
hvn5529g,"Matt Hales",2
8kod10n4,"McDonald Hobley",2
2xrkzhim,"Melanie Hill",2
jvj7w1eq,"Michael Heath",2
69695qyx,"Michael Holding",2
bbx1yv1w,"Michael Hunter",2
17r5s4fp,"Michelle Hardwick",2
oe5nvaul,"Morag Hood",2
belto10y,"Morten Harket",2
um67g1sd,"Neil Hannon",2
r5bvetr3,"Nick Heyward",2
uugt4yt9,"Nigel Hawthorne",2
ytvzqgpw,"Noreena Hertz",2
wc28ekge,"Patrick Harvie",2
ye2qbrd6,"Paula Hamilton",2
qeh3flrw,"Peter Hall",2
yi99dqt5,"Peter Hobday",2
jg7tvifo,"Professor Eric Hobsbawm",2
5l6ayeua,"Richard Hadfield",2
v1bykclg,"Richard Holmes",2
0sszv69k,"Richard Hughes",2
b73mupll,"Rita Hunter",2
8vk4dyia,"Rob Heyland",2
kb275wdd,"Robert Hoyland",2
ln71w122,"Rosemary Hollis",2
basoq775,"Sandra Howard",2
qq2p9rsu,"Sarah Hadland",2
vxp5h2v5,"Sir David Hunt",2
4lizeccq,"Sofie Hagen",2
gtzcl3bi,"Sophie Hitchon",2
iy27wd5s,"Steve Huison",2
ubgwxojp,"Stuart Holland",2
ps9idda5,"Suzanne Hall",2
if8uumfg,"Tegan Higginbotham",2
dz2n2uv7,"Terry Hall",2
96qmq3dq,"Theo Hutchcraft",2
rqo048f1,"Tina Hobley",2
vg4nd1dy,"Tom Holland",2
ron3imkl,"Tracy McLeod Howe",2
f6djv6m1,"Troels Hansen",2
m9ny6g8w,"Vicki Hodge",2
1yypc0jv,"Wendy Harmer",2
t1t1cfz7,"Wilfrid Hyde-White",2
i4agdro4,"Almut Hintze",1
jlmo34uj,"Andrew Harrison",1
67p5d2a2,"Andrew Hunter",1
jwdwqkmp,"Andrew Hunter Murray",1
j8x32xg5,"Andrez Harriott",1
kh3fhci8,"Angela Haggerty",1
o2vcwo6v,"Angela Huth",1
7wvd431s,"Angie Hobbes",1
5xlwt3hx,"Ann Hamilton",1
eejwygsn,"Ann-Marlene Henning",1
zy34ch4h,"Anne Hardy",1
8qtsfaqg,"Anne Hooper",1
g94nu12v,"Anne Hudson",1
7k9otms0,"Annette Hoggard",1
5uzwbm2u,"Anthony Head",1
hc43rqzb,"Anthony Holden",1
1hwcsuih,"Antionette Halloran",1
veihotw0,"Antony Hegarty",1
qq3oc26h,"Avril Hannah-Jones",1
bi5xv4ao,"Barney Hayhoe",1
tktl2oq3,"Barry Hearn",1
00a9fsha,"Basil Hiley",1
lqbklocp,"Beatrice Heuser",1
l2lgk32o,"Ben Haenow",1
ufic02m4,"Ben Hull",1
ft4l9kun,"Beth Hart",1
savi1b8w,"Beverley Hughes",1
p0wnwyvk,"Bianca Hunt",1
vmt6dwow,"Bill Hayden",1
puk5c0p5,"Bill Heffernan",1
59r429di,"Blake Harrison",1
5jg2m1f6,"Bob Hawke",1
wi5lomrv,"Boyd Hilton",1
ybytvle7,"Brad Hooker",1
mskmaozn,"Brean Hammond",1
md9eeq5q,"Brent Hoberman",1
4etcpb2h,"Brian Huggett",1
0pyq3q20,"Bronagh Hinds",1
2ejqquk2,"Bruce Hawker",1
7gtu47pk,"Bruce Hood",1
t1mlwzm2,"Calum Hood",1
4g3crziw,"Calvin Harris",1
belljdfn,"Carolyn Holbrook",1
6z92qgnc,"Catherine Harris",1
jnul2vp9,"Cathy Humphreys",1
c1p6witn,"Chanelle Hayes",1
3510a5r6,"Charles Hope",1
tjoup5iy,"Charlie Healy",1
wjtun6ym,"Charlie Hodgson",1
nlqsigt2,"Charlotte Hawkins",1
qufar85x,"Charlotte Henshaw",1
z2xak90w,"Chesney Hawkes",1
nyq5vnxa,"Chris Hadfield",1
s4qzncpn,"Chris Hammond",1
t39svb3d,"Chris Hardman",1
x0fj17il,"Chris Hughes",1
a5731fxw,"Chrissie Hynde",1
bf23acug,"Christa Hughes",1
wqo1lgoh,"Christa Hughes",1
pa53ah9i,"Christian Horner",1
kjkmboz5,"Christine Hancock",1
insxh17c,"Christopher Haigh",1
5w6thbmn,"Claire Holder",1
z85cl51z,"Claire Honess",1
u9m2m80f,"Clare Hollingworth",1
s5fufp50,"Claudia Hammond",1
u4c0rxx1,"Clive Hamilton",1
5ch2rq6y,"Clive Hornby",1
cu08bbla,"Colin Hay",1
26zia2sg,"Colleen Hewett",1
wqsbj5q7,"Crispin Hunt",1
gwz8oixg,"Dame Olwen Hufton",1
z4l6lhwc,"Dan Hicks",1
az3y8qei,"Dan Hipgrave",1
t5b4tlzv,"Dani Harmer",1
eywcqucc,"Daniel 'Swampy' Hopper",1
mu95zcy4,"Danielle Hope",1
tz2ojbpn,"Dann Hume",1
ab07gq9z,"Daryl Hannah",1
isz207g9,"Dave Haywood",1
28wr0zjj,"Dave Hill",1
bx2jz22t,"David Haig",1
6952jz5e,"David Hayman",1
s3kc2vd7,"Dawn Harper",1
2k2ld9f5,"Dean Holdsworth",1
5wdj8v6o,"Deborah Hyde",1
mece5h1r,"Debra Higgs Strickland",1
c9kboary,"Deni Hines",1
hibc8gua,"Denise Hardest",1
wh269agc,"Derryn Hinch",1
kutfc0ty,"Devonte Hynes",1
7kr6nb8t,"Diane Hart",1
pq2b2jc8,"Dianne Hayter",1
0w7rfu33,"Dr Hannah McGlade",1
v41i3vt5,"Dr Helen Castor",1
zlr0e546,"Dr Helena Cronin",1
3r2cow8j,"Dr Stefan Hajkowicz",1
n17zw8ad,"Drew Hendry",1
8j6ge2vm,"Dustin Hoffman",1
git0qle8,"Edna Healey",1
dg6bgzoj,"Edward Hibbert",1
gp7xgtri,"Elisabeth van Houts",1
9ddqpe17,"Elizabeth Hoodless",1
l65tdoom,"Elizabeth Hurley",1
332wvtek,"Ella Henderson",1
9btatcw1,"Emily Howie",1
jbmfrjzh,"Emma Hogan",1
1l0ocyud,"Engelbert Humperdinck",1
dss1afga,"Eric Hall",1
q9414rho,"Evan Harris",1
e8gcknxl,"Evander Holyfield",1
ojnmij6t,"Frankie J Holden",1
rxh8cree,"Frankie J. Holden",1
6pf7h6qe,"Gary Hart",1
ev4yoegx,"Gavin Hastings",1
9ji6qlhv,"Gavin Henson",1
7t7ltp0p,"Geoff Hampton",1
tem9epdc,"Geoffrey Hayes",1
thyl05z9,"Geoffrey Hughes",1
i4p0xxgw,"George Hamilton",1
6onn2pca,"Georgina Hermitage",1
hwzlxj3d,"Gideon Haigh",1
9k7swpjj,"Gillian Hawser",1
6x9u6e1z,"Glenn Hoddle",1
gdf6brx9,"Glenn Hugill",1
yqyvv1o7,"Gordon Haskell",1
ey9wjddd,"Gordon Honeycombe",1
tjabo9cb,"HG Nelson",1
84d1jrl2,"Haifaa al-Mansour",1
mea1l09q,"Hairy Bikers",1
99kjyeit,"Hal Robson-Kanu",1
zepykbct,"Haleh Afshar",1
rk2mo2hg,"Hamish Clark",1
8lhrgrsx,"Hanifa Deen",1
b7x7d0y6,"Hank B. Marvin",1
rrl73991,"Hank Williamson",1
1j3nios3,"Hanna Rosin",1
asqorvd0,"Hannah Clack",1
k6l4rob8,"Hannah Davis",1
f3v2yaah,"Hannah Fry",1
l5cicucj,"Hannah Fry",1
6ou9glo8,"Hannah May Riley",1
voqduhuk,"Hannah Mills",1
1bjayyjp,"Hannah Reilly",1
ckjebcww,"Hannah Weller",1
1pd28tsj,"Hannah-joy Lewis",1
5bty6xdg,"Hans Johann-Glock",1
521l2tvp,"Hari Kondabolu",1
mhs00ae5,"Harold Bloom",1
96rpys30,"Harold Ellis",1
gd0z5y4f,"Harold McCusker",1
mtvgh4eu,"Harold Mitchell",1
t0vfc55m,"Harriet Crawley",1
0jsethto,"Harriet Sergeant",1
g8pdq513,"Harriet Thorpe",1
spberwqa,"Harry Bennett",1
xjxi8gpz,"Harry Connick Jr.",1
nt97gymi,"Harry Evans",1
ljuw5g3i,"Harry Junkin",1
jrjh3583,"Harry Koisser",1
xiz4e1wk,"Harry Kroto",1
zh4oxji1,"Hartley Booth",1
to6sbvuv,"Hayley Squires",1
3p66vulj,"Hayley Turner",1
9oxiayh9,"Hazel Kaneswaren",1
zy4c72u5,"Hazel Rymer",1
xaybd05b,"Hazel Townsend",1
2ccvnf64,"Heath Ducker",1
iiva7nsq,"Heather Chasen",1
fjgmxt58,"Heather Couper",1
mb3kgibq,"Heather Fell",1
u94ov9cz,"Heather Jenner",1
fq447nq9,"Heather Mills",1
1umz5e48,"Heather O’Donoghue",1
n83l7rq8,"Heather Stanning",1
s9sntubt,"Heather Watson",1
me8j663w,"Heidi Allen",1
cmq46ct8,"Heidi Montag",1
ozy0agdw,"Heidi Regan",1
lne9fxs9,"Helen Arney",1
dxpjl1j1,"Helen Boaden",1
5m41ccss,"Helen Cherry",1
de191gyh,"Helen Croome",1
fekx1sia,"Helen Czerski",1
uzlnr8qm,"Helen DeMacque",1
xc7hjabr,"Helen Fielding",1
zoe1l9n1,"Helen Fulton",1
sncgegz2,"Helen Graham",1
ca4jr3x7,"Helen Hackett",1
6hrdf0ft,"Helen Hills",1
jweoou0x,"Helen Joyce",1
1vucuvv7,"Helen Kroger",1
byzaakeo,"Helen McCabe",1
g6x0czgj,"Helen McCrory",1
neshx5sy,"Helen Razer",1
dzupm2m9,"Helen Whately",1
ctphooum,"Henri Leconte",1
z4hrmit8,"Henry Bolton",1
kqdpdlx7,"Henry Catto",1
21txrn9r,"Henry Dimbleby",1
k1pl9jqn,"Henry Herbert",1
ku5tl4z6,"Henry Kissinger",1
f96v9azq,"Henry Luxemburg",1
d5k3q8fj,"Henry Reynolds",1
if8w2hoz,"Herbert Riley",1
hpufnz04,"Hermione Cockburn",1
larrl22r,"Hermione Hobhouse",1
bi8x8xbv,"Hervé Mariton",1
78mc1nop,"Hew Strachan",1
8924nkmt,"Hilary Alexander",1
oh09joco,"Hilary Bamford",1
zk8edic0,"Hilary Campbell",1
zvsmq8t9,"Hilary Downes",1
jhtls60p,"Hilary Duff",1
1gn2enlc,"Hilary Greaves",1
q7zl41wk,"Hilary Marland",1
uy3yifx9,"Hilary Rose",1
fybo6yr8,"Hilary Williams",1
jecziyoy,"Hillary Scott",1
ab4vmzmv,"Holli Dempsey",1
t0kaqm1g,"Hollie Arnold",1
4hx9z38o,"Holly Aird",1
h5nit3us,"Holly Bell",1
80hls3qd,"Holly Bleasdale",1
e1aqd04u,"Holly Hamilton",1
oaqwybkg,"Holly Kramer",1
lnx3hnrz,"Holly Throsby",1
orlzzqr7,"Holly Valance",1
nd6z4vsl,"Hoss Power",1
flejg7mp,"Howard Booth",1
eyg8ti61,"Howard Hotson",1
y2cc4c4w,"Howard Jacobson",1
uyu2r3d5,"Howard Marks",1
u075tp5r,"Howard Read",1
8qxdrbms,"Hugh Clegg",1
elcfbqfk,"Hugh Cornwell",1
ytfrnt0l,"Hugh Dykes",1
etr7l8jb,"Hugh Grant",1
duk4ebm5,"Hugh Halliday",1
3ovbrtjw,"Hugh Hendry",1
t9yxzrsw,"Hugh Jones",1
u56xtjl4,"Hugh Montefiore",1
qw8wx7s4,"Hugh Pennington",1
ff8syz5u,"Hugo Taylor",1
z49w47ci,"Huw Edwards",1
8ldo2fno,"Huw Pryce",1
75vtmt60,"Hy Hazell",1
hgsc9tjx,"Hywel Williams",1
5ti76cah,"Iain Hewitson",1
nuxk3wb5,"Ian Hay Davidson",1
60venyt3,"Ian Hyland",1
xi1x6a7m,"Iestyn Harris",1
0gpietsz,"Isaac Hanson",1
ojnga9w3,"Isabel Hilton",1
qb4hnpkq,"Jack Howard",1
4c6f6wau,"Jackie Huggins",1
jllvepaf,"Jake Howie",1
vshkie75,"James Harris",1
g4thrlzt,"James Hewitt",1
emifcn55,"James Hooton",1
ac5stw1s,"James Horwill",1
yvlnuvrq,"James Howard-Johnston",1
o9a7qtgm,"Jamie Heaslip",1
9f42puha,"Jan Halper-Hayes",1
33zrcsf2,"Jan Harvey",1
iuprwkkk,"Jane Hanscom",1
fkyhns23,"Javine Hylton",1
ryt8o0wq,"Jennifer Hornsby",1
f09ucore,"Jeremy Hanley",1
x0xbt1qo,"Jimmy Hill",1
ngsgeugh,"Joanna Hodge",1
je7s0kh5,"Joanne Harris",1
7zadn6p6,"John Heilbron",1
uejke8ee,"John Hodgman",1
tlf7mkzi,"John Hoskyns",1
ndy47h8f,"John Howard",1
ffm2jprf,"John Michael Howson",1
1rp3xl8i,"Johnny Herbert",1
5fhr3pzi,"Jonathan Holmes",1
quhfvc95,"Jools Holland",1
n2cb4fer,"Josephine Hart",1
bnmot9ej,"Judith Hann",1
y1oihs1h,"Judith Herrin",1
6bpr2vqz,"Judith Howard",1
r4n4b7ap,"Julia Haworth",1
kimxya5r,"Julian Huppert",1
p0cxqxq8,"Justin Heazlewood",1
tvho31ss,"Karen Hitchcock",1
htkk6p25,"Kate Hodgson",1
qb1ygj4n,"Kate Miller Heidke",1
q1xjijm6,"Katherine Harloe",1
wnzym5bp,"Katherine Hudson",1
byh20vun,"Kay Hymowitz",1
qfrtgzqn,"Keeley Hawes",1
jughowu1,"Keith Hanley",1
a85hf6qe,"Keith Harris",1
kvy2kib1,"Keith Hellawell",1
ua5pytcr,"Kenneth Horne",1
ohmbu1bg,"Kieran Hayler",1
gozxcyqq,"Kieron Harvey",1
fb4texxo,"Kirstene Hair",1
8zrv66fy,"Kirsty Heslewood",1
60vtrwuh,"Kristin Hallenga",1
tzp3sabz,"Lance Horne",1
69nun258,"Lara Honnor",1
dzns2t76,"Larry Hagman",1
k1x0m0c8,"Larry Hibbitt",1
vlojq9ih,"Laura Herz",1
746w208w,"Lauren Holly",1
6jtjgmyy,"Laurence Howarth",1
uh7i0lge,"Leyla Hussein",1
lkrj2gh6,"Liam Halligan",1
jlns1ej8,"Lianne La Havas",1
ft61k6f5,"Linda Henry",1
8qxzts1g,"Lord Geoffrey Howe",1
mnniioi2,"Lord Havers",1
k3z6j988,"Lord Heseltine",1
9t15npui,"Lord Howe",1
wuoc764f,"Louise Harra",1
yimnpmxt,"Louise Harris",1
wlnfra2m,"Luke Hemmings",1
93s1ap7i,"Lyndsay Hammond",1
jjwlmwrk,"MC Harvey",1
3p6c8d24,"Maddie Hinch",1
yejcv2sa,"Marcia Hines",1
t92fwrgs,"Margaret Hillenbrand",1
5xz40i62,"Maria Hayward",1
v1ihr0yr,"Marion Harewood",1
4yoiwfln,"Mark Hoban",1
182vyke2,"Mark Holden",1
nds2vxkk,"Mark Homer",1
y1a7w2sd,"Mark Hoppus",1
zqx8ias0,"Mary Ann Hobbs",1
29hle4c4,"Matt Hardy",1
85s5vl18,"Matthew Healy",1
50rw29i1,"Matthew Hussey",1
paz4k9d7,"Melvyn Hayes",1
xpa0h89i,"Michael D. Higgins",1
v4ejzzxl,"Michael Hancock",1
wtltc1wq,"Michael Heaver",1
uxsr6vlp,"Michael Hirst",1
tdxjllwq,"Michael Hoeckelmann",1
vty3tg99,"Michael Howe",1
qo498kqu,"Michael Höckelmann",1
glsoi8pm,"Mickey Hutton",1
yurv2y45,"Miles Hunt",1
t7i9ahds,"Mitch Hewer",1
jivvpng8,"Mitch Hooke",1
7sfl1qlb,"Mohsin Hamid",1
a093bghx,"Moray Hunter",1
95zqm746,"Mr. Hudson",1
5i2idooj,"Nancye Hayes",1
0s6e5f2w,"Narelle Hooper",1
9ywzgfsh,"Natasya Hodges",1
x2a1912r,"Nazeem Hussain",1
6444dgsk,"Neirys Hughes",1
i79ilsrd,"Nic Holas",1
yctx81g7,"Nicholas Horsley",1
nyzm8fug,"Nicholas Hoult",1
ivv4bxhl,"Nicholas Humphrey",1
hxjfnpsr,"Nick Herbert",1
mmgubsb8,"Nick Hodgson",1
vrnsc6og,"Nicky Harrison",1
yydz64va,"Nico Hulkenberg",1
6v64yw1e,"Nigel Hamilton",1
gmhmehbk,"Ninette Howard",1
doat9285,"Noah Huntley",1
bemfqou3,"Noni Hazlehurst",1
1f5aywhm,"Norman Housley",1
lvo03gr6,"Oliver Heath",1
m6sohjot,"Olivia Hallinan",1
qipjiavb,"Olsa Henniker",1
beaattks,"Ophelie Hocquard",1
mh07euqn,"Paris Hilton",1
dow08f5r,"Pat Hudson",1
wk0qxvwq,"Patience Hodgson",1
48c2dz7q,"Patricia Hunt",1
edh8fkw0,"Paul Henderson",1
a0mqxwnk,"Paula Hawkins",1
4g29w10u,"Perez Hilton",1
9vcqjbji,"Peter Hannam",1
e8p76h73,"Peter Harman",1
mx1a07ok,"Peter Harvey",1
fzz9rtvh,"Peter Hennessy",1
dj5srs93,"Peter Hill-Norton",1
gpcx0vw2,"Peter Hillimore",1
fl9887c3,"Peter Holmes à Court",1
133j3155,"Peter Hook",1
fqhwurnz,"Petrina Holdsworth",1
i8fq6rqa,"Philip Hardie",1
zkay384y,"Philip Howard",1
uaflhx6h,"Philip Huward",1
xml46qv1,"Priya Hall",1
f52cx74x,"Prof Heinz Wolff",1
eli5fyxe,"Professor Heinz Wolff",1
olas5uue,"Professor Henry Louis Gates Jr",1
0qzkrqn6,"Professor Homi Bhabha",1
88lswbt9,"Quintin Hogg",1
hm9uuy94,"Rachel Hunter",1
tpwterle,"Raoul Heertje",1
pv3y3zgj,"Ratih Hardjono",1
rw971oyl,"Rebecca Hardy",1
i3f4opxi,"Rebecca Hunter",1
4t1kvcol,"Rebekah Higgitt",1
jd2vruko,"Rev Kate Harford",1
wec1ciy4,"Richard Hadlee",1
dpz2gl1m,"Richard Hamblyn",1
hkyy58wx,"Richard Harries",1
3pc6kvrg,"Richard Harrington",1
26681ll9,"Richard Hibbard",1
5kygc5wq,"Richard Hill",1
ugsoo6nu,"Richard Hingley",1
kv2i4wku,"Richard Hunter",1
dxt99yq9,"Rob Hopkins",1
vlyvrthe,"Rob Howley",1
zcmqhdv6,"Robert Hampson",1
dy8p7sal,"Robert Horley",1
h3twk9z5,"Robert Horton",1
pcvyqol6,"Rod Hackney",1
283co3wa,"Roger Highfield",1
yz7l49ln,"Ronald Hayman",1
yrhwmqab,"Rosalyn Higgins",1
3zkns58d,"Ruth Harris",1
tjjkyaev,"Ryan Hall",1
kcempj8i,"Sabrina Houssami",1
3r4kdn2c,"Sally Hamwee",1
1gkiabnb,"Sally Hitchiner",1
juig84i9,"Sally-Anne Hayward",1
d5vmlbxn,"Sandra Horley",1
5ss8lhjo,"Sara Haghdoosti",1
0a0qvwlg,"Sarah Harris",1
7mxxucuz,"Sarah Harrison",1
aucsglqi,"Sarah Henderson",1
eyn516cd,"Sarah Hudspith",1
h335lspp,"Sarah Hutton",1
aoh8i6fc,"Scott Hastings",1
z0gidquh,"Scott Henshall",1
j38q6awm,"Seetha Hallett",1
lm14rmeb,"Sekai Holland",1
7xlo0f86,"Shane Howarth",1
bimqvovx,"Shelley Hartland",1
hdaaroq8,"Simon Hamilton",1
nc0vrwmq,"Simon Hart",1
3nd16x89,"Simon Hickson",1
bdnh1dc4,"Simon Hornby",1
fesjn6yp,"Sir Colin Humphreys",1
kjsv568z,"Sir John Houghton",1
qggr5bmz,"Sir Max Hastings",1
ba95klxz,"Sir Peter Hall",1
8kdp17d5,"Sophie Hahn",1
rs9ujo7o,"Steph Houghton",1
6jiq4c2a,"Stephen Halliwell",1
chj45z26,"Stephen Hunt",1
o5n2zyad,"Steve Harley",1
9voh2gv6,"Steve Hilton",1
haw49h0a,"Steve Hughes",1
a8gc5ze9,"Stewart Hosie",1
ecl9xv6h,"Stjepan Hauser",1
tjeo9kx5,"Stuart Holden",1
3x3c8vjj,"Stuart Holdham",1
oqr2fzgb,"Sue Hamilton",1
7sgwolxt,"Susan Hanson",1
02drg7ik,"Susan Hardman Moore",1
g7ewy4qe,"Susan Hili",1
91gff5ag,"Tanya Hosch",1
yi7en8sl,"Taylor Hanson",1
yz9xc6rv,"Ted Honderich",1
dg3mbajl,"Teri Hatcher",1
2nl0yc9r,"The Rt. Hon. Tub of Lard",1
uluvi1qq,"Thierry Henry",1
zffhghue,"Thomas Hahn",1
xno4vfzt,"Tim Harford",1
mnohbjai,"Timothy Hawkes",1
gq8bojv7,"Tippi Hedren",1
6jn0d6t3,"Tom Herbert",1
7f0d138u,"Tom Hollander",1
3da6edap,"Tom Hudson",1
3tr2o68y,"Tom Hunter",1
wdsxc324,"Tony Hall",1
4gu8l0u5,"Tony Hirst",1
aorgz9p3,"Torey Hayden",1
h8uouvp9,"Tracey McLeod Howe",1
x93osfa6,"Val Hudson",1
hyx97z6f,"Vanessa Harding",1
gtr8ovqc,"Vanessa Hehir",1
702z2ea1,"Vicky Hall",1
5jlklhax,"Vicky Hawkins",1
idpj98u9,"Victoria Hart",1
5hl0t1z5,"Wendy Hall",1
9nscoxoy,"Wendy Hogg",1
as2mdre9,"Yannis Hamilakis",1
qt72ka62,"Zoë Henry",1
