Episode,Date,Guests (Himself/Herself - Role),References
1x01,1972-04-11,0i00czvq:Graeme Garden (Himself);27i85ut0:Jo Kendall (Herself);tn2a91cb:Tim Brooke-Taylor (Himself);l57v7nvn:Bill Oddie (Himself);anx0aq5q:Humphrey Lyttelton (Himself - Host);,http://genome.ch.bbc.co.uk/8cce89d8f25d4c18bcf10e0f43ddd946
1x02,1972-04-18,0i00czvq:Graeme Garden (Himself);27i85ut0:Jo Kendall (Herself);tn2a91cb:Tim Brooke-Taylor (Himself);l57v7nvn:Bill Oddie (Himself);t4r1ivmw:Barry Cryer (Himself - Host);,http://genome.ch.bbc.co.uk/9464013611b24e889e95fadda49a9a34
1x03,1972-04-25,0i00czvq:Graeme Garden (Himself);27i85ut0:Jo Kendall (Herself);tn2a91cb:Tim Brooke-Taylor (Himself);l57v7nvn:Bill Oddie (Himself);t4r1ivmw:Barry Cryer (Himself - Host);,http://genome.ch.bbc.co.uk/da776efd2dd045c88a4ff67ed4ee0e5c
1x04,1972-05-02,hq88jn9g:John Cleese (Himself);tn2a91cb:Tim Brooke-Taylor (Himself);l57v7nvn:Bill Oddie (Himself);anx0aq5q:Humphrey Lyttelton (Himself - Host);0i00czvq:Graeme Garden (Himself);,http://genome.ch.bbc.co.uk/f3a8952e04784db88d243ecd78705ba3
1x05,1972-05-09,tn2a91cb:Tim Brooke-Taylor (Himself);hq88jn9g:John Cleese (Himself);0i00czvq:Graeme Garden (Himself);l57v7nvn:Bill Oddie (Himself);anx0aq5q:Humphrey Lyttelton (Himself - Host);,http://genome.ch.bbc.co.uk/4ad5943ae8ba4fb9812bf5dcdb58040a
1x06,1972-05-16,tn2a91cb:Tim Brooke-Taylor (Himself);hq88jn9g:John Cleese (Himself);0i00czvq:Graeme Garden (Himself);l57v7nvn:Bill Oddie (Himself);anx0aq5q:Humphrey Lyttelton (Himself - Host);,http://genome.ch.bbc.co.uk/71b0867219494eb995c4ade4675ce1b0
1x07,1972-05-23,tn2a91cb:Tim Brooke-Taylor (Himself);hq88jn9g:John Cleese (Himself);0i00czvq:Graeme Garden (Himself);l57v7nvn:Bill Oddie (Himself);anx0aq5q:Humphrey Lyttelton (Himself - Host);,http://genome.ch.bbc.co.uk/ca78a674399a4c788301772e8d67ede0
1x08,1972-05-30,tn2a91cb:Tim Brooke-Taylor (Himself);0i00czvq:Graeme Garden (Himself);27i85ut0:Jo Kendall (Herself);l57v7nvn:Bill Oddie (Himself);,http://genome.ch.bbc.co.uk/7929188c3c7f4d90abf1147b013334cf
1x09,1972-06-06,tn2a91cb:Tim Brooke-Taylor (Himself);0i00czvq:Graeme Garden (Himself);27i85ut0:Jo Kendall (Herself);l57v7nvn:Bill Oddie (Himself);t4r1ivmw:Barry Cryer (Himself - Host);,http://genome.ch.bbc.co.uk/9589d3b765f14f508f306f846d1a60be
1x10,1972-06-13,tn2a91cb:Tim Brooke-Taylor (Himself);hq88jn9g:John Cleese (Himself);0i00czvq:Graeme Garden (Himself);cpzjwbil:Bill Oddle ();t4r1ivmw:Barry Cryer (Himself - Host);,http://genome.ch.bbc.co.uk/285ac5ffe8554a8e9d227d2b195aba29
1x11,1972-06-20,tn2a91cb:Tim Brooke-Taylor (Himself);hq88jn9g:John Cleese (Himself);0i00czvq:Graeme Garden (Himself);l57v7nvn:Bill Oddie (Himself);t4r1ivmw:Barry Cryer (Himself - Host);,http://genome.ch.bbc.co.uk/785130325c86446fa8e38fbdb0b5a8e2
1x12,1972-06-27,tn2a91cb:Tim Brooke-Taylor (Himself);hq88jn9g:John Cleese (Himself);0i00czvq:Graeme Garden (Himself);27i85ut0:Jo Kendall (Herself);anx0aq5q:Humphrey Lyttelton (Himself - Host);,http://genome.ch.bbc.co.uk/24067268f9034f4dbd2dbffe5f6fa0cf
1x13,1972-07-04,tn2a91cb:Tim Brooke-Taylor (Himself);hq88jn9g:John Cleese (Himself);0i00czvq:Graeme Garden (Himself);27i85ut0:Jo Kendall (Herself);anx0aq5q:Humphrey Lyttelton (Himself - Host);,http://genome.ch.bbc.co.uk/627bfb996c2647f49941e7d260845184
2x01,1973-04-30,tn2a91cb:Tim Brooke-Taylor (Himself);t4r1ivmw:Barry Cryer (Himself);0i00czvq:Graeme Garden (Himself);l57v7nvn:Bill Oddie (Himself);anx0aq5q:Humphrey Lyttelton (Himself - Host);,http://genome.ch.bbc.co.uk/a9ac7a7760c049838df4ccf383f97b25
2x02,1973-05-07,tn2a91cb:Tim Brooke-Taylor (Himself);t4r1ivmw:Barry Cryer (Himself);0i00czvq:Graeme Garden (Himself);l57v7nvn:Bill Oddie (Himself);anx0aq5q:Humphrey Lyttelton (Himself - Host);,http://genome.ch.bbc.co.uk/2112e8971cfa46a9961cffca2de41c1a
2x03,1973-05-14,tn2a91cb:Tim Brooke-Taylor (Himself);t4r1ivmw:Barry Cryer (Himself);0i00czvq:Graeme Garden (Himself);l57v7nvn:Bill Oddie (Himself);anx0aq5q:Humphrey Lyttelton (Himself - Host);,http://genome.ch.bbc.co.uk/6f0d8de926344437a027ad047528cbe4
2x04,1973-05-21,tn2a91cb:Tim Brooke-Taylor (Himself);t4r1ivmw:Barry Cryer (Himself);0i00czvq:Graeme Garden (Himself);l57v7nvn:Bill Oddie (Himself);anx0aq5q:Humphrey Lyttelton (Himself - Host);,http://genome.ch.bbc.co.uk/bc92b040a1124fbcaea6cb6ac7f974aa
2x05,1973-05-28,tn2a91cb:Tim Brooke-Taylor (Himself);t4r1ivmw:Barry Cryer (Himself);0i00czvq:Graeme Garden (Himself);l57v7nvn:Bill Oddie (Himself);anx0aq5q:Humphrey Lyttelton (Himself - Host);,http://genome.ch.bbc.co.uk/64c449d04c8e4d978e0aff491e431be2
2x06,1973-06-04,tn2a91cb:Tim Brooke-Taylor (Himself);t4r1ivmw:Barry Cryer (Himself);0i00czvq:Graeme Garden (Himself);l57v7nvn:Bill Oddie (Himself);anx0aq5q:Humphrey Lyttelton (Himself - Host);,http://genome.ch.bbc.co.uk/a3e7a7b48328448b916c58dbb37490d4
2x07,1973-06-11,tn2a91cb:Tim Brooke-Taylor (Himself);t4r1ivmw:Barry Cryer (Himself);0i00czvq:Graeme Garden (Himself);l57v7nvn:Bill Oddie (Himself);anx0aq5q:Humphrey Lyttelton (Himself - Host);,http://genome.ch.bbc.co.uk/5f1b9b274acd4088be78d47cad16bd98
2x08,1973-06-18,tn2a91cb:Tim Brooke-Taylor (Himself);t4r1ivmw:Barry Cryer (Himself);0i00czvq:Graeme Garden (Himself);l57v7nvn:Bill Oddie (Himself);anx0aq5q:Humphrey Lyttelton (Himself - Host);,http://genome.ch.bbc.co.uk/cdd895c7ff9a40ba9d10aee3a20b6b3d
2x09,1973-06-25,tn2a91cb:Tim Brooke-Taylor (Himself);t4r1ivmw:Barry Cryer (Himself);0i00czvq:Graeme Garden (Himself);l57v7nvn:Bill Oddie (Himself);anx0aq5q:Humphrey Lyttelton (Himself - Host);,http://genome.ch.bbc.co.uk/4031bceec82149578f30854766bc4cc7
2x10,1973-07-02,tn2a91cb:Tim Brooke-Taylor (Himself);t4r1ivmw:Barry Cryer (Himself);0i00czvq:Graeme Garden (Himself);l57v7nvn:Bill Oddie (Himself);anx0aq5q:Humphrey Lyttelton (Himself - Host);,http://genome.ch.bbc.co.uk/13b47d14779c44f19536980c9aa9f515
2x11,1973-07-09,anx0aq5q:Humphrey Lyttelton (Himself - Host);tn2a91cb:Tim Brooke-Taylor (Himself);t4r1ivmw:Barry Cryer (Himself);0i00czvq:Graeme Garden (Himself);l57v7nvn:Bill Oddie (Himself);,http://genome.ch.bbc.co.uk/910583cb3f3644678facbc402d67eaed
2x12,1973-07-16,tn2a91cb:Tim Brooke-Taylor (Himself);t4r1ivmw:Barry Cryer (Himself);0i00czvq:Graeme Garden (Himself);l57v7nvn:Bill Oddie (Himself);anx0aq5q:Humphrey Lyttelton (Himself - Host);,http://genome.ch.bbc.co.uk/7f5a12a1ffec4fa38e5cc7b05713e52f
2x13,1973-07-23,tn2a91cb:Tim Brooke-Taylor (Himself);t4r1ivmw:Barry Cryer (Himself);0i00czvq:Graeme Garden (Himself);l57v7nvn:Bill Oddie (Himself);anx0aq5q:Humphrey Lyttelton (Himself - Host);,http://genome.ch.bbc.co.uk/11462d60c4194170a904ad7a5d11fed9
3x01,1974-08-28,tn2a91cb:Tim Brooke-Taylor (Himself);t4r1ivmw:Barry Cryer (Himself);0i00czvq:Graeme Garden (Himself);ooro5gcx:Willie Rushton (Himself);anx0aq5q:Humphrey Lyttelton (Himself - Host);,http://genome.ch.bbc.co.uk/54ffa8192cc941c887a8b92bd14ebfc7
3x02,1974-09-04,tn2a91cb:Tim Brooke-Taylor (Himself);t4r1ivmw:Barry Cryer (Himself);0i00czvq:Graeme Garden (Himself);ooro5gcx:Willie Rushton (Himself);anx0aq5q:Humphrey Lyttelton (Himself - Host);,http://genome.ch.bbc.co.uk/bafa4eb76ec34c5a973f3f1d3e05ac85
3x03,1974-09-11,tn2a91cb:Tim Brooke-Taylor (Himself);t4r1ivmw:Barry Cryer (Himself);0i00czvq:Graeme Garden (Himself);ooro5gcx:Willie Rushton (Himself);anx0aq5q:Humphrey Lyttelton (Himself - Host);,http://genome.ch.bbc.co.uk/27af5f01042349919f34d316f216bc48
3x04,1974-09-18,tn2a91cb:Tim Brooke-Taylor (Himself);t4r1ivmw:Barry Cryer (Himself);0i00czvq:Graeme Garden (Himself);ooro5gcx:Willie Rushton (Himself);anx0aq5q:Humphrey Lyttelton (Himself - Host);,http://genome.ch.bbc.co.uk/fdab100f1c7242d3baeea3da35597712
3x05,1974-09-25,tn2a91cb:Tim Brooke-Taylor (Himself);t4r1ivmw:Barry Cryer (Himself);0i00czvq:Graeme Garden (Himself);ooro5gcx:Willie Rushton (Himself);anx0aq5q:Humphrey Lyttelton (Himself - Host);,http://genome.ch.bbc.co.uk/48aa3bb1d4a04c8da7c73e1767d441c4
3x06,1974-10-02,tn2a91cb:Tim Brooke-Taylor (Himself);t4r1ivmw:Barry Cryer (Himself);0i00czvq:Graeme Garden (Himself);ooro5gcx:Willie Rushton (Himself);anx0aq5q:Humphrey Lyttelton (Himself - Host);,http://genome.ch.bbc.co.uk/a9fa95ccb98b4b86b24fa60e3ce9a251
4x01,1975-07-29,tn2a91cb:Tim Brooke-Taylor (Himself);t4r1ivmw:Barry Cryer (Himself);0i00czvq:Graeme Garden (Himself);ooro5gcx:Willie Rushton (Himself);anx0aq5q:Humphrey Lyttelton (Himself - Host);,http://genome.ch.bbc.co.uk/6fe878adec8f4ce38034fad118d746c8
4x02,1975-08-05,tn2a91cb:Tim Brooke-Taylor (Himself);t4r1ivmw:Barry Cryer (Himself);0i00czvq:Graeme Garden (Himself);ooro5gcx:Willie Rushton (Himself);anx0aq5q:Humphrey Lyttelton (Himself - Host);,http://genome.ch.bbc.co.uk/2541b1ebd7c2450f8edb4c378849b799
4x03,1975-08-12,t4r1ivmw:Barry Cryer (Himself);0i00czvq:Graeme Garden (Himself);m5gf0nij:John Junkin (Himself);ooro5gcx:Willie Rushton (Himself);anx0aq5q:Humphrey Lyttelton (Himself - Host);,http://genome.ch.bbc.co.uk/d5083d4bb76e44bcb5cb82f1834ccf8f
4x04,1975-08-19,t4r1ivmw:Barry Cryer (Himself);0i00czvq:Graeme Garden (Himself);m5gf0nij:John Junkin (Himself);ooro5gcx:Willie Rushton (Himself);anx0aq5q:Humphrey Lyttelton (Himself - Host);,http://genome.ch.bbc.co.uk/9f420cf866a844fd9595c6aa47bc9f77
4x05,1975-08-26,tn2a91cb:Tim Brooke-Taylor (Himself);t4r1ivmw:Barry Cryer (Himself);0i00czvq:Graeme Garden (Himself);ooro5gcx:Willie Rushton (Himself);anx0aq5q:Humphrey Lyttelton (Himself - Host);,http://genome.ch.bbc.co.uk/a108c108bcaa412a85b475cc02002296
4x06,1975-09-02,tn2a91cb:Tim Brooke-Taylor (Himself);t4r1ivmw:Barry Cryer (Himself);0i00czvq:Graeme Garden (Himself);ooro5gcx:Willie Rushton (Himself);anx0aq5q:Humphrey Lyttelton (Himself - Host);,http://genome.ch.bbc.co.uk/48a0b37f11e94d19b856a71cde05c208
4x07,1975-09-09,tn2a91cb:Tim Brooke-Taylor (Himself);t4r1ivmw:Barry Cryer (Himself);0i00czvq:Graeme Garden (Himself);ooro5gcx:Willie Rushton (Himself);anx0aq5q:Humphrey Lyttelton (Himself - Host);,http://genome.ch.bbc.co.uk/e22e5f046f894f4cb26cd4eae3d8ddc3
4x08,1975-09-16,tn2a91cb:Tim Brooke-Taylor (Himself);t4r1ivmw:Barry Cryer (Himself);0i00czvq:Graeme Garden (Himself);ooro5gcx:Willie Rushton (Himself);anx0aq5q:Humphrey Lyttelton (Himself - Host);,http://genome.ch.bbc.co.uk/13b8d609969f4bf6a07517ed12b72339
5x01,1976-03-06,,
5x02,1976-03-13,,
5x03,1976-03-20,,
5x04,1976-03-27,,
5x05,1976-04-03,,
5x06,1976-04-10,,
6x01,1978-08-22,0i00czvq:Graeme Garden (Himself);t4r1ivmw:Barry Cryer (Himself);ooro5gcx:Willie Rushton (Himself);tn2a91cb:Tim Brooke-Taylor (Himself);anx0aq5q:Humphrey Lyttelton (Himself - Host);,
6x02,1978-08-29,0i00czvq:Graeme Garden (Himself);t4r1ivmw:Barry Cryer (Himself);tn2a91cb:Tim Brooke-Taylor (Himself);j7izyx26:Jonathan Lynn (Himself);anx0aq5q:Humphrey Lyttelton (Himself - Host);,http://genome.ch.bbc.co.uk/da646f8a2eb84fbba0fab1b0bf899aba
6x03,1978-09-05,tn2a91cb:Tim Brooke-Taylor (Himself);t4r1ivmw:Barry Cryer (Himself);0i00czvq:Graeme Garden (Himself);ooro5gcx:Willie Rushton (Himself);anx0aq5q:Humphrey Lyttelton (Himself - Host);,http://genome.ch.bbc.co.uk/e531d5d825b540e9adc109047caaef6e
6x04,1978-09-12,0i00czvq:Graeme Garden (Himself);t4r1ivmw:Barry Cryer (Himself);ooro5gcx:Willie Rushton (Himself);tn2a91cb:Tim Brooke-Taylor (Himself);anx0aq5q:Humphrey Lyttelton (Himself - Host);,http://genome.ch.bbc.co.uk/be51696380ee45ae8f8fd57e026bbff2
6x05,1978-09-19,tn2a91cb:Tim Brooke-Taylor (Himself);ooro5gcx:Willie Rushton (Himself);0i00czvq:Graeme Garden (Himself);t4r1ivmw:Barry Cryer (Himself);anx0aq5q:Humphrey Lyttelton (Himself - Host);,http://genome.ch.bbc.co.uk/146ead358abe48ab8d4128f968cecb6c
6x06,1978-09-26,tn2a91cb:Tim Brooke-Taylor (Himself);ooro5gcx:Willie Rushton (Himself);0i00czvq:Graeme Garden (Himself);t4r1ivmw:Barry Cryer (Himself);anx0aq5q:Humphrey Lyttelton (Himself - Host);,http://genome.ch.bbc.co.uk/dd0b31b202354ea298eba6bec73df787
6x07,1978-10-03,tn2a91cb:Tim Brooke-Taylor (Himself);j7izyx26:Jonathan Lynn (Himself);0i00czvq:Graeme Garden (Himself);t4r1ivmw:Barry Cryer (Himself);anx0aq5q:Humphrey Lyttelton (Himself - Host);,http://genome.ch.bbc.co.uk/b9bfe8bff36d4cf1945490b0c5784110
6x08,1978-10-10,t4r1ivmw:Barry Cryer (Himself);0i00czvq:Graeme Garden (Himself);tn2a91cb:Tim Brooke-Taylor (Himself);ooro5gcx:Willie Rushton (Himself);anx0aq5q:Humphrey Lyttelton (Himself - Host);,http://genome.ch.bbc.co.uk/089f840ed7d64d57bccda09d32bf049a
6x09,1978-10-17,0i00czvq:Graeme Garden (Himself);t4r1ivmw:Barry Cryer (Himself);tn2a91cb:Tim Brooke-Taylor (Himself);ooro5gcx:Willie Rushton (Himself);anx0aq5q:Humphrey Lyttelton (Himself - Host);,http://genome.ch.bbc.co.uk/f9e5f16ea6234d99a1f04a5f7a9af0f2
6x10,1978-10-24,tn2a91cb:Tim Brooke-Taylor (Himself);ooro5gcx:Willie Rushton (Himself);t4r1ivmw:Barry Cryer (Himself);0i00czvq:Graeme Garden (Himself);anx0aq5q:Humphrey Lyttelton (Himself - Host);,http://genome.ch.bbc.co.uk/7c2aa5bb071e442d8cf1f9803c04301e
7x01,1979-07-16,tn2a91cb:Tim Brooke-Taylor (Himself);0i00czvq:Graeme Garden (Himself);t4r1ivmw:Barry Cryer (Himself);ooro5gcx:Willie Rushton (Himself);anx0aq5q:Humphrey Lyttelton (Himself - Host);,http://genome.ch.bbc.co.uk/406cb40e65924897ad2b854ebabaa9ad
7x02,1979-07-23,anx0aq5q:Humphrey Lyttelton (Himself - Host);tn2a91cb:Tim Brooke-Taylor (Himself);ooro5gcx:Willie Rushton (Himself);t4r1ivmw:Barry Cryer (Himself);0i00czvq:Graeme Garden (Himself);,http://genome.ch.bbc.co.uk/177361b826c94661b7920476a9c71ba8
7x03,1979-07-30,tn2a91cb:Tim Brooke-Taylor (Himself);t4r1ivmw:Barry Cryer (Himself);0i00czvq:Graeme Garden (Himself);ooro5gcx:Willie Rushton (Himself);anx0aq5q:Humphrey Lyttelton (Himself - Host);,http://genome.ch.bbc.co.uk/8ac6b13740704acdb43a4347ffbc0241
7x04,1979-08-06,tn2a91cb:Tim Brooke-Taylor (Himself);t4r1ivmw:Barry Cryer (Himself);0i00czvq:Graeme Garden (Himself);ooro5gcx:Willie Rushton (Himself);anx0aq5q:Humphrey Lyttelton (Himself - Host);,http://genome.ch.bbc.co.uk/3a3d020078a141ec9eafdccf42b1ad8d
7x05,1979-08-13,t4r1ivmw:Barry Cryer (Himself);0i00czvq:Graeme Garden (Himself);tn2a91cb:Tim Brooke-Taylor (Himself);ltb2104r:Denise Coffey (Herself);anx0aq5q:Humphrey Lyttelton (Himself - Host);,http://genome.ch.bbc.co.uk/7effe567e6354af98f41dd7c5e011dfe
7x06,1979-08-20,t4r1ivmw:Barry Cryer (Himself);0i00czvq:Graeme Garden (Himself);tn2a91cb:Tim Brooke-Taylor (Himself);ooro5gcx:Willie Rushton (Himself);anx0aq5q:Humphrey Lyttelton (Himself - Host);,http://genome.ch.bbc.co.uk/628ec3ccd603477d9fe9bee78b7a7ef5
7x07,1979-08-27,0i00czvq:Graeme Garden (Himself);t4r1ivmw:Barry Cryer (Himself);ooro5gcx:Willie Rushton (Himself);tn2a91cb:Tim Brooke-Taylor (Himself);anx0aq5q:Humphrey Lyttelton (Himself - Host);,http://genome.ch.bbc.co.uk/1513ba4694cc4efa98a696e8d07c018a
7x08,1979-09-03,tn2a91cb:Tim Brooke-Taylor (Himself);ooro5gcx:Willie Rushton (Himself);t4r1ivmw:Barry Cryer (Himself);anx0aq5q:Humphrey Lyttelton (Himself - Host);0i00czvq:Graeme Garden (Himself);,http://genome.ch.bbc.co.uk/d0504954c6504871bc39678bd82ab9a0
7x09,1979-09-10,tn2a91cb:Tim Brooke-Taylor (Himself);ltb2104r:Denise Coffey (Herself);0i00czvq:Graeme Garden (Himself);t4r1ivmw:Barry Cryer (Himself);anx0aq5q:Humphrey Lyttelton (Himself - Host);,http://genome.ch.bbc.co.uk/a93e083e57d44a1cad13af285a3581e0
7x10,1979-09-17,tn2a91cb:Tim Brooke-Taylor (Himself);ooro5gcx:Willie Rushton (Himself);t4r1ivmw:Barry Cryer (Himself);0i00czvq:Graeme Garden (Himself);anx0aq5q:Humphrey Lyttelton (Himself - Host);,
8x01,1981-08-22,tn2a91cb:Tim Brooke-Taylor (Himself);ooro5gcx:Willie Rushton (Himself);0i00czvq:Graeme Garden (Himself);t4r1ivmw:Barry Cryer (Himself);anx0aq5q:Humphrey Lyttelton (Himself - Host);,http://genome.ch.bbc.co.uk/65d9b83fa4844a1abf7285b765be5cdd
8x02,1981-08-29,tn2a91cb:Tim Brooke-Taylor (Himself);ooro5gcx:Willie Rushton (Himself);0i00czvq:Graeme Garden (Himself);t4r1ivmw:Barry Cryer (Himself);anx0aq5q:Humphrey Lyttelton (Himself - Host);,http://genome.ch.bbc.co.uk/684e0cb506a4431e89725a47c677e5b6
8x03,1981-09-05,0i00czvq:Graeme Garden (Himself);t4r1ivmw:Barry Cryer (Himself);ooro5gcx:Willie Rushton (Himself);tn2a91cb:Tim Brooke-Taylor (Himself);anx0aq5q:Humphrey Lyttelton (Himself - Host);,http://genome.ch.bbc.co.uk/b2b60d65b7554273bf8f3deff71f98a0
8x04,1981-09-12,0i00czvq:Graeme Garden (Himself);t4r1ivmw:Barry Cryer (Himself);ooro5gcx:Willie Rushton (Himself);ltb2104r:Denise Coffey (Herself);anx0aq5q:Humphrey Lyttelton (Himself - Host);,http://genome.ch.bbc.co.uk/320ca857f99b4c9fa9644a7b56da9d33
8x05,1981-09-19,tn2a91cb:Tim Brooke-Taylor (Himself);ooro5gcx:Willie Rushton (Himself);0i00czvq:Graeme Garden (Himself);t4r1ivmw:Barry Cryer (Himself);anx0aq5q:Humphrey Lyttelton (Himself - Host);,http://genome.ch.bbc.co.uk/2ae237f869594b7899e0500413b389dd
8x06,1981-09-26,tn2a91cb:Tim Brooke-Taylor (Himself);ooro5gcx:Willie Rushton (Himself);t4r1ivmw:Barry Cryer (Himself);0i00czvq:Graeme Garden (Himself);anx0aq5q:Humphrey Lyttelton (Himself - Host);,http://genome.ch.bbc.co.uk/f849f7d48fc047da8f2252c5c558f424
8x07,1981-10-03,t4r1ivmw:Barry Cryer (Himself);tn2a91cb:Tim Brooke-Taylor (Himself);ooro5gcx:Willie Rushton (Himself);anx0aq5q:Humphrey Lyttelton (Himself - Host);0i00czvq:Graeme Garden (Himself);,http://genome.ch.bbc.co.uk/232d4ca8452142128541f4b6f5e1d8a1
8x08,1981-10-10,t4r1ivmw:Barry Cryer (Himself);ooro5gcx:Willie Rushton (Himself);0i00czvq:Graeme Garden (Himself);ltb2104r:Denise Coffey (Herself);anx0aq5q:Humphrey Lyttelton (Himself - Host);,http://genome.ch.bbc.co.uk/b2b639d5511b4cdfac59fc3fb3f2d30a
8x09,1981-10-17,t4r1ivmw:Barry Cryer (Himself);ooro5gcx:Willie Rushton (Himself);tn2a91cb:Tim Brooke-Taylor (Himself);anx0aq5q:Humphrey Lyttelton (Himself - Host);0i00czvq:Graeme Garden (Himself);,http://genome.ch.bbc.co.uk/768517f006604aaf88ba54d70b65e111
8x10,1981-10-24,t4r1ivmw:Barry Cryer (Himself);0i00czvq:Graeme Garden (Himself);ooro5gcx:Willie Rushton (Himself);tn2a91cb:Tim Brooke-Taylor (Himself);anx0aq5q:Humphrey Lyttelton (Himself - Host);,http://genome.ch.bbc.co.uk/26b2f2f760034586877f93c9fbf3dfdb
9x01,1982-03-20,t4r1ivmw:Barry Cryer (Himself);0i00czvq:Graeme Garden (Himself);ooro5gcx:Willie Rushton (Himself);tn2a91cb:Tim Brooke-Taylor (Himself);anx0aq5q:Humphrey Lyttelton (Himself - Host);,http://genome.ch.bbc.co.uk/7b90803c5dc44568949af43d1c3641f6
9x02,1982-03-27,ooro5gcx:Willie Rushton (Himself);tn2a91cb:Tim Brooke-Taylor (Himself);0i00czvq:Graeme Garden (Himself);t4r1ivmw:Barry Cryer (Himself);anx0aq5q:Humphrey Lyttelton (Himself - Host);,http://genome.ch.bbc.co.uk/f5d073390aca45eaac9887e3c62a096d
9x03,1982-04-03,ooro5gcx:Willie Rushton (Himself);0i00czvq:Graeme Garden (Himself);t4r1ivmw:Barry Cryer (Himself);anx0aq5q:Humphrey Lyttelton (Himself - Host);tn2a91cb:Tim Brooke-Taylor (Himself);,http://genome.ch.bbc.co.uk/6d19a9f2dc8d47faa95b1ac7854dd664
9x04,1982-04-10,ooro5gcx:Willie Rushton (Himself);tn2a91cb:Tim Brooke-Taylor (Himself);0i00czvq:Graeme Garden (Himself);t4r1ivmw:Barry Cryer (Himself);anx0aq5q:Humphrey Lyttelton (Himself - Host);,http://genome.ch.bbc.co.uk/427a6ff668f14d02955f1cc3f1e11c5c
9x05,1982-04-17,t4r1ivmw:Barry Cryer (Himself);0i00czvq:Graeme Garden (Himself);tn2a91cb:Tim Brooke-Taylor (Himself);ooro5gcx:Willie Rushton (Himself);anx0aq5q:Humphrey Lyttelton (Himself - Host);,http://genome.ch.bbc.co.uk/575919b21c3542458f80fe5c5be10aad
9x06,1982-04-24,tn2a91cb:Tim Brooke-Taylor (Himself);ooro5gcx:Willie Rushton (Himself);0i00czvq:Graeme Garden (Himself);t4r1ivmw:Barry Cryer (Himself);anx0aq5q:Humphrey Lyttelton (Himself - Host);,http://genome.ch.bbc.co.uk/45a002572dd34e3e863b28cb141cd900
9x07,1982-05-01,tn2a91cb:Tim Brooke-Taylor (Himself);ooro5gcx:Willie Rushton (Himself);t4r1ivmw:Barry Cryer (Himself);0i00czvq:Graeme Garden (Himself);anx0aq5q:Humphrey Lyttelton (Himself - Host);,http://genome.ch.bbc.co.uk/15cf4d2a209741bf882996c2c2a60244
9x08,1982-05-08,0i00czvq:Graeme Garden (Himself);t4r1ivmw:Barry Cryer (Himself);tn2a91cb:Tim Brooke-Taylor (Himself);ooro5gcx:Willie Rushton (Himself);anx0aq5q:Humphrey Lyttelton (Himself - Host);,http://genome.ch.bbc.co.uk/f1874846e76149dfb1e9a640b4f9fa7b
9x09,1982-05-15,ooro5gcx:Willie Rushton (Himself);0i00czvq:Graeme Garden (Himself);t4r1ivmw:Barry Cryer (Himself);tn2a91cb:Tim Brooke-Taylor (Himself);anx0aq5q:Humphrey Lyttelton (Himself - Host);,http://genome.ch.bbc.co.uk/d4b4c2ebb5ae44a7b8c95acaa3674607
9x10,1982-05-22,ooro5gcx:Willie Rushton (Himself);tn2a91cb:Tim Brooke-Taylor (Himself);0i00czvq:Graeme Garden (Himself);t4r1ivmw:Barry Cryer (Himself);anx0aq5q:Humphrey Lyttelton (Himself - Host);,http://genome.ch.bbc.co.uk/e87b6755ac194987bac522608e961838
9x11,1982-05-29,ooro5gcx:Willie Rushton (Himself);0i00czvq:Graeme Garden (Himself);t4r1ivmw:Barry Cryer (Himself);anx0aq5q:Humphrey Lyttelton (Himself - Host);tn2a91cb:Tim Brooke-Taylor (Himself);,http://genome.ch.bbc.co.uk/acb601b24a494465b328075328e00718
10x01,1983-02-26,tn2a91cb:Tim Brooke-Taylor (Himself);ooro5gcx:Willie Rushton (Himself);anx0aq5q:Humphrey Lyttelton (Himself - Host);0i00czvq:Graeme Garden (Himself);ltb2104r:Denise Coffey (Herself);,http://genome.ch.bbc.co.uk/4c78eccdd511490da85d661cb89ec6bf
10x02,1983-03-05,anx0aq5q:Humphrey Lyttelton (Himself - Host);ltb2104r:Denise Coffey (Herself);0i00czvq:Graeme Garden (Himself);tn2a91cb:Tim Brooke-Taylor (Himself);ooro5gcx:Willie Rushton (Himself);,http://genome.ch.bbc.co.uk/c2c01205a6b648ef9307f08d6652768b
10x03,1983-03-12,tn2a91cb:Tim Brooke-Taylor (Himself);ooro5gcx:Willie Rushton (Himself);0i00czvq:Graeme Garden (Himself);t4r1ivmw:Barry Cryer (Himself);anx0aq5q:Humphrey Lyttelton (Himself - Host);,http://genome.ch.bbc.co.uk/d45024a31d9d4fde9f723698ce21be9b
10x04,1983-03-19,tn2a91cb:Tim Brooke-Taylor (Himself);ooro5gcx:Willie Rushton (Himself);t4r1ivmw:Barry Cryer (Himself);anx0aq5q:Humphrey Lyttelton (Himself - Host);0i00czvq:Graeme Garden (Himself);,http://genome.ch.bbc.co.uk/600d0d487cf940048966a9ab5dfc8731
10x05,1983-03-26,tn2a91cb:Tim Brooke-Taylor (Himself);ooro5gcx:Willie Rushton (Himself);t4r1ivmw:Barry Cryer (Himself);0i00czvq:Graeme Garden (Himself);anx0aq5q:Humphrey Lyttelton (Himself - Host);,http://genome.ch.bbc.co.uk/dc783685e925446c89ebadbfd3e34baa
10x06,1983-04-02,,
10x07,1983-04-09,,
10x08,1983-04-16,ooro5gcx:Willie Rushton (Himself);tn2a91cb:Tim Brooke-Taylor (Himself);ltb2104r:Denise Coffey (Herself);t4r1ivmw:Barry Cryer (Himself);anx0aq5q:Humphrey Lyttelton (Himself - Host);,http://genome.ch.bbc.co.uk/73abfd66e2884fc1804b68f3b2b3b6fd
10x09,1983-04-23,t4r1ivmw:Barry Cryer (Himself);0i00czvq:Graeme Garden (Himself);ooro5gcx:Willie Rushton (Himself);tn2a91cb:Tim Brooke-Taylor (Himself);anx0aq5q:Humphrey Lyttelton (Himself - Host);,http://genome.ch.bbc.co.uk/1cacaa1b66cd4afdac6f233a40615262
10x10,1983-04-30,t4r1ivmw:Barry Cryer (Himself);0i00czvq:Graeme Garden (Himself);ooro5gcx:Willie Rushton (Himself);tn2a91cb:Tim Brooke-Taylor (Himself);anx0aq5q:Humphrey Lyttelton (Himself - Host);,http://genome.ch.bbc.co.uk/2270413c9b1d4bef88d35594e8e845ac
11x01,1984-04-07,tn2a91cb:Tim Brooke-Taylor (Himself);ooro5gcx:Willie Rushton (Himself);t4r1ivmw:Barry Cryer (Himself);anx0aq5q:Humphrey Lyttelton (Himself - Host);0i00czvq:Graeme Garden (Himself);,http://genome.ch.bbc.co.uk/d9c95077492540db83b64165cab6b403
11x02,1984-04-14,,
11x03,1984-04-21,t4r1ivmw:Barry Cryer (Himself);0i00czvq:Graeme Garden (Himself);ooro5gcx:Willie Rushton (Himself);tn2a91cb:Tim Brooke-Taylor (Himself);anx0aq5q:Humphrey Lyttelton (Himself - Host);,http://genome.ch.bbc.co.uk/c6770eac43fa4224a0ecdea9d7d85138
11x04,1984-04-28,ooro5gcx:Willie Rushton (Himself);0i00czvq:Graeme Garden (Himself);0i00czvq:Graeme Garden (Himself);t4r1ivmw:Barry Cryer (Himself);anx0aq5q:Humphrey Lyttelton (Himself - Host);,http://genome.ch.bbc.co.uk/18ba4d50b4014a8ba613d0ac7a58d2de
11x05,1984-05-05,tn2a91cb:Tim Brooke-Taylor (Himself);ooro5gcx:Willie Rushton (Himself);0i00czvq:Graeme Garden (Himself);t4r1ivmw:Barry Cryer (Himself);anx0aq5q:Humphrey Lyttelton (Himself - Host);,http://genome.ch.bbc.co.uk/786425b83921434398f4b3e8b0473740
11x06,1984-05-12,ooro5gcx:Willie Rushton (Himself);tn2a91cb:Tim Brooke-Taylor (Himself);t4r1ivmw:Barry Cryer (Himself);anx0aq5q:Humphrey Lyttelton (Himself - Host);0i00czvq:Graeme Garden (Himself);,http://genome.ch.bbc.co.uk/b1f94b981c1c445bb1903016a2948d3e
11x07,1984-05-19,,http://genome.ch.bbc.co.uk/be676e37587941a79598da6d0976e2b6
11x08,1984-05-26,t4r1ivmw:Barry Cryer (Himself);0i00czvq:Graeme Garden (Himself);tn2a91cb:Tim Brooke-Taylor (Himself);ooro5gcx:Willie Rushton (Himself);anx0aq5q:Humphrey Lyttelton (Himself - Host);,
11x09,1984-06-02,t4r1ivmw:Barry Cryer (Himself);ooro5gcx:Willie Rushton (Himself);0i00czvq:Graeme Garden (Himself);81ugeqif:Mike Harding (Himself);tn2a91cb:Tim Brooke-Taylor (Himself);anx0aq5q:Humphrey Lyttelton (Himself - Host);,http://genome.ch.bbc.co.uk/ec50f5ed4e0549f6a910659dfe766c19
11x10,1984-06-09,81ugeqif:Mike Harding (Himself);ooro5gcx:Willie Rushton (Himself);0i00czvq:Graeme Garden (Himself);t4r1ivmw:Barry Cryer (Himself);anx0aq5q:Humphrey Lyttelton (Himself - Host);,http://genome.ch.bbc.co.uk/858bd7b782da40c7883465621fc9dcdc
12x03,1985-05-18,anx0aq5q:Humphrey Lyttelton (Himself - Host);t4r1ivmw:Barry Cryer (Himself);25euj0eu:Kenny Everett (Himself);tn2a91cb:Tim Brooke-Taylor (Himself);ooro5gcx:Willie Rushton (Himself);,http://genome.ch.bbc.co.uk/d3d0ccaa24814f52ab57d72fc0061202
12x05,1985-06-01,anx0aq5q:Humphrey Lyttelton (Himself - Host);t4r1ivmw:Barry Cryer (Himself);0i00czvq:Graeme Garden (Himself);tn2a91cb:Tim Brooke-Taylor (Himself);ooro5gcx:Willie Rushton (Himself);,http://genome.ch.bbc.co.uk/62fe49c9229e4d479d11b4ea0865db82
13x10,1986-09-27,anx0aq5q:Humphrey Lyttelton (Himself - Host);t4r1ivmw:Barry Cryer (Himself);0i00czvq:Graeme Garden (Himself);tn2a91cb:Tim Brooke-Taylor (Himself);ooro5gcx:Willie Rushton (Himself);,
12x01,1985-05-04,anx0aq5q:Humphrey Lyttelton (Himself - Host);tn2a91cb:Tim Brooke-Taylor (Himself);ooro5gcx:Willie Rushton (Himself);t4r1ivmw:Barry Cryer (Himself);0i00czvq:Graeme Garden (Himself);,http://genome.ch.bbc.co.uk/dd293a50d83a45519b162b9d64b62fd9
12x02,1985-05-11,tn2a91cb:Tim Brooke-Taylor (Himself);0i00czvq:Graeme Garden (Himself);t4r1ivmw:Barry Cryer (Himself);ooro5gcx:Willie Rushton (Himself);anx0aq5q:Humphrey Lyttelton (Himself - Host);,http://genome.ch.bbc.co.uk/1edd62f6cdad4142911e79f798f127cf
12x03,1985-05-18,t4r1ivmw:Barry Cryer (Himself);tn2a91cb:Tim Brooke-Taylor (Himself);ooro5gcx:Willie Rushton (Himself);25euj0eu:Kenny Everett (Himself);anx0aq5q:Humphrey Lyttelton (Himself - Host);,http://genome.ch.bbc.co.uk/d3d0ccaa24814f52ab57d72fc0061202
12x04,1985-05-25,25euj0eu:Kenny Everett (Himself);ooro5gcx:Willie Rushton (Himself);t4r1ivmw:Barry Cryer (Himself);tn2a91cb:Tim Brooke-Taylor (Himself);anx0aq5q:Humphrey Lyttelton (Himself - Host);,http://genome.ch.bbc.co.uk/58389eeeb84b45698f5f97dd75ba4e80
12x05,1985-06-01,,http://genome.ch.bbc.co.uk/62fe49c9229e4d479d11b4ea0865db82
12x06,1985-06-08,anx0aq5q:Humphrey Lyttelton (Himself - Host);ooro5gcx:Willie Rushton (Himself);t4r1ivmw:Barry Cryer (Himself);tn2a91cb:Tim Brooke-Taylor (Himself);0i00czvq:Graeme Garden (Himself);,http://genome.ch.bbc.co.uk/167c50a31e254a70a4efdf73091788ac
12x07,1985-06-15,tn2a91cb:Tim Brooke-Taylor (Himself);anx0aq5q:Humphrey Lyttelton (Himself - Host);ooro5gcx:Willie Rushton (Himself);eu9xnhsd:Bill Tidy (Himself);,http://genome.ch.bbc.co.uk/151df9d6cc7b48a989886a12463e824b
12x08,1985-06-22,tn2a91cb:Tim Brooke-Taylor (Himself);ooro5gcx:Willie Rushton (Himself);eu9xnhsd:Bill Tidy (Himself);t4r1ivmw:Barry Cryer (Himself);anx0aq5q:Humphrey Lyttelton (Himself - Host);,http://genome.ch.bbc.co.uk/9d852152195a4cb6a8d4ba4d6b8629bd
12x09,1985-06-29,,
12x10,1985-07-06,,
13x01,1986-07-26,anx0aq5q:Humphrey Lyttelton (Himself - Host);,http://genome.ch.bbc.co.uk/5a5a9a4ce9514465a48aac314a316494
13x02,1986-08-02,m5gf0nij:John Junkin (Himself);0i00czvq:Graeme Garden (Himself);ooro5gcx:Willie Rushton (Himself);tn2a91cb:Tim Brooke-Taylor (Himself);anx0aq5q:Humphrey Lyttelton (Himself - Host);,
13x03,1986-08-09,,
13x04,1986-08-16,anx0aq5q:Humphrey Lyttelton (Himself - Host);81ugeqif:Mike Harding (Himself);ooro5gcx:Willie Rushton (Himself);0i00czvq:Graeme Garden (Himself);tn2a91cb:Tim Brooke-Taylor (Himself);,
13x05,1986-08-23,,
13x06,1986-08-30,,
13x07,1986-09-06,,
13x08,1986-09-13,,
13x09,1986-09-20,xp689pel:Frank Barber (Himself);wyk8eh7k:Edward Morris (Himself);uurp5j9z:Judith Brown (Herself);n4eaiqtp:Simon Platt (Himself);,http://genome.ch.bbc.co.uk/ce141d3266ce45538d976ba763895a99
13x10,1986-09-27,,
14x01,1987-08-17,anx0aq5q:Humphrey Lyttelton (Himself - Host);t4r1ivmw:Barry Cryer (Himself);0i00czvq:Graeme Garden (Himself);ooro5gcx:Willie Rushton (Himself);tn2a91cb:Tim Brooke-Taylor (Himself);,http://genome.ch.bbc.co.uk/6095a343a6f5463fac0ac8e438346016
14x02,1987-08-24,ooro5gcx:Willie Rushton (Himself);t4r1ivmw:Barry Cryer (Himself);0i00czvq:Graeme Garden (Himself);fc3xrxvy:Stephen Fry (Himself);anx0aq5q:Humphrey Lyttelton (Himself - Host);,http://genome.ch.bbc.co.uk/37464bcc298148408623d8317ab63289
14x03,1987-08-31,tn2a91cb:Tim Brooke-Taylor (Himself);ooro5gcx:Willie Rushton (Himself);t4r1ivmw:Barry Cryer (Himself);anx0aq5q:Humphrey Lyttelton (Himself - Host);0i00czvq:Graeme Garden (Himself);,http://genome.ch.bbc.co.uk/b58a5595c1a54975825dc1f1ab7a2a9d
14x04,1987-09-07,anx0aq5q:Humphrey Lyttelton (Himself - Host);ooro5gcx:Willie Rushton (Himself);t4r1ivmw:Barry Cryer (Himself);fc3xrxvy:Stephen Fry (Himself);0i00czvq:Graeme Garden (Himself);,
14x05,1987-09-14,tn2a91cb:Tim Brooke-Taylor (Himself);ooro5gcx:Willie Rushton (Himself);t4r1ivmw:Barry Cryer (Himself);anx0aq5q:Humphrey Lyttelton (Himself - Host);0i00czvq:Graeme Garden (Himself);,http://genome.ch.bbc.co.uk/9d05d5121a58488ab1b4310f7c908696
14x06,1987-09-21,tn2a91cb:Tim Brooke-Taylor (Himself);ooro5gcx:Willie Rushton (Himself);t4r1ivmw:Barry Cryer (Himself);anx0aq5q:Humphrey Lyttelton (Himself - Host);0i00czvq:Graeme Garden (Himself);,http://genome.ch.bbc.co.uk/bde530f6ab7b481f81cff62121bf3d9c
14x07,1987-09-28,anx0aq5q:Humphrey Lyttelton (Himself - Host);t4r1ivmw:Barry Cryer (Himself);ooro5gcx:Willie Rushton (Himself);0i00czvq:Graeme Garden (Himself);tn2a91cb:Tim Brooke-Taylor (Himself);,http://genome.ch.bbc.co.uk/034320d46d1346a7b3a428c6387314eb
14x08,1987-10-05,t4r1ivmw:Barry Cryer (Himself);ooro5gcx:Willie Rushton (Himself);0i00czvq:Graeme Garden (Himself);anx0aq5q:Humphrey Lyttelton (Himself - Host);tn2a91cb:Tim Brooke-Taylor (Himself);,http://genome.ch.bbc.co.uk/25f83245bcb045dcb5412eac8a17abaf
14x09,1987-10-12,anx0aq5q:Humphrey Lyttelton (Himself - Host);t4r1ivmw:Barry Cryer (Himself);tn2a91cb:Tim Brooke-Taylor (Himself);ooro5gcx:Willie Rushton (Himself);0i00czvq:Graeme Garden (Himself);,http://genome.ch.bbc.co.uk/b795356b0d7d40f0aa8f9d8c7ca02c19
14x10,1987-10-19,anx0aq5q:Humphrey Lyttelton (Himself - Host);tn2a91cb:Tim Brooke-Taylor (Himself);t4r1ivmw:Barry Cryer (Himself);0i00czvq:Graeme Garden (Himself);ooro5gcx:Willie Rushton (Himself);,http://genome.ch.bbc.co.uk/f88e469f929443c794352889c543bf54
15x01,1989-01-07,anx0aq5q:Humphrey Lyttelton (Himself - Host);t4r1ivmw:Barry Cryer (Himself);0i00czvq:Graeme Garden (Himself);tn2a91cb:Tim Brooke-Taylor (Himself);ooro5gcx:Willie Rushton (Himself);,
15x02,1989-01-14,anx0aq5q:Humphrey Lyttelton (Himself - Host);t4r1ivmw:Barry Cryer (Himself);0i00czvq:Graeme Garden (Himself);tn2a91cb:Tim Brooke-Taylor (Himself);ooro5gcx:Willie Rushton (Himself);,
15x03,1989-01-21,anx0aq5q:Humphrey Lyttelton (Himself - Host);eu9xnhsd:Bill Tidy (Himself);0i00czvq:Graeme Garden (Himself);tn2a91cb:Tim Brooke-Taylor (Himself);ooro5gcx:Willie Rushton (Himself);,
15x04,1989-01-28,anx0aq5q:Humphrey Lyttelton (Himself - Host);t4r1ivmw:Barry Cryer (Himself);0i00czvq:Graeme Garden (Himself);tn2a91cb:Tim Brooke-Taylor (Himself);ooro5gcx:Willie Rushton (Himself);,
15x05,1989-02-04,anx0aq5q:Humphrey Lyttelton (Himself - Host);0i00czvq:Graeme Garden (Himself);tn2a91cb:Tim Brooke-Taylor (Himself);ooro5gcx:Willie Rushton (Himself);fc3xrxvy:Stephen Fry (Himself);,
15x06,1989-02-11,anx0aq5q:Humphrey Lyttelton (Himself - Host);t4r1ivmw:Barry Cryer (Himself);0i00czvq:Graeme Garden (Himself);tn2a91cb:Tim Brooke-Taylor (Himself);ooro5gcx:Willie Rushton (Himself);,
15x07,1989-02-18,anx0aq5q:Humphrey Lyttelton (Himself - Host);eu9xnhsd:Bill Tidy (Himself);0i00czvq:Graeme Garden (Himself);tn2a91cb:Tim Brooke-Taylor (Himself);ooro5gcx:Willie Rushton (Himself);,
15x08,1989-02-25,anx0aq5q:Humphrey Lyttelton (Himself - Host);t4r1ivmw:Barry Cryer (Himself);0i00czvq:Graeme Garden (Himself);tn2a91cb:Tim Brooke-Taylor (Himself);ooro5gcx:Willie Rushton (Himself);,
15x09,1989-03-04,anx0aq5q:Humphrey Lyttelton (Himself - Host);0i00czvq:Graeme Garden (Himself);tn2a91cb:Tim Brooke-Taylor (Himself);ooro5gcx:Willie Rushton (Himself);fc3xrxvy:Stephen Fry (Himself);,
15x10,1989-03-11,anx0aq5q:Humphrey Lyttelton (Himself - Host);t4r1ivmw:Barry Cryer (Himself);0i00czvq:Graeme Garden (Himself);tn2a91cb:Tim Brooke-Taylor (Himself);ooro5gcx:Willie Rushton (Himself);,
16x01,1990-02-03,anx0aq5q:Humphrey Lyttelton (Himself - Host);t4r1ivmw:Barry Cryer (Himself);0i00czvq:Graeme Garden (Himself);tn2a91cb:Tim Brooke-Taylor (Himself);ooro5gcx:Willie Rushton (Himself);,
16x02,1990-02-10,anx0aq5q:Humphrey Lyttelton (Himself - Host);t4r1ivmw:Barry Cryer (Himself);0i00czvq:Graeme Garden (Himself);tn2a91cb:Tim Brooke-Taylor (Himself);ooro5gcx:Willie Rushton (Himself);,
16x03,1990-02-17,anx0aq5q:Humphrey Lyttelton (Himself - Host);t4r1ivmw:Barry Cryer (Himself);0i00czvq:Graeme Garden (Himself);tn2a91cb:Tim Brooke-Taylor (Himself);ooro5gcx:Willie Rushton (Himself);,
16x04,1990-02-24,anx0aq5q:Humphrey Lyttelton (Himself - Host);t4r1ivmw:Barry Cryer (Himself);0i00czvq:Graeme Garden (Himself);tn2a91cb:Tim Brooke-Taylor (Himself);ooro5gcx:Willie Rushton (Himself);,http://genome.ch.bbc.co.uk/737d75adf56a4aa680841e21da9789cf
16x05,1990-03-03,anx0aq5q:Humphrey Lyttelton (Himself - Host);t4r1ivmw:Barry Cryer (Himself);0i00czvq:Graeme Garden (Himself);tn2a91cb:Tim Brooke-Taylor (Himself);ooro5gcx:Willie Rushton (Himself);,http://genome.ch.bbc.co.uk/e284a4e86ab44b9b923faec87b30e938
16x06,1990-03-10,anx0aq5q:Humphrey Lyttelton (Himself - Host);t4r1ivmw:Barry Cryer (Himself);0i00czvq:Graeme Garden (Himself);tn2a91cb:Tim Brooke-Taylor (Himself);ooro5gcx:Willie Rushton (Himself);,http://genome.ch.bbc.co.uk/7e372edc22114f77818c9143e6f23364
17x01,1990-11-17,anx0aq5q:Humphrey Lyttelton (Himself - Host);t4r1ivmw:Barry Cryer (Himself);0i00czvq:Graeme Garden (Himself);tn2a91cb:Tim Brooke-Taylor (Himself);ooro5gcx:Willie Rushton (Himself);,
17x02,1990-11-24,anx0aq5q:Humphrey Lyttelton (Himself - Host);t4r1ivmw:Barry Cryer (Himself);0i00czvq:Graeme Garden (Himself);tn2a91cb:Tim Brooke-Taylor (Himself);ooro5gcx:Willie Rushton (Himself);,
17x03,1990-12-01,anx0aq5q:Humphrey Lyttelton (Himself - Host);t4r1ivmw:Barry Cryer (Himself);0i00czvq:Graeme Garden (Himself);ooro5gcx:Willie Rushton (Himself);,
17x04,1990-12-08,anx0aq5q:Humphrey Lyttelton (Himself - Host);t4r1ivmw:Barry Cryer (Himself);0i00czvq:Graeme Garden (Himself);tn2a91cb:Tim Brooke-Taylor (Himself);ooro5gcx:Willie Rushton (Himself);,
17x05,1990-12-15,anx0aq5q:Humphrey Lyttelton (Himself - Host);t4r1ivmw:Barry Cryer (Himself);0i00czvq:Graeme Garden (Himself);tn2a91cb:Tim Brooke-Taylor (Himself);ooro5gcx:Willie Rushton (Himself);,
17x06,1990-12-22,anx0aq5q:Humphrey Lyttelton (Himself - Host);t4r1ivmw:Barry Cryer (Himself);0i00czvq:Graeme Garden (Himself);tn2a91cb:Tim Brooke-Taylor (Himself);ooro5gcx:Willie Rushton (Himself);,
18x01,1991-06-22,anx0aq5q:Humphrey Lyttelton (Himself - Host);ooro5gcx:Willie Rushton (Himself);0i00czvq:Graeme Garden (Himself);t4r1ivmw:Barry Cryer (Himself);eu9xnhsd:Bill Tidy (Himself);,http://genome.ch.bbc.co.uk/dacf49f6afb94575bad1c432470d188e
18x02,1991-06-29,anx0aq5q:Humphrey Lyttelton (Himself - Host);ooro5gcx:Willie Rushton (Himself);0i00czvq:Graeme Garden (Himself);t4r1ivmw:Barry Cryer (Himself);eu9xnhsd:Bill Tidy (Himself);,http://genome.ch.bbc.co.uk/711ff021ff87414483b006c87e62746e
18x03,1991-07-06,anx0aq5q:Humphrey Lyttelton (Himself - Host);ooro5gcx:Willie Rushton (Himself);0i00czvq:Graeme Garden (Himself);t4r1ivmw:Barry Cryer (Himself);eu9xnhsd:Bill Tidy (Himself);,http://genome.ch.bbc.co.uk/cc1c105235ca493393bea8f5ce348765
18x04,1991-07-13,anx0aq5q:Humphrey Lyttelton (Himself - Host);ooro5gcx:Willie Rushton (Himself);0i00czvq:Graeme Garden (Himself);t4r1ivmw:Barry Cryer (Himself);eu9xnhsd:Bill Tidy (Himself);,http://genome.ch.bbc.co.uk/ac24a13675bc41a38374f705e875d287
18x05,1991-07-20,anx0aq5q:Humphrey Lyttelton (Himself - Host);ooro5gcx:Willie Rushton (Himself);0i00czvq:Graeme Garden (Himself);t4r1ivmw:Barry Cryer (Himself);eu9xnhsd:Bill Tidy (Himself);,http://genome.ch.bbc.co.uk/f873e10cf5634d3b992c8c9228f7403f
18x06,1991-07-27,anx0aq5q:Humphrey Lyttelton (Himself - Host);ooro5gcx:Willie Rushton (Himself);0i00czvq:Graeme Garden (Himself);t4r1ivmw:Barry Cryer (Himself);eu9xnhsd:Bill Tidy (Himself);,http://genome.ch.bbc.co.uk/81173c67344643d78b58ea2e77bb0718
19x01,1991-10-19,anx0aq5q:Humphrey Lyttelton (Himself - Host);t4r1ivmw:Barry Cryer (Himself);3dai14ts:Paul Merton (Himself);tn2a91cb:Tim Brooke-Taylor (Himself);ooro5gcx:Willie Rushton (Himself);,
19x02,1991-10-26,anx0aq5q:Humphrey Lyttelton (Himself - Host);t4r1ivmw:Barry Cryer (Himself);3dai14ts:Paul Merton (Himself);tn2a91cb:Tim Brooke-Taylor (Himself);ooro5gcx:Willie Rushton (Himself);,
19x03,1991-11-02,anx0aq5q:Humphrey Lyttelton (Himself - Host);t4r1ivmw:Barry Cryer (Himself);eu9xnhsd:Bill Tidy (Himself);ltb2104r:Denise Coffey (Herself);ooro5gcx:Willie Rushton (Himself);,
19x04,1991-11-09,anx0aq5q:Humphrey Lyttelton (Himself - Host);t4r1ivmw:Barry Cryer (Himself);eu9xnhsd:Bill Tidy (Himself);ltb2104r:Denise Coffey (Herself);ooro5gcx:Willie Rushton (Himself);,
19x05,1991-11-16,anx0aq5q:Humphrey Lyttelton (Himself - Host);t4r1ivmw:Barry Cryer (Himself);3dai14ts:Paul Merton (Himself);tn2a91cb:Tim Brooke-Taylor (Himself);ooro5gcx:Willie Rushton (Himself);,
19x06,1991-11-23,anx0aq5q:Humphrey Lyttelton (Himself - Host);t4r1ivmw:Barry Cryer (Himself);3dai14ts:Paul Merton (Himself);tn2a91cb:Tim Brooke-Taylor (Himself);ooro5gcx:Willie Rushton (Himself);,
19x07,1991-11-30,anx0aq5q:Humphrey Lyttelton (Himself - Host);t4r1ivmw:Barry Cryer (Himself);0i00czvq:Graeme Garden (Himself);tn2a91cb:Tim Brooke-Taylor (Himself);ooro5gcx:Willie Rushton (Himself);,
20x01,1992-05-23,anx0aq5q:Humphrey Lyttelton (Himself - Host);ooro5gcx:Willie Rushton (Himself);tn2a91cb:Tim Brooke-Taylor (Himself);3dai14ts:Paul Merton (Himself);t4r1ivmw:Barry Cryer (Himself);,http://genome.ch.bbc.co.uk/d1854a06d2b64e58954db1b594ba6548
20x02,1992-05-30,anx0aq5q:Humphrey Lyttelton (Himself - Host);ooro5gcx:Willie Rushton (Himself);tn2a91cb:Tim Brooke-Taylor (Himself);3dai14ts:Paul Merton (Himself);t4r1ivmw:Barry Cryer (Himself);,http://genome.ch.bbc.co.uk/a256244936ae494590504493f92509f6
20x03,1992-06-06,anx0aq5q:Humphrey Lyttelton (Himself - Host);ooro5gcx:Willie Rushton (Himself);tn2a91cb:Tim Brooke-Taylor (Himself);0i00czvq:Graeme Garden (Himself);t4r1ivmw:Barry Cryer (Himself);,http://genome.ch.bbc.co.uk/43d61552d0fc47d980f2ea4192250824
20x04,1992-06-13,anx0aq5q:Humphrey Lyttelton (Himself - Host);ooro5gcx:Willie Rushton (Himself);tn2a91cb:Tim Brooke-Taylor (Himself);0i00czvq:Graeme Garden (Himself);t4r1ivmw:Barry Cryer (Himself);,
20x05,1992-06-20,anx0aq5q:Humphrey Lyttelton (Himself - Host);ooro5gcx:Willie Rushton (Himself);tn2a91cb:Tim Brooke-Taylor (Himself);0i00czvq:Graeme Garden (Himself);t4r1ivmw:Barry Cryer (Himself);,http://genome.ch.bbc.co.uk/a24184fb7c534b119f266a3eff8e287a
20x06,1992-06-27,anx0aq5q:Humphrey Lyttelton (Himself - Host);ooro5gcx:Willie Rushton (Himself);tn2a91cb:Tim Brooke-Taylor (Himself);0i00czvq:Graeme Garden (Himself);t4r1ivmw:Barry Cryer (Himself);,http://genome.ch.bbc.co.uk/03e7d8901bc345bf855bdf273cc92322
21x01,1992-11-14,ooro5gcx:Willie Rushton (Himself);tn2a91cb:Tim Brooke-Taylor (Himself);0i00czvq:Graeme Garden (Himself);t4r1ivmw:Barry Cryer (Himself);anx0aq5q:Humphrey Lyttelton (Himself - Host);,http://genome.ch.bbc.co.uk/f5fd9c9d9f024dfd8c5145add743ada3
21x02,1992-11-21,anx0aq5q:Humphrey Lyttelton (Himself - Host);ooro5gcx:Willie Rushton (Himself);tn2a91cb:Tim Brooke-Taylor (Himself);0i00czvq:Graeme Garden (Himself);t4r1ivmw:Barry Cryer (Himself);,http://genome.ch.bbc.co.uk/0a4ea4ff4fc642c6aadd5f40a8ae0488
21x03,1992-11-28,anx0aq5q:Humphrey Lyttelton (Himself - Host);ooro5gcx:Willie Rushton (Himself);3dai14ts:Paul Merton (Himself);0i00czvq:Graeme Garden (Himself);t4r1ivmw:Barry Cryer (Himself);,http://genome.ch.bbc.co.uk/14dddda92ddb4401b90690dae59b7ea8
21x04,1992-12-05,anx0aq5q:Humphrey Lyttelton (Himself - Host);ooro5gcx:Willie Rushton (Himself);3dai14ts:Paul Merton (Himself);0i00czvq:Graeme Garden (Himself);t4r1ivmw:Barry Cryer (Himself);,http://genome.ch.bbc.co.uk/ed03dbbdfa76449487efbfd70742e2cc
21x05,1992-12-12,anx0aq5q:Humphrey Lyttelton (Himself - Host);ooro5gcx:Willie Rushton (Himself);3dai14ts:Paul Merton (Himself);0i00czvq:Graeme Garden (Himself);t4r1ivmw:Barry Cryer (Himself);,http://genome.ch.bbc.co.uk/b925188cd92c4e3eb3ad28564dfe517d
21x06,1992-12-19,anx0aq5q:Humphrey Lyttelton (Himself - Host);ooro5gcx:Willie Rushton (Himself);3dai14ts:Paul Merton (Himself);0i00czvq:Graeme Garden (Himself);t4r1ivmw:Barry Cryer (Himself);,http://genome.ch.bbc.co.uk/21087d5ede414ebfa5a10db862c61a0e
22x01,1993-11-06,anx0aq5q:Humphrey Lyttelton (Himself - Host);t4r1ivmw:Barry Cryer (Himself);0i00czvq:Graeme Garden (Himself);tn2a91cb:Tim Brooke-Taylor (Himself);ooro5gcx:Willie Rushton (Himself);,
22x02,1993-11-13,anx0aq5q:Humphrey Lyttelton (Himself - Host);t4r1ivmw:Barry Cryer (Himself);0i00czvq:Graeme Garden (Himself);tn2a91cb:Tim Brooke-Taylor (Himself);ooro5gcx:Willie Rushton (Himself);,
22x03,1993-11-20,anx0aq5q:Humphrey Lyttelton (Himself - Host);t4r1ivmw:Barry Cryer (Himself);0i00czvq:Graeme Garden (Himself);tn2a91cb:Tim Brooke-Taylor (Himself);ooro5gcx:Willie Rushton (Himself);,
22x04,1993-11-27,anx0aq5q:Humphrey Lyttelton (Himself - Host);t4r1ivmw:Barry Cryer (Himself);0i00czvq:Graeme Garden (Himself);tn2a91cb:Tim Brooke-Taylor (Himself);ooro5gcx:Willie Rushton (Himself);,
22x05,1993-12-04,anx0aq5q:Humphrey Lyttelton (Himself - Host);t4r1ivmw:Barry Cryer (Himself);0i00czvq:Graeme Garden (Himself);tn2a91cb:Tim Brooke-Taylor (Himself);ooro5gcx:Willie Rushton (Himself);,
22x06,1993-12-11,anx0aq5q:Humphrey Lyttelton (Himself - Host);t4r1ivmw:Barry Cryer (Himself);0i00czvq:Graeme Garden (Himself);tn2a91cb:Tim Brooke-Taylor (Himself);ooro5gcx:Willie Rushton (Himself);,
23x01,1994-05-28,t4r1ivmw:Barry Cryer (Himself);0i00czvq:Graeme Garden (Himself);ooro5gcx:Willie Rushton (Himself);tn2a91cb:Tim Brooke-Taylor (Himself);anx0aq5q:Humphrey Lyttelton (Himself - Host);,http://genome.ch.bbc.co.uk/f6cc95ff7a3a495b9184a12ec2fc7f5b
23x02,1994-06-04,,
23x03,1994-06-11,,
23x04,1994-06-18,anx0aq5q:Humphrey Lyttelton (Himself - Host);ooro5gcx:Willie Rushton (Himself);tn2a91cb:Tim Brooke-Taylor (Himself);0i00czvq:Graeme Garden (Himself);t4r1ivmw:Barry Cryer (Himself);,http://genome.ch.bbc.co.uk/3b038a819e8942d7a94e3ad2d0583929
23x05,1994-06-25,,
23x06,1994-07-02,anx0aq5q:Humphrey Lyttelton (Himself - Host);tn2a91cb:Tim Brooke-Taylor (Himself);t4r1ivmw:Barry Cryer (Himself);0i00czvq:Graeme Garden (Himself);ooro5gcx:Willie Rushton (Himself);,http://genome.ch.bbc.co.uk/b4227606af354b44920928d0a0a47c26
24x01,1994-11-05,anx0aq5q:Humphrey Lyttelton (Himself - Host);ooro5gcx:Willie Rushton (Himself);t4r1ivmw:Barry Cryer (Himself);0i00czvq:Graeme Garden (Himself);3dai14ts:Paul Merton (Himself);,http://genome.ch.bbc.co.uk/11af8435b1904555bc0104ec6b9680d2
24x02,1994-11-12,anx0aq5q:Humphrey Lyttelton (Himself - Host);t4r1ivmw:Barry Cryer (Himself);0i00czvq:Graeme Garden (Himself);3dai14ts:Paul Merton (Himself);ooro5gcx:Willie Rushton (Himself);,http://genome.ch.bbc.co.uk/25569113ce7b4966a2a9a7a942829a57
24x03,1994-11-19,tn2a91cb:Tim Brooke-Taylor (Himself);t4r1ivmw:Barry Cryer (Himself);0i00czvq:Graeme Garden (Himself);ooro5gcx:Willie Rushton (Himself);anx0aq5q:Humphrey Lyttelton (Himself - Host);,
24x04,1994-11-26,tn2a91cb:Tim Brooke-Taylor (Himself);t4r1ivmw:Barry Cryer (Himself);0i00czvq:Graeme Garden (Himself);ooro5gcx:Willie Rushton (Himself);anx0aq5q:Humphrey Lyttelton (Himself - Host);,http://genome.ch.bbc.co.uk/1fec3cbb469c4670a0603244ffcf57ba
24x05,1994-12-03,tn2a91cb:Tim Brooke-Taylor (Himself);t4r1ivmw:Barry Cryer (Himself);0i00czvq:Graeme Garden (Himself);ooro5gcx:Willie Rushton (Himself);anx0aq5q:Humphrey Lyttelton (Himself - Host);,http://genome.ch.bbc.co.uk/09d43fa4499f4951beee1151b9f9b6c0
24x06,1994-12-10,anx0aq5q:Humphrey Lyttelton (Himself - Host);tn2a91cb:Tim Brooke-Taylor (Himself);t4r1ivmw:Barry Cryer (Himself);0i00czvq:Graeme Garden (Himself);ooro5gcx:Willie Rushton (Himself);,http://genome.ch.bbc.co.uk/ef75dd20ca34491d98456a9fb2f1c537
25x01,1995-05-27,anx0aq5q:Humphrey Lyttelton (Himself - Host);t4r1ivmw:Barry Cryer (Himself);0i00czvq:Graeme Garden (Himself);tn2a91cb:Tim Brooke-Taylor (Himself);ooro5gcx:Willie Rushton (Himself);,
25x02,1995-06-03,anx0aq5q:Humphrey Lyttelton (Himself - Host);t4r1ivmw:Barry Cryer (Himself);0i00czvq:Graeme Garden (Himself);tn2a91cb:Tim Brooke-Taylor (Himself);ooro5gcx:Willie Rushton (Himself);,
25x03,1995-06-10,anx0aq5q:Humphrey Lyttelton (Himself - Host);t4r1ivmw:Barry Cryer (Himself);0i00czvq:Graeme Garden (Himself);tn2a91cb:Tim Brooke-Taylor (Himself);ooro5gcx:Willie Rushton (Himself);,
25x04,1995-06-17,anx0aq5q:Humphrey Lyttelton (Himself - Host);t4r1ivmw:Barry Cryer (Himself);0i00czvq:Graeme Garden (Himself);tn2a91cb:Tim Brooke-Taylor (Himself);ooro5gcx:Willie Rushton (Himself);,
25x05,1995-06-24,anx0aq5q:Humphrey Lyttelton (Himself - Host);t4r1ivmw:Barry Cryer (Himself);0i00czvq:Graeme Garden (Himself);tn2a91cb:Tim Brooke-Taylor (Himself);ooro5gcx:Willie Rushton (Himself);,
25x06,1995-07-01,anx0aq5q:Humphrey Lyttelton (Himself - Host);t4r1ivmw:Barry Cryer (Himself);0i00czvq:Graeme Garden (Himself);tn2a91cb:Tim Brooke-Taylor (Himself);ooro5gcx:Willie Rushton (Himself);,
26x01,1995-11-11,anx0aq5q:Humphrey Lyttelton (Himself - Host);t4r1ivmw:Barry Cryer (Himself);0i00czvq:Graeme Garden (Himself);ltky6r8w:Tony Hawks (Himself);ooro5gcx:Willie Rushton (Himself);,
26x02,1995-11-18,anx0aq5q:Humphrey Lyttelton (Himself - Host);t4r1ivmw:Barry Cryer (Himself);0i00czvq:Graeme Garden (Himself);ltky6r8w:Tony Hawks (Himself);ooro5gcx:Willie Rushton (Himself);,
26x03,1995-11-25,anx0aq5q:Humphrey Lyttelton (Himself - Host);t4r1ivmw:Barry Cryer (Himself);0i00czvq:Graeme Garden (Himself);87ulicd3:Jeremy Hardy (Himself);ooro5gcx:Willie Rushton (Himself);,
26x04,1995-12-02,anx0aq5q:Humphrey Lyttelton (Himself - Host);t4r1ivmw:Barry Cryer (Himself);0i00czvq:Graeme Garden (Himself);87ulicd3:Jeremy Hardy (Himself);ooro5gcx:Willie Rushton (Himself);,
26x05,1995-12-09,anx0aq5q:Humphrey Lyttelton (Himself - Host);t4r1ivmw:Barry Cryer (Himself);0i00czvq:Graeme Garden (Himself);tn2a91cb:Tim Brooke-Taylor (Himself);ooro5gcx:Willie Rushton (Himself);,
26x06,1995-12-16,anx0aq5q:Humphrey Lyttelton (Himself - Host);t4r1ivmw:Barry Cryer (Himself);0i00czvq:Graeme Garden (Himself);tn2a91cb:Tim Brooke-Taylor (Himself);ooro5gcx:Willie Rushton (Himself);,
27x01,1996-06-01,anx0aq5q:Humphrey Lyttelton (Himself - Host);t4r1ivmw:Barry Cryer (Himself);0i00czvq:Graeme Garden (Himself);tn2a91cb:Tim Brooke-Taylor (Himself);ooro5gcx:Willie Rushton (Himself);,
27x02,1996-06-08,anx0aq5q:Humphrey Lyttelton (Himself - Host);t4r1ivmw:Barry Cryer (Himself);0i00czvq:Graeme Garden (Himself);tn2a91cb:Tim Brooke-Taylor (Himself);ooro5gcx:Willie Rushton (Himself);,
27x03,1996-06-15,anx0aq5q:Humphrey Lyttelton (Himself - Host);t4r1ivmw:Barry Cryer (Himself);0i00czvq:Graeme Garden (Himself);tn2a91cb:Tim Brooke-Taylor (Himself);ooro5gcx:Willie Rushton (Himself);,
27x04,1996-06-22,anx0aq5q:Humphrey Lyttelton (Himself - Host);t4r1ivmw:Barry Cryer (Himself);0i00czvq:Graeme Garden (Himself);tn2a91cb:Tim Brooke-Taylor (Himself);ooro5gcx:Willie Rushton (Himself);,
27x05,1996-06-29,anx0aq5q:Humphrey Lyttelton (Himself - Host);t4r1ivmw:Barry Cryer (Himself);0i00czvq:Graeme Garden (Himself);tn2a91cb:Tim Brooke-Taylor (Himself);ooro5gcx:Willie Rushton (Himself);,
27x06,1996-07-06,anx0aq5q:Humphrey Lyttelton (Himself - Host);t4r1ivmw:Barry Cryer (Himself);0i00czvq:Graeme Garden (Himself);tn2a91cb:Tim Brooke-Taylor (Himself);ooro5gcx:Willie Rushton (Himself);,
28x01,1996-11-09,anx0aq5q:Humphrey Lyttelton (Himself - Host);t4r1ivmw:Barry Cryer (Himself);0i00czvq:Graeme Garden (Himself);tn2a91cb:Tim Brooke-Taylor (Himself);ooro5gcx:Willie Rushton (Himself);,
28x02,1996-11-16,anx0aq5q:Humphrey Lyttelton (Himself - Host);t4r1ivmw:Barry Cryer (Himself);0i00czvq:Graeme Garden (Himself);tn2a91cb:Tim Brooke-Taylor (Himself);ooro5gcx:Willie Rushton (Himself);,
28x03,1996-11-23,anx0aq5q:Humphrey Lyttelton (Himself - Host);t4r1ivmw:Barry Cryer (Himself);0i00czvq:Graeme Garden (Himself);tn2a91cb:Tim Brooke-Taylor (Himself);ooro5gcx:Willie Rushton (Himself);,
28x04,1996-11-30,anx0aq5q:Humphrey Lyttelton (Himself - Host);t4r1ivmw:Barry Cryer (Himself);0i00czvq:Graeme Garden (Himself);tn2a91cb:Tim Brooke-Taylor (Himself);ooro5gcx:Willie Rushton (Himself);,
28x05,1996-12-07,anx0aq5q:Humphrey Lyttelton (Himself - Host);t4r1ivmw:Barry Cryer (Himself);0i00czvq:Graeme Garden (Himself);tn2a91cb:Tim Brooke-Taylor (Himself);ooro5gcx:Willie Rushton (Himself);,
28x06,1996-12-14,anx0aq5q:Humphrey Lyttelton (Himself - Host);t4r1ivmw:Barry Cryer (Himself);0i00czvq:Graeme Garden (Himself);tn2a91cb:Tim Brooke-Taylor (Himself);ooro5gcx:Willie Rushton (Himself);,
28x07,1996-12-25,anx0aq5q:Humphrey Lyttelton (Himself - Host);t4r1ivmw:Barry Cryer (Himself);0i00czvq:Graeme Garden (Himself);tn2a91cb:Tim Brooke-Taylor (Himself);ooro5gcx:Willie Rushton (Himself);,
29x01,1997-06-07,anx0aq5q:Humphrey Lyttelton (Himself - Host);t4r1ivmw:Barry Cryer (Himself);0i00czvq:Graeme Garden (Himself);tn2a91cb:Tim Brooke-Taylor (Himself);3dai14ts:Paul Merton (Himself);,
29x02,1997-06-14,anx0aq5q:Humphrey Lyttelton (Himself - Host);t4r1ivmw:Barry Cryer (Himself);0i00czvq:Graeme Garden (Himself);tn2a91cb:Tim Brooke-Taylor (Himself);3dai14ts:Paul Merton (Himself);,
29x03,1997-06-21,anx0aq5q:Humphrey Lyttelton (Himself - Host);t4r1ivmw:Barry Cryer (Himself);0i00czvq:Graeme Garden (Himself);tn2a91cb:Tim Brooke-Taylor (Himself);ltb2104r:Denise Coffey (Herself);,
29x04,1997-06-28,anx0aq5q:Humphrey Lyttelton (Himself - Host);t4r1ivmw:Barry Cryer (Himself);0i00czvq:Graeme Garden (Himself);tn2a91cb:Tim Brooke-Taylor (Himself);ltb2104r:Denise Coffey (Herself);,
29x05,1997-07-05,anx0aq5q:Humphrey Lyttelton (Himself - Host);t4r1ivmw:Barry Cryer (Himself);0i00czvq:Graeme Garden (Himself);tn2a91cb:Tim Brooke-Taylor (Himself);fc3xrxvy:Stephen Fry (Himself);,
29x06,1997-07-12,anx0aq5q:Humphrey Lyttelton (Himself - Host);t4r1ivmw:Barry Cryer (Himself);0i00czvq:Graeme Garden (Himself);tn2a91cb:Tim Brooke-Taylor (Himself);fc3xrxvy:Stephen Fry (Himself);,
30x01,1997-11-08,anx0aq5q:Humphrey Lyttelton (Himself - Host);t4r1ivmw:Barry Cryer (Himself);0i00czvq:Graeme Garden (Himself);tn2a91cb:Tim Brooke-Taylor (Himself);3dai14ts:Paul Merton (Himself);,
30x02,1997-11-15,anx0aq5q:Humphrey Lyttelton (Himself - Host);t4r1ivmw:Barry Cryer (Himself);0i00czvq:Graeme Garden (Himself);tn2a91cb:Tim Brooke-Taylor (Himself);3dai14ts:Paul Merton (Himself);,
30x03,1997-11-22,anx0aq5q:Humphrey Lyttelton (Himself - Host);t4r1ivmw:Barry Cryer (Himself);0i00czvq:Graeme Garden (Himself);tn2a91cb:Tim Brooke-Taylor (Himself);ltky6r8w:Tony Hawks (Himself);,
30x04,1997-11-29,anx0aq5q:Humphrey Lyttelton (Himself - Host);t4r1ivmw:Barry Cryer (Himself);0i00czvq:Graeme Garden (Himself);tn2a91cb:Tim Brooke-Taylor (Himself);ltky6r8w:Tony Hawks (Himself);,
30x05,1997-12-06,anx0aq5q:Humphrey Lyttelton (Himself - Host);t4r1ivmw:Barry Cryer (Himself);0i00czvq:Graeme Garden (Himself);tn2a91cb:Tim Brooke-Taylor (Himself);nch01m5e:Sandi Toksvig (Herself);,
30x06,1997-12-13,anx0aq5q:Humphrey Lyttelton (Himself - Host);t4r1ivmw:Barry Cryer (Himself);0i00czvq:Graeme Garden (Himself);tn2a91cb:Tim Brooke-Taylor (Himself);nch01m5e:Sandi Toksvig (Herself);,
31x01,1998-04-27,anx0aq5q:Humphrey Lyttelton (Himself - Host);t4r1ivmw:Barry Cryer (Himself);0i00czvq:Graeme Garden (Himself);tn2a91cb:Tim Brooke-Taylor (Himself);87ulicd3:Jeremy Hardy (Himself);,
31x02,1998-05-04,anx0aq5q:Humphrey Lyttelton (Himself - Host);t4r1ivmw:Barry Cryer (Himself);0i00czvq:Graeme Garden (Himself);tn2a91cb:Tim Brooke-Taylor (Himself);87ulicd3:Jeremy Hardy (Himself);,
31x03,1998-05-11,anx0aq5q:Humphrey Lyttelton (Himself - Host);t4r1ivmw:Barry Cryer (Himself);0i00czvq:Graeme Garden (Himself);tn2a91cb:Tim Brooke-Taylor (Himself);3dai14ts:Paul Merton (Himself);,
31x04,1998-05-18,anx0aq5q:Humphrey Lyttelton (Himself - Host);t4r1ivmw:Barry Cryer (Himself);0i00czvq:Graeme Garden (Himself);tn2a91cb:Tim Brooke-Taylor (Himself);3dai14ts:Paul Merton (Himself);,
31x05,1998-05-25,anx0aq5q:Humphrey Lyttelton (Himself - Host);t4r1ivmw:Barry Cryer (Himself);0i00czvq:Graeme Garden (Himself);tn2a91cb:Tim Brooke-Taylor (Himself);nch01m5e:Sandi Toksvig (Herself);,
31x06,1998-06-01,anx0aq5q:Humphrey Lyttelton (Himself - Host);t4r1ivmw:Barry Cryer (Himself);0i00czvq:Graeme Garden (Himself);tn2a91cb:Tim Brooke-Taylor (Himself);nch01m5e:Sandi Toksvig (Herself);,
32x01,1998-11-30,anx0aq5q:Humphrey Lyttelton (Himself - Host);t4r1ivmw:Barry Cryer (Himself);0i00czvq:Graeme Garden (Himself);tn2a91cb:Tim Brooke-Taylor (Himself);bbjlysaj:Fred MacAulay (Himself);,
32x02,1998-12-07,anx0aq5q:Humphrey Lyttelton (Himself - Host);t4r1ivmw:Barry Cryer (Himself);0i00czvq:Graeme Garden (Himself);tn2a91cb:Tim Brooke-Taylor (Himself);bbjlysaj:Fred MacAulay (Himself);,
32x03,1998-12-14,anx0aq5q:Humphrey Lyttelton (Himself - Host);t4r1ivmw:Barry Cryer (Himself);0i00czvq:Graeme Garden (Himself);tn2a91cb:Tim Brooke-Taylor (Himself);2czgxtm7:Max Boyce (Himself);,
32x04,1998-12-21,anx0aq5q:Humphrey Lyttelton (Himself - Host);t4r1ivmw:Barry Cryer (Himself);0i00czvq:Graeme Garden (Himself);tn2a91cb:Tim Brooke-Taylor (Himself);2czgxtm7:Max Boyce (Himself);,
32x05,1998-12-28,anx0aq5q:Humphrey Lyttelton (Himself - Host);t4r1ivmw:Barry Cryer (Himself);0i00czvq:Graeme Garden (Himself);tn2a91cb:Tim Brooke-Taylor (Himself);87ulicd3:Jeremy Hardy (Himself);,
32x06,1998-01-04,anx0aq5q:Humphrey Lyttelton (Himself - Host);t4r1ivmw:Barry Cryer (Himself);0i00czvq:Graeme Garden (Himself);tn2a91cb:Tim Brooke-Taylor (Himself);87ulicd3:Jeremy Hardy (Himself);,
33x01,1999-05-24,anx0aq5q:Humphrey Lyttelton (Himself - Host);t4r1ivmw:Barry Cryer (Himself);0i00czvq:Graeme Garden (Himself);tn2a91cb:Tim Brooke-Taylor (Himself);bbjlysaj:Fred MacAulay (Himself);,
33x02,1999-05-31,anx0aq5q:Humphrey Lyttelton (Himself - Host);t4r1ivmw:Barry Cryer (Himself);0i00czvq:Graeme Garden (Himself);tn2a91cb:Tim Brooke-Taylor (Himself);bbjlysaj:Fred MacAulay (Himself);,
33x03,1999-06-07,anx0aq5q:Humphrey Lyttelton (Himself - Host);t4r1ivmw:Barry Cryer (Himself);0i00czvq:Graeme Garden (Himself);tn2a91cb:Tim Brooke-Taylor (Himself);ltky6r8w:Tony Hawks (Himself);,
33x04,1999-06-14,anx0aq5q:Humphrey Lyttelton (Himself - Host);t4r1ivmw:Barry Cryer (Himself);0i00czvq:Graeme Garden (Himself);tn2a91cb:Tim Brooke-Taylor (Himself);ltky6r8w:Tony Hawks (Himself);,
33x05,1999-06-21,anx0aq5q:Humphrey Lyttelton (Himself - Host);t4r1ivmw:Barry Cryer (Himself);0i00czvq:Graeme Garden (Himself);tn2a91cb:Tim Brooke-Taylor (Himself);87ulicd3:Jeremy Hardy (Himself);,
33x06,1999-06-28,anx0aq5q:Humphrey Lyttelton (Himself - Host);t4r1ivmw:Barry Cryer (Himself);0i00czvq:Graeme Garden (Himself);tn2a91cb:Tim Brooke-Taylor (Himself);87ulicd3:Jeremy Hardy (Himself);,
34x01,1999-11-08,anx0aq5q:Humphrey Lyttelton (Himself - Host);t4r1ivmw:Barry Cryer (Himself);0i00czvq:Graeme Garden (Himself);tn2a91cb:Tim Brooke-Taylor (Himself);nch01m5e:Sandi Toksvig (Herself);,
34x02,1999-11-15,anx0aq5q:Humphrey Lyttelton (Himself - Host);t4r1ivmw:Barry Cryer (Himself);0i00czvq:Graeme Garden (Himself);tn2a91cb:Tim Brooke-Taylor (Himself);nch01m5e:Sandi Toksvig (Herself);,
34x03,1999-11-22,anx0aq5q:Humphrey Lyttelton (Himself - Host);t4r1ivmw:Barry Cryer (Himself);0i00czvq:Graeme Garden (Himself);tn2a91cb:Tim Brooke-Taylor (Himself);sx5n2tkh:Phill Jupitus (Himself);,
34x04,1999-11-29,anx0aq5q:Humphrey Lyttelton (Himself - Host);t4r1ivmw:Barry Cryer (Himself);0i00czvq:Graeme Garden (Himself);tn2a91cb:Tim Brooke-Taylor (Himself);sx5n2tkh:Phill Jupitus (Himself);,
34x05,1999-12-06,anx0aq5q:Humphrey Lyttelton (Himself - Host);t4r1ivmw:Barry Cryer (Himself);0i00czvq:Graeme Garden (Himself);tn2a91cb:Tim Brooke-Taylor (Himself);4mzh48iq:Andy Hamilton (Himself);,
34x06,1999-12-13,anx0aq5q:Humphrey Lyttelton (Himself - Host);t4r1ivmw:Barry Cryer (Himself);0i00czvq:Graeme Garden (Himself);tn2a91cb:Tim Brooke-Taylor (Himself);4mzh48iq:Andy Hamilton (Himself);,
34x07,1999-12-25,anx0aq5q:Humphrey Lyttelton (Himself - Host);t4r1ivmw:Barry Cryer (Himself);0i00czvq:Graeme Garden (Himself);tn2a91cb:Tim Brooke-Taylor (Himself);fc3xrxvy:Stephen Fry (Himself);,
35x01,2000-05-22,anx0aq5q:Humphrey Lyttelton (Himself - Host);t4r1ivmw:Barry Cryer (Himself);0i00czvq:Graeme Garden (Himself);tn2a91cb:Tim Brooke-Taylor (Himself);02265fdx:Neil Mullarkey (Himself);,
35x02,2000-05-29,anx0aq5q:Humphrey Lyttelton (Himself - Host);t4r1ivmw:Barry Cryer (Himself);0i00czvq:Graeme Garden (Himself);tn2a91cb:Tim Brooke-Taylor (Himself);02265fdx:Neil Mullarkey (Himself);,
35x03,2000-06-05,anx0aq5q:Humphrey Lyttelton (Himself - Host);t4r1ivmw:Barry Cryer (Himself);0i00czvq:Graeme Garden (Himself);tn2a91cb:Tim Brooke-Taylor (Himself);87ulicd3:Jeremy Hardy (Himself);,
35x04,2000-06-12,anx0aq5q:Humphrey Lyttelton (Himself - Host);t4r1ivmw:Barry Cryer (Himself);0i00czvq:Graeme Garden (Himself);tn2a91cb:Tim Brooke-Taylor (Himself);87ulicd3:Jeremy Hardy (Himself);,
35x05,2000-06-19,anx0aq5q:Humphrey Lyttelton (Himself - Host);t4r1ivmw:Barry Cryer (Himself);0i00czvq:Graeme Garden (Himself);tn2a91cb:Tim Brooke-Taylor (Himself);fc3xrxvy:Stephen Fry (Himself);,
35x06,2000-06-26,anx0aq5q:Humphrey Lyttelton (Himself - Host);t4r1ivmw:Barry Cryer (Himself);0i00czvq:Graeme Garden (Himself);tn2a91cb:Tim Brooke-Taylor (Himself);fc3xrxvy:Stephen Fry (Himself);,
36x01,2000-11-13,anx0aq5q:Humphrey Lyttelton (Himself - Host);t4r1ivmw:Barry Cryer (Himself);0i00czvq:Graeme Garden (Himself);tn2a91cb:Tim Brooke-Taylor (Himself);nch01m5e:Sandi Toksvig (Herself);,
36x02,2000-11-20,anx0aq5q:Humphrey Lyttelton (Himself - Host);t4r1ivmw:Barry Cryer (Himself);0i00czvq:Graeme Garden (Himself);tn2a91cb:Tim Brooke-Taylor (Himself);nch01m5e:Sandi Toksvig (Herself);,
36x03,2000-11-27,anx0aq5q:Humphrey Lyttelton (Himself - Host);t4r1ivmw:Barry Cryer (Himself);0i00czvq:Graeme Garden (Himself);tn2a91cb:Tim Brooke-Taylor (Himself);ltky6r8w:Tony Hawks (Himself);,
36x04,2000-12-04,anx0aq5q:Humphrey Lyttelton (Himself - Host);t4r1ivmw:Barry Cryer (Himself);0i00czvq:Graeme Garden (Himself);tn2a91cb:Tim Brooke-Taylor (Himself);ltky6r8w:Tony Hawks (Himself);,
36x05,2000-12-11,anx0aq5q:Humphrey Lyttelton (Himself - Host);t4r1ivmw:Barry Cryer (Himself);0i00czvq:Graeme Garden (Himself);tn2a91cb:Tim Brooke-Taylor (Himself);87ulicd3:Jeremy Hardy (Himself);,
36x06,2000-12-18,anx0aq5q:Humphrey Lyttelton (Himself - Host);t4r1ivmw:Barry Cryer (Himself);0i00czvq:Graeme Garden (Himself);tn2a91cb:Tim Brooke-Taylor (Himself);87ulicd3:Jeremy Hardy (Himself);,
37x01,2001-05-28,anx0aq5q:Humphrey Lyttelton (Himself - Host);t4r1ivmw:Barry Cryer (Himself);0i00czvq:Graeme Garden (Himself);tn2a91cb:Tim Brooke-Taylor (Himself);87ulicd3:Jeremy Hardy (Himself);,
37x02,2001-06-04,anx0aq5q:Humphrey Lyttelton (Himself - Host);t4r1ivmw:Barry Cryer (Himself);0i00czvq:Graeme Garden (Himself);tn2a91cb:Tim Brooke-Taylor (Himself);87ulicd3:Jeremy Hardy (Himself);,
37x03,2001-06-11,anx0aq5q:Humphrey Lyttelton (Himself - Host);t4r1ivmw:Barry Cryer (Himself);0i00czvq:Graeme Garden (Himself);tn2a91cb:Tim Brooke-Taylor (Himself);rq34yrxp:Linda Smith (Herself);,
37x04,2001-06-18,anx0aq5q:Humphrey Lyttelton (Himself - Host);t4r1ivmw:Barry Cryer (Himself);0i00czvq:Graeme Garden (Himself);tn2a91cb:Tim Brooke-Taylor (Himself);rq34yrxp:Linda Smith (Herself);,
37x05,2001-06-25,anx0aq5q:Humphrey Lyttelton (Himself - Host);t4r1ivmw:Barry Cryer (Himself);0i00czvq:Graeme Garden (Himself);tn2a91cb:Tim Brooke-Taylor (Himself);nch01m5e:Sandi Toksvig (Herself);,
37x06,2001-07-02,anx0aq5q:Humphrey Lyttelton (Himself - Host);t4r1ivmw:Barry Cryer (Himself);0i00czvq:Graeme Garden (Himself);tn2a91cb:Tim Brooke-Taylor (Himself);nch01m5e:Sandi Toksvig (Herself);,
38x01,2001-11-12,anx0aq5q:Humphrey Lyttelton (Himself - Host);t4r1ivmw:Barry Cryer (Himself);0i00czvq:Graeme Garden (Himself);tn2a91cb:Tim Brooke-Taylor (Himself);ltky6r8w:Tony Hawks (Himself);,
38x02,2001-11-19,anx0aq5q:Humphrey Lyttelton (Himself - Host);t4r1ivmw:Barry Cryer (Himself);0i00czvq:Graeme Garden (Himself);tn2a91cb:Tim Brooke-Taylor (Himself);ltky6r8w:Tony Hawks (Himself);,
38x03,2001-11-26,anx0aq5q:Humphrey Lyttelton (Himself - Host);t4r1ivmw:Barry Cryer (Himself);0i00czvq:Graeme Garden (Himself);tn2a91cb:Tim Brooke-Taylor (Himself);ejxwsho2:Phil Jupitus (Himself);,
38x04,2001-12-03,anx0aq5q:Humphrey Lyttelton (Himself - Host);t4r1ivmw:Barry Cryer (Himself);0i00czvq:Graeme Garden (Himself);tn2a91cb:Tim Brooke-Taylor (Himself);ejxwsho2:Phil Jupitus (Himself);,
38x05,2001-12-10,anx0aq5q:Humphrey Lyttelton (Himself - Host);t4r1ivmw:Barry Cryer (Himself);0i00czvq:Graeme Garden (Himself);tn2a91cb:Tim Brooke-Taylor (Himself);4mzh48iq:Andy Hamilton (Himself);,
38x06,2001-12-17,anx0aq5q:Humphrey Lyttelton (Himself - Host);t4r1ivmw:Barry Cryer (Himself);0i00czvq:Graeme Garden (Himself);tn2a91cb:Tim Brooke-Taylor (Himself);4mzh48iq:Andy Hamilton (Himself);,
38x07,2001-12-24,anx0aq5q:Humphrey Lyttelton (Himself - Host);t4r1ivmw:Barry Cryer (Himself);0i00czvq:Graeme Garden (Himself);tn2a91cb:Tim Brooke-Taylor (Himself);87ulicd3:Jeremy Hardy (Himself);,
39x01,2002-05-20,anx0aq5q:Humphrey Lyttelton (Himself - Host);t4r1ivmw:Barry Cryer (Himself);0i00czvq:Graeme Garden (Himself);tn2a91cb:Tim Brooke-Taylor (Himself);nch01m5e:Sandi Toksvig (Herself);,
39x02,2002-05-27,anx0aq5q:Humphrey Lyttelton (Himself - Host);t4r1ivmw:Barry Cryer (Himself);0i00czvq:Graeme Garden (Himself);tn2a91cb:Tim Brooke-Taylor (Himself);nch01m5e:Sandi Toksvig (Herself);,
39x03,2002-06-03,anx0aq5q:Humphrey Lyttelton (Himself - Host);t4r1ivmw:Barry Cryer (Himself);0i00czvq:Graeme Garden (Himself);tn2a91cb:Tim Brooke-Taylor (Himself);87ulicd3:Jeremy Hardy (Himself);,
39x04,2002-06-10,anx0aq5q:Humphrey Lyttelton (Himself - Host);t4r1ivmw:Barry Cryer (Himself);0i00czvq:Graeme Garden (Himself);tn2a91cb:Tim Brooke-Taylor (Himself);87ulicd3:Jeremy Hardy (Himself);,
39x05,2002-06-17,anx0aq5q:Humphrey Lyttelton (Himself - Host);t4r1ivmw:Barry Cryer (Himself);0i00czvq:Graeme Garden (Himself);tn2a91cb:Tim Brooke-Taylor (Himself);l2c0axys:Bill Bailey (Himself);,
39x06,2002-06-24,anx0aq5q:Humphrey Lyttelton (Himself - Host);t4r1ivmw:Barry Cryer (Himself);0i00czvq:Graeme Garden (Himself);tn2a91cb:Tim Brooke-Taylor (Himself);l2c0axys:Bill Bailey (Himself);,
40x01,2002-11-18,anx0aq5q:Humphrey Lyttelton (Himself - Host);t4r1ivmw:Barry Cryer (Himself);0i00czvq:Graeme Garden (Himself);tn2a91cb:Tim Brooke-Taylor (Himself);4mzh48iq:Andy Hamilton (Himself);,
40x02,2002-11-25,anx0aq5q:Humphrey Lyttelton (Himself - Host);t4r1ivmw:Barry Cryer (Himself);0i00czvq:Graeme Garden (Himself);tn2a91cb:Tim Brooke-Taylor (Himself);4mzh48iq:Andy Hamilton (Himself);,
40x03,2002-12-02,anx0aq5q:Humphrey Lyttelton (Himself - Host);t4r1ivmw:Barry Cryer (Himself);0i00czvq:Graeme Garden (Himself);tn2a91cb:Tim Brooke-Taylor (Himself);ltky6r8w:Tony Hawks (Himself);,
40x04,2002-12-09,anx0aq5q:Humphrey Lyttelton (Himself - Host);t4r1ivmw:Barry Cryer (Himself);0i00czvq:Graeme Garden (Himself);tn2a91cb:Tim Brooke-Taylor (Himself);ltky6r8w:Tony Hawks (Himself);,
40x05,2002-12-16,anx0aq5q:Humphrey Lyttelton (Himself - Host);t4r1ivmw:Barry Cryer (Himself);0i00czvq:Graeme Garden (Himself);tn2a91cb:Tim Brooke-Taylor (Himself);nch01m5e:Sandi Toksvig (Herself);,
40x06,2002-12-23,anx0aq5q:Humphrey Lyttelton (Himself - Host);t4r1ivmw:Barry Cryer (Himself);0i00czvq:Graeme Garden (Himself);tn2a91cb:Tim Brooke-Taylor (Himself);nch01m5e:Sandi Toksvig (Herself);,
41x01,2003-05-26,anx0aq5q:Humphrey Lyttelton (Himself - Host);t4r1ivmw:Barry Cryer (Himself);0i00czvq:Graeme Garden (Himself);tn2a91cb:Tim Brooke-Taylor (Himself);ltky6r8w:Tony Hawks (Himself);,
41x02,2003-06-02,anx0aq5q:Humphrey Lyttelton (Himself - Host);t4r1ivmw:Barry Cryer (Himself);0i00czvq:Graeme Garden (Himself);tn2a91cb:Tim Brooke-Taylor (Himself);ltky6r8w:Tony Hawks (Himself);,
41x03,2003-06-09,anx0aq5q:Humphrey Lyttelton (Himself - Host);t4r1ivmw:Barry Cryer (Himself);0i00czvq:Graeme Garden (Himself);tn2a91cb:Tim Brooke-Taylor (Himself);tkd7ts9x:Harry Hill (Himself);,
41x04,2003-06-16,anx0aq5q:Humphrey Lyttelton (Himself - Host);t4r1ivmw:Barry Cryer (Himself);0i00czvq:Graeme Garden (Himself);tn2a91cb:Tim Brooke-Taylor (Himself);tkd7ts9x:Harry Hill (Himself);,
41x05,2003-06-23,anx0aq5q:Humphrey Lyttelton (Himself - Host);t4r1ivmw:Barry Cryer (Himself);0i00czvq:Graeme Garden (Himself);tn2a91cb:Tim Brooke-Taylor (Himself);87ulicd3:Jeremy Hardy (Himself);,
41x06,2003-06-30,anx0aq5q:Humphrey Lyttelton (Himself - Host);t4r1ivmw:Barry Cryer (Himself);0i00czvq:Graeme Garden (Himself);tn2a91cb:Tim Brooke-Taylor (Himself);87ulicd3:Jeremy Hardy (Himself);,
42x01,2003-11-17,anx0aq5q:Humphrey Lyttelton (Himself - Host);t4r1ivmw:Barry Cryer (Himself);0i00czvq:Graeme Garden (Himself);tn2a91cb:Tim Brooke-Taylor (Himself);nch01m5e:Sandi Toksvig (Herself);,
42x02,2003-11-24,anx0aq5q:Humphrey Lyttelton (Himself - Host);t4r1ivmw:Barry Cryer (Himself);0i00czvq:Graeme Garden (Himself);tn2a91cb:Tim Brooke-Taylor (Himself);nch01m5e:Sandi Toksvig (Herself);,
42x03,2003-12-01,anx0aq5q:Humphrey Lyttelton (Himself - Host);t4r1ivmw:Barry Cryer (Himself);0i00czvq:Graeme Garden (Himself);tn2a91cb:Tim Brooke-Taylor (Himself);87ulicd3:Jeremy Hardy (Himself);,
42x04,2003-12-08,anx0aq5q:Humphrey Lyttelton (Himself - Host);t4r1ivmw:Barry Cryer (Himself);0i00czvq:Graeme Garden (Himself);tn2a91cb:Tim Brooke-Taylor (Himself);87ulicd3:Jeremy Hardy (Himself);,
42x05,2003-12-15,anx0aq5q:Humphrey Lyttelton (Himself - Host);t4r1ivmw:Barry Cryer (Himself);0i00czvq:Graeme Garden (Himself);tn2a91cb:Tim Brooke-Taylor (Himself);wtzft1x0:Ross Noble (Himself);,
42x06,2003-12-22,anx0aq5q:Humphrey Lyttelton (Himself - Host);t4r1ivmw:Barry Cryer (Himself);0i00czvq:Graeme Garden (Himself);tn2a91cb:Tim Brooke-Taylor (Himself);wtzft1x0:Ross Noble (Himself);,
43x01,2004-05-31,anx0aq5q:Humphrey Lyttelton (Himself - Host);t4r1ivmw:Barry Cryer (Himself);0i00czvq:Graeme Garden (Himself);tn2a91cb:Tim Brooke-Taylor (Himself);ltky6r8w:Tony Hawks (Himself);,
43x02,2004-06-07,anx0aq5q:Humphrey Lyttelton (Himself - Host);t4r1ivmw:Barry Cryer (Himself);0i00czvq:Graeme Garden (Himself);tn2a91cb:Tim Brooke-Taylor (Himself);ltky6r8w:Tony Hawks (Himself);,
43x03,2004-06-14,anx0aq5q:Humphrey Lyttelton (Himself - Host);t4r1ivmw:Barry Cryer (Himself);0i00czvq:Graeme Garden (Himself);tn2a91cb:Tim Brooke-Taylor (Himself);goz3ofbt:Jack Dee (Himself);,
43x04,2004-06-21,anx0aq5q:Humphrey Lyttelton (Himself - Host);t4r1ivmw:Barry Cryer (Himself);0i00czvq:Graeme Garden (Himself);tn2a91cb:Tim Brooke-Taylor (Himself);goz3ofbt:Jack Dee (Himself);,
43x05,2004-06-28,anx0aq5q:Humphrey Lyttelton (Himself - Host);t4r1ivmw:Barry Cryer (Himself);0i00czvq:Graeme Garden (Himself);tn2a91cb:Tim Brooke-Taylor (Himself);87ulicd3:Jeremy Hardy (Himself);,
43x06,2004-07-05,anx0aq5q:Humphrey Lyttelton (Himself - Host);t4r1ivmw:Barry Cryer (Himself);0i00czvq:Graeme Garden (Himself);tn2a91cb:Tim Brooke-Taylor (Himself);87ulicd3:Jeremy Hardy (Himself);,
44x01,2004-12-06,anx0aq5q:Humphrey Lyttelton (Himself - Host);t4r1ivmw:Barry Cryer (Himself);0i00czvq:Graeme Garden (Himself);tn2a91cb:Tim Brooke-Taylor (Himself);rq34yrxp:Linda Smith (Herself);,
44x02,2004-12-13,anx0aq5q:Humphrey Lyttelton (Himself - Host);t4r1ivmw:Barry Cryer (Himself);0i00czvq:Graeme Garden (Himself);tn2a91cb:Tim Brooke-Taylor (Himself);rq34yrxp:Linda Smith (Herself);,
44x03,2004-12-20,anx0aq5q:Humphrey Lyttelton (Himself - Host);t4r1ivmw:Barry Cryer (Himself);0i00czvq:Graeme Garden (Himself);tn2a91cb:Tim Brooke-Taylor (Himself);4mzh48iq:Andy Hamilton (Himself);,
44x04,2005-01-03,anx0aq5q:Humphrey Lyttelton (Himself - Host);t4r1ivmw:Barry Cryer (Himself);0i00czvq:Graeme Garden (Himself);tn2a91cb:Tim Brooke-Taylor (Himself);4mzh48iq:Andy Hamilton (Himself);,
44x05,2005-01-10,anx0aq5q:Humphrey Lyttelton (Himself - Host);t4r1ivmw:Barry Cryer (Himself);0i00czvq:Graeme Garden (Himself);tn2a91cb:Tim Brooke-Taylor (Himself);goz3ofbt:Jack Dee (Himself);,
44x06,2005-01-17,anx0aq5q:Humphrey Lyttelton (Himself - Host);t4r1ivmw:Barry Cryer (Himself);0i00czvq:Graeme Garden (Himself);tn2a91cb:Tim Brooke-Taylor (Himself);87ulicd3:Jeremy Hardy (Himself);,
45x01,2005-05-30,anx0aq5q:Humphrey Lyttelton (Himself - Host);t4r1ivmw:Barry Cryer (Himself);0i00czvq:Graeme Garden (Himself);tn2a91cb:Tim Brooke-Taylor (Himself);87ulicd3:Jeremy Hardy (Himself);,
45x02,2005-06-06,anx0aq5q:Humphrey Lyttelton (Himself - Host);t4r1ivmw:Barry Cryer (Himself);0i00czvq:Graeme Garden (Himself);tn2a91cb:Tim Brooke-Taylor (Himself);87ulicd3:Jeremy Hardy (Himself);,
45x03,2005-06-13,anx0aq5q:Humphrey Lyttelton (Himself - Host);t4r1ivmw:Barry Cryer (Himself);ltky6r8w:Tony Hawks (Himself);tn2a91cb:Tim Brooke-Taylor (Himself);nch01m5e:Sandi Toksvig (Herself);,
45x04,2005-06-20,anx0aq5q:Humphrey Lyttelton (Himself - Host);t4r1ivmw:Barry Cryer (Himself);ltky6r8w:Tony Hawks (Himself);tn2a91cb:Tim Brooke-Taylor (Himself);nch01m5e:Sandi Toksvig (Herself);,
45x05,2005-06-27,anx0aq5q:Humphrey Lyttelton (Himself - Host);t4r1ivmw:Barry Cryer (Himself);0i00czvq:Graeme Garden (Himself);tn2a91cb:Tim Brooke-Taylor (Himself);tkd7ts9x:Harry Hill (Himself);,
45x06,2005-07-04,anx0aq5q:Humphrey Lyttelton (Himself - Host);t4r1ivmw:Barry Cryer (Himself);0i00czvq:Graeme Garden (Himself);tn2a91cb:Tim Brooke-Taylor (Himself);tkd7ts9x:Harry Hill (Himself);,
46x01,2005-11-14,anx0aq5q:Humphrey Lyttelton (Himself - Host);t4r1ivmw:Barry Cryer (Himself);0i00czvq:Graeme Garden (Himself);tn2a91cb:Tim Brooke-Taylor (Himself);87ulicd3:Jeremy Hardy (Himself);,
46x02,2005-11-21,anx0aq5q:Humphrey Lyttelton (Himself - Host);t4r1ivmw:Barry Cryer (Himself);0i00czvq:Graeme Garden (Himself);tn2a91cb:Tim Brooke-Taylor (Himself);87ulicd3:Jeremy Hardy (Himself);,
46x03,2005-11-28,anx0aq5q:Humphrey Lyttelton (Himself - Host);t4r1ivmw:Barry Cryer (Himself);0i00czvq:Graeme Garden (Himself);tn2a91cb:Tim Brooke-Taylor (Himself);goz3ofbt:Jack Dee (Himself);,
46x04,2005-11-05,anx0aq5q:Humphrey Lyttelton (Himself - Host);t4r1ivmw:Barry Cryer (Himself);0i00czvq:Graeme Garden (Himself);tn2a91cb:Tim Brooke-Taylor (Himself);goz3ofbt:Jack Dee (Himself);,
46x05,2005-12-12,anx0aq5q:Humphrey Lyttelton (Himself - Host);t4r1ivmw:Barry Cryer (Himself);0i00czvq:Graeme Garden (Himself);tn2a91cb:Tim Brooke-Taylor (Himself);wtzft1x0:Ross Noble (Himself);,
46x06,2005-12-19,anx0aq5q:Humphrey Lyttelton (Himself - Host);t4r1ivmw:Barry Cryer (Himself);0i00czvq:Graeme Garden (Himself);tn2a91cb:Tim Brooke-Taylor (Himself);nch01m5e:Sandi Toksvig (Herself);,
46x07,2005-12-26,anx0aq5q:Humphrey Lyttelton (Himself - Host);t4r1ivmw:Barry Cryer (Himself);0i00czvq:Graeme Garden (Himself);tn2a91cb:Tim Brooke-Taylor (Himself);nch01m5e:Sandi Toksvig (Herself);,
47x01,2006-05-22,anx0aq5q:Humphrey Lyttelton (Himself - Host);t4r1ivmw:Barry Cryer (Himself);0i00czvq:Graeme Garden (Himself);tn2a91cb:Tim Brooke-Taylor (Himself);87ulicd3:Jeremy Hardy (Himself);,
47x02,2006-05-29,anx0aq5q:Humphrey Lyttelton (Himself - Host);t4r1ivmw:Barry Cryer (Himself);0i00czvq:Graeme Garden (Himself);tn2a91cb:Tim Brooke-Taylor (Himself);87ulicd3:Jeremy Hardy (Himself);,
47x03,2006-06-05,anx0aq5q:Humphrey Lyttelton (Himself - Host);t4r1ivmw:Barry Cryer (Himself);0i00czvq:Graeme Garden (Himself);tn2a91cb:Tim Brooke-Taylor (Himself);4mzh48iq:Andy Hamilton (Himself);,
47x04,2006-06-12,anx0aq5q:Humphrey Lyttelton (Himself - Host);t4r1ivmw:Barry Cryer (Himself);0i00czvq:Graeme Garden (Himself);tn2a91cb:Tim Brooke-Taylor (Himself);4mzh48iq:Andy Hamilton (Himself);,
47x05,2006-06-19,anx0aq5q:Humphrey Lyttelton (Himself - Host);t4r1ivmw:Barry Cryer (Himself);0i00czvq:Graeme Garden (Himself);tn2a91cb:Tim Brooke-Taylor (Himself);9hgf4amz:Rob Brydon (Himself);,
47x06,2006-06-26,anx0aq5q:Humphrey Lyttelton (Himself - Host);t4r1ivmw:Barry Cryer (Himself);0i00czvq:Graeme Garden (Himself);tn2a91cb:Tim Brooke-Taylor (Himself);9hgf4amz:Rob Brydon (Himself);,
48x01,2006-11-13,anx0aq5q:Humphrey Lyttelton (Himself - Host);t4r1ivmw:Barry Cryer (Himself);0i00czvq:Graeme Garden (Himself);tn2a91cb:Tim Brooke-Taylor (Himself);87ulicd3:Jeremy Hardy (Himself);,
48x02,2006-11-20,anx0aq5q:Humphrey Lyttelton (Himself - Host);t4r1ivmw:Barry Cryer (Himself);0i00czvq:Graeme Garden (Himself);tn2a91cb:Tim Brooke-Taylor (Himself);87ulicd3:Jeremy Hardy (Himself);,
48x03,2006-11-27,anx0aq5q:Humphrey Lyttelton (Himself - Host);t4r1ivmw:Barry Cryer (Himself);0i00czvq:Graeme Garden (Himself);tn2a91cb:Tim Brooke-Taylor (Himself);9hgf4amz:Rob Brydon (Himself);,
48x04,2006-12-04,anx0aq5q:Humphrey Lyttelton (Himself - Host);t4r1ivmw:Barry Cryer (Himself);0i00czvq:Graeme Garden (Himself);tn2a91cb:Tim Brooke-Taylor (Himself);9hgf4amz:Rob Brydon (Himself);,
48x05,2006-12-11,anx0aq5q:Humphrey Lyttelton (Himself - Host);t4r1ivmw:Barry Cryer (Himself);0i00czvq:Graeme Garden (Himself);tn2a91cb:Tim Brooke-Taylor (Himself);ltky6r8w:Tony Hawks (Himself);,
48x06,2006-12-18,anx0aq5q:Humphrey Lyttelton (Himself - Host);t4r1ivmw:Barry Cryer (Himself);0i00czvq:Graeme Garden (Himself);tn2a91cb:Tim Brooke-Taylor (Himself);ltky6r8w:Tony Hawks (Himself);,
49x01,2007-06-04,anx0aq5q:Humphrey Lyttelton (Himself - Host);t4r1ivmw:Barry Cryer (Himself);0i00czvq:Graeme Garden (Himself);tn2a91cb:Tim Brooke-Taylor (Himself);fc3xrxvy:Stephen Fry (Himself);,
49x02,2007-06-11,anx0aq5q:Humphrey Lyttelton (Himself - Host);t4r1ivmw:Barry Cryer (Himself);0i00czvq:Graeme Garden (Himself);tn2a91cb:Tim Brooke-Taylor (Himself);fc3xrxvy:Stephen Fry (Himself);,
49x03,2007-06-18,anx0aq5q:Humphrey Lyttelton (Himself - Host);t4r1ivmw:Barry Cryer (Himself);0i00czvq:Graeme Garden (Himself);tn2a91cb:Tim Brooke-Taylor (Himself);9hgf4amz:Rob Brydon (Himself);,
49x04,2007-06-25,anx0aq5q:Humphrey Lyttelton (Himself - Host);t4r1ivmw:Barry Cryer (Himself);0i00czvq:Graeme Garden (Himself);tn2a91cb:Tim Brooke-Taylor (Himself);9hgf4amz:Rob Brydon (Himself);,
49x05,2007-07-02,anx0aq5q:Humphrey Lyttelton (Himself - Host);t4r1ivmw:Barry Cryer (Himself);0i00czvq:Graeme Garden (Himself);tn2a91cb:Tim Brooke-Taylor (Himself);87ulicd3:Jeremy Hardy (Himself);,
49x06,2007-07-09,anx0aq5q:Humphrey Lyttelton (Himself - Host);t4r1ivmw:Barry Cryer (Himself);0i00czvq:Graeme Garden (Himself);tn2a91cb:Tim Brooke-Taylor (Himself);87ulicd3:Jeremy Hardy (Himself);,
50x01,2007-11-12,anx0aq5q:Humphrey Lyttelton (Himself - Host);t4r1ivmw:Barry Cryer (Himself);0i00czvq:Graeme Garden (Himself);tn2a91cb:Tim Brooke-Taylor (Himself);9hgf4amz:Rob Brydon (Himself);,
50x02,2007-11-19,anx0aq5q:Humphrey Lyttelton (Himself - Host);t4r1ivmw:Barry Cryer (Himself);0i00czvq:Graeme Garden (Himself);tn2a91cb:Tim Brooke-Taylor (Himself);9hgf4amz:Rob Brydon (Himself);,
50x03,2007-11-26,anx0aq5q:Humphrey Lyttelton (Himself - Host);t4r1ivmw:Barry Cryer (Himself);0i00czvq:Graeme Garden (Himself);tn2a91cb:Tim Brooke-Taylor (Himself);87ulicd3:Jeremy Hardy (Himself);,
50x04,2007-12-03,anx0aq5q:Humphrey Lyttelton (Himself - Host);t4r1ivmw:Barry Cryer (Himself);0i00czvq:Graeme Garden (Himself);tn2a91cb:Tim Brooke-Taylor (Himself);87ulicd3:Jeremy Hardy (Himself);,
50x05,2007-12-10,anx0aq5q:Humphrey Lyttelton (Himself - Host);t4r1ivmw:Barry Cryer (Himself);0i00czvq:Graeme Garden (Himself);4mzh48iq:Andy Hamilton (Himself);goz3ofbt:Jack Dee (Himself);,
50x06,2007-12-17,anx0aq5q:Humphrey Lyttelton (Himself - Host);t4r1ivmw:Barry Cryer (Himself);0i00czvq:Graeme Garden (Himself);4mzh48iq:Andy Hamilton (Himself);goz3ofbt:Jack Dee (Himself);,
51x01,2009-06-15,fc3xrxvy:Stephen Fry (Himself - Host);t4r1ivmw:Barry Cryer (Himself);0i00czvq:Graeme Garden (Himself);tn2a91cb:Tim Brooke-Taylor (Himself);3pq3saf7:Victoria Wood (Herself);,
51x02,2009-06-22,fc3xrxvy:Stephen Fry (Himself - Host);t4r1ivmw:Barry Cryer (Himself);0i00czvq:Graeme Garden (Himself);tn2a91cb:Tim Brooke-Taylor (Himself);3pq3saf7:Victoria Wood (Herself);,
51x03,2009-06-29,goz3ofbt:Jack Dee (Himself - Host);t4r1ivmw:Barry Cryer (Himself);0i00czvq:Graeme Garden (Himself);tn2a91cb:Tim Brooke-Taylor (Himself);87ulicd3:Jeremy Hardy (Himself);,
51x04,2009-07-06,goz3ofbt:Jack Dee (Himself - Host);t4r1ivmw:Barry Cryer (Himself);0i00czvq:Graeme Garden (Himself);tn2a91cb:Tim Brooke-Taylor (Himself);87ulicd3:Jeremy Hardy (Himself);,
51x05,2009-07-13,9hgf4amz:Rob Brydon (Himself - Host);t4r1ivmw:Barry Cryer (Himself);0i00czvq:Graeme Garden (Himself);tn2a91cb:Tim Brooke-Taylor (Himself);sx5n2tkh:Phill Jupitus (Himself);,
51x06,2009-07-20,9hgf4amz:Rob Brydon (Himself - Host);t4r1ivmw:Barry Cryer (Himself);0i00czvq:Graeme Garden (Himself);tn2a91cb:Tim Brooke-Taylor (Himself);sx5n2tkh:Phill Jupitus (Himself);,
52x01,2009-11-16,goz3ofbt:Jack Dee (Himself - Host);t4r1ivmw:Barry Cryer (Himself);0i00czvq:Graeme Garden (Himself);tn2a91cb:Tim Brooke-Taylor (Himself);9hgf4amz:Rob Brydon (Himself);,
52x02,2009-11-23,goz3ofbt:Jack Dee (Himself - Host);t4r1ivmw:Barry Cryer (Himself);0i00czvq:Graeme Garden (Himself);tn2a91cb:Tim Brooke-Taylor (Himself);9hgf4amz:Rob Brydon (Himself);,
52x03,2009-11-30,goz3ofbt:Jack Dee (Himself - Host);t4r1ivmw:Barry Cryer (Himself);0i00czvq:Graeme Garden (Himself);tn2a91cb:Tim Brooke-Taylor (Himself);m2nw4eae:David Mitchell (Himself);,
52x04,2009-12-07,goz3ofbt:Jack Dee (Himself - Host);t4r1ivmw:Barry Cryer (Himself);0i00czvq:Graeme Garden (Himself);tn2a91cb:Tim Brooke-Taylor (Himself);m2nw4eae:David Mitchell (Himself);,
52x05,2009-12-14,goz3ofbt:Jack Dee (Himself - Host);t4r1ivmw:Barry Cryer (Himself);tn2a91cb:Tim Brooke-Taylor (Himself);b93y6vnu:Jo Brand (Herself);87ulicd3:Jeremy Hardy (Himself);,
52x06,2009-12-21,goz3ofbt:Jack Dee (Himself - Host);t4r1ivmw:Barry Cryer (Himself);tn2a91cb:Tim Brooke-Taylor (Himself);b93y6vnu:Jo Brand (Herself);87ulicd3:Jeremy Hardy (Himself);,
53x01,2010-06-21,goz3ofbt:Jack Dee (Himself - Host);t4r1ivmw:Barry Cryer (Himself);0i00czvq:Graeme Garden (Himself);tn2a91cb:Tim Brooke-Taylor (Himself);87ulicd3:Jeremy Hardy (Himself);,
53x02,2010-06-28,goz3ofbt:Jack Dee (Himself - Host);t4r1ivmw:Barry Cryer (Himself);0i00czvq:Graeme Garden (Himself);tn2a91cb:Tim Brooke-Taylor (Himself);87ulicd3:Jeremy Hardy (Himself);,
53x03,2010-07-05,goz3ofbt:Jack Dee (Himself - Host);t4r1ivmw:Barry Cryer (Himself);0i00czvq:Graeme Garden (Himself);tn2a91cb:Tim Brooke-Taylor (Himself);nch01m5e:Sandi Toksvig (Herself);,
53x04,2010-07-12,goz3ofbt:Jack Dee (Himself - Host);t4r1ivmw:Barry Cryer (Himself);0i00czvq:Graeme Garden (Himself);tn2a91cb:Tim Brooke-Taylor (Himself);nch01m5e:Sandi Toksvig (Herself);,
53x05,2010-07-19,goz3ofbt:Jack Dee (Himself - Host);t4r1ivmw:Barry Cryer (Himself);0i00czvq:Graeme Garden (Himself);tn2a91cb:Tim Brooke-Taylor (Himself);m2nw4eae:David Mitchell (Himself);,
53x06,2010-07-26,goz3ofbt:Jack Dee (Himself - Host);t4r1ivmw:Barry Cryer (Himself);0i00czvq:Graeme Garden (Himself);tn2a91cb:Tim Brooke-Taylor (Himself);m2nw4eae:David Mitchell (Himself);,
54x01,2010-12-27,goz3ofbt:Jack Dee (Himself - Host);t4r1ivmw:Barry Cryer (Himself);0i00czvq:Graeme Garden (Himself);tn2a91cb:Tim Brooke-Taylor (Himself);sx5n2tkh:Phill Jupitus (Himself);,
54x02,2011-01-03,goz3ofbt:Jack Dee (Himself - Host);t4r1ivmw:Barry Cryer (Himself);0i00czvq:Graeme Garden (Himself);tn2a91cb:Tim Brooke-Taylor (Himself);sx5n2tkh:Phill Jupitus (Himself);,
54x03,2011-01-10,goz3ofbt:Jack Dee (Himself - Host);t4r1ivmw:Barry Cryer (Himself);0i00czvq:Graeme Garden (Himself);tn2a91cb:Tim Brooke-Taylor (Himself);wtzft1x0:Ross Noble (Himself);,
54x04,2011-01-17,goz3ofbt:Jack Dee (Himself - Host);t4r1ivmw:Barry Cryer (Himself);0i00czvq:Graeme Garden (Himself);tn2a91cb:Tim Brooke-Taylor (Himself);wtzft1x0:Ross Noble (Himself);,
54x05,2011-01-24,goz3ofbt:Jack Dee (Himself - Host);t4r1ivmw:Barry Cryer (Himself);0i00czvq:Graeme Garden (Himself);tn2a91cb:Tim Brooke-Taylor (Himself);9hgf4amz:Rob Brydon (Himself);,
54x06,2011-01-31,goz3ofbt:Jack Dee (Himself - Host);t4r1ivmw:Barry Cryer (Himself);0i00czvq:Graeme Garden (Himself);tn2a91cb:Tim Brooke-Taylor (Himself);9hgf4amz:Rob Brydon (Himself);,
55x01,2011-06-27,goz3ofbt:Jack Dee (Himself - Host);t4r1ivmw:Barry Cryer (Himself);0i00czvq:Graeme Garden (Himself);tn2a91cb:Tim Brooke-Taylor (Himself);funl9xzs:Marcus Brigstocke (Himself);,
55x02,2011-07-04,goz3ofbt:Jack Dee (Himself - Host);t4r1ivmw:Barry Cryer (Himself);0i00czvq:Graeme Garden (Himself);tn2a91cb:Tim Brooke-Taylor (Himself);funl9xzs:Marcus Brigstocke (Himself);,
55x03,2011-07-11,goz3ofbt:Jack Dee (Himself - Host);t4r1ivmw:Barry Cryer (Himself);0i00czvq:Graeme Garden (Himself);tn2a91cb:Tim Brooke-Taylor (Himself);m2nw4eae:David Mitchell (Himself);,
55x04,2011-07-18,goz3ofbt:Jack Dee (Himself - Host);t4r1ivmw:Barry Cryer (Himself);0i00czvq:Graeme Garden (Himself);tn2a91cb:Tim Brooke-Taylor (Himself);m2nw4eae:David Mitchell (Himself);,
55x05,2011-07-25,goz3ofbt:Jack Dee (Himself - Host);t4r1ivmw:Barry Cryer (Himself);0i00czvq:Graeme Garden (Himself);tn2a91cb:Tim Brooke-Taylor (Himself);87ulicd3:Jeremy Hardy (Himself);,
55x06,2011-08-01,goz3ofbt:Jack Dee (Himself - Host);t4r1ivmw:Barry Cryer (Himself);0i00czvq:Graeme Garden (Himself);tn2a91cb:Tim Brooke-Taylor (Himself);87ulicd3:Jeremy Hardy (Himself);,
56x01,2011-11-14,goz3ofbt:Jack Dee (Himself - Host);t4r1ivmw:Barry Cryer (Himself);0i00czvq:Graeme Garden (Himself);tn2a91cb:Tim Brooke-Taylor (Himself);87ulicd3:Jeremy Hardy (Himself);,
56x02,2011-11-21,goz3ofbt:Jack Dee (Himself - Host);t4r1ivmw:Barry Cryer (Himself);0i00czvq:Graeme Garden (Himself);tn2a91cb:Tim Brooke-Taylor (Himself);87ulicd3:Jeremy Hardy (Himself);,
56x03,2011-11-28,goz3ofbt:Jack Dee (Himself - Host);t4r1ivmw:Barry Cryer (Himself);0i00czvq:Graeme Garden (Himself);tn2a91cb:Tim Brooke-Taylor (Himself);funl9xzs:Marcus Brigstocke (Himself);,
56x04,2011-12-05,goz3ofbt:Jack Dee (Himself - Host);t4r1ivmw:Barry Cryer (Himself);0i00czvq:Graeme Garden (Himself);tn2a91cb:Tim Brooke-Taylor (Himself);funl9xzs:Marcus Brigstocke (Himself);,
56x05,2011-12-12,goz3ofbt:Jack Dee (Himself - Host);t4r1ivmw:Barry Cryer (Himself);0i00czvq:Graeme Garden (Himself);tn2a91cb:Tim Brooke-Taylor (Himself);4mzh48iq:Andy Hamilton (Himself);,
56x06,2011-12-12,goz3ofbt:Jack Dee (Himself - Host);t4r1ivmw:Barry Cryer (Himself);0i00czvq:Graeme Garden (Himself);tn2a91cb:Tim Brooke-Taylor (Himself);4mzh48iq:Andy Hamilton (Himself);,
57x01,2012-06-25,87ulicd3:Jeremy Hardy (Himself);tn2a91cb:Tim Brooke-Taylor (Himself);ltky6r8w:Tony Hawks (Himself);t4r1ivmw:Barry Cryer (Himself);goz3ofbt:Jack Dee (Himself - Host);,
57x02,2012-07-02,t4r1ivmw:Barry Cryer (Himself);goz3ofbt:Jack Dee (Himself - Host);ltky6r8w:Tony Hawks (Himself);tn2a91cb:Tim Brooke-Taylor (Himself);87ulicd3:Jeremy Hardy (Himself);,
57x03,2012-07-09,goz3ofbt:Jack Dee (Himself - Host);t4r1ivmw:Barry Cryer (Himself);0i00czvq:Graeme Garden (Himself);tn2a91cb:Tim Brooke-Taylor (Himself);9hgf4amz:Rob Brydon (Himself);,
57x04,2012-07-16,goz3ofbt:Jack Dee (Himself - Host);t4r1ivmw:Barry Cryer (Himself);0i00czvq:Graeme Garden (Himself);tn2a91cb:Tim Brooke-Taylor (Himself);9hgf4amz:Rob Brydon (Himself);,
57x05,2012-07-23,t4r1ivmw:Barry Cryer (Himself);goz3ofbt:Jack Dee (Himself - Host);0i00czvq:Graeme Garden (Himself);tn2a91cb:Tim Brooke-Taylor (Himself);wtzft1x0:Ross Noble (Himself);,
57x06,2012-07-30,0i00czvq:Graeme Garden (Himself);t4r1ivmw:Barry Cryer (Himself);tn2a91cb:Tim Brooke-Taylor (Himself);wtzft1x0:Ross Noble (Himself);goz3ofbt:Jack Dee (Himself - Host);,
58x01,2012-11-12,0i00czvq:Graeme Garden (Himself);goz3ofbt:Jack Dee (Himself - Host);t4r1ivmw:Barry Cryer (Himself);tn2a91cb:Tim Brooke-Taylor (Himself);ltky6r8w:Tony Hawks (Himself);,
58x02,2012-11-19,0i00czvq:Graeme Garden (Himself);t4r1ivmw:Barry Cryer (Himself);goz3ofbt:Jack Dee (Himself - Host);tn2a91cb:Tim Brooke-Taylor (Himself);ltky6r8w:Tony Hawks (Himself);,
58x03,2012-11-26,87ulicd3:Jeremy Hardy (Himself);tn2a91cb:Tim Brooke-Taylor (Himself);goz3ofbt:Jack Dee (Himself - Host);0i00czvq:Graeme Garden (Himself);t4r1ivmw:Barry Cryer (Himself);,
58x04,2012-12-03,goz3ofbt:Jack Dee (Himself - Host);tn2a91cb:Tim Brooke-Taylor (Himself);87ulicd3:Jeremy Hardy (Himself);t4r1ivmw:Barry Cryer (Himself);0i00czvq:Graeme Garden (Himself);,
58x05,2012-12-10,0i00czvq:Graeme Garden (Himself);tn2a91cb:Tim Brooke-Taylor (Himself);3pq3saf7:Victoria Wood (Herself);t4r1ivmw:Barry Cryer (Himself);goz3ofbt:Jack Dee (Himself - Host);,
58x06,2012-12-17,t4r1ivmw:Barry Cryer (Himself);0i00czvq:Graeme Garden (Himself);tn2a91cb:Tim Brooke-Taylor (Himself);3pq3saf7:Victoria Wood (Herself);goz3ofbt:Jack Dee (Himself - Host);,
59x01,2013-07-01,tn2a91cb:Tim Brooke-Taylor (Himself);ltky6r8w:Tony Hawks (Himself);0i00czvq:Graeme Garden (Himself);t4r1ivmw:Barry Cryer (Himself);goz3ofbt:Jack Dee (Himself - Host);,
59x02,2013-07-08,goz3ofbt:Jack Dee (Himself - Host);t4r1ivmw:Barry Cryer (Himself);tn2a91cb:Tim Brooke-Taylor (Himself);ltky6r8w:Tony Hawks (Himself);0i00czvq:Graeme Garden (Himself);,
59x03,2013-07-15,0i00czvq:Graeme Garden (Himself);tn2a91cb:Tim Brooke-Taylor (Himself);t4r1ivmw:Barry Cryer (Himself);goz3ofbt:Jack Dee (Himself - Host);lcx9zc14:Miles Jupp (Himself);,
59x04,2013-07-22,lcx9zc14:Miles Jupp (Himself);0i00czvq:Graeme Garden (Himself);goz3ofbt:Jack Dee (Himself - Host);t4r1ivmw:Barry Cryer (Himself);tn2a91cb:Tim Brooke-Taylor (Himself);,
59x05,2013-07-29,0i00czvq:Graeme Garden (Himself);goz3ofbt:Jack Dee (Himself - Host);9hgf4amz:Rob Brydon (Himself);t4r1ivmw:Barry Cryer (Himself);tn2a91cb:Tim Brooke-Taylor (Himself);,
59x06,2013-08-05,9hgf4amz:Rob Brydon (Himself);tn2a91cb:Tim Brooke-Taylor (Himself);goz3ofbt:Jack Dee (Himself - Host);t4r1ivmw:Barry Cryer (Himself);0i00czvq:Graeme Garden (Himself);,
60x01,2013-11-11,df8k5tz6:John Finnemore (Himself);0i00czvq:Graeme Garden (Himself);t4r1ivmw:Barry Cryer (Himself);goz3ofbt:Jack Dee (Himself - Host);tn2a91cb:Tim Brooke-Taylor (Himself);,
60x02,2013-11-18,0i00czvq:Graeme Garden (Himself);df8k5tz6:John Finnemore (Himself);tn2a91cb:Tim Brooke-Taylor (Himself);t4r1ivmw:Barry Cryer (Himself);goz3ofbt:Jack Dee (Himself - Host);,
60x03,2013-11-25,goz3ofbt:Jack Dee (Himself - Host);t4r1ivmw:Barry Cryer (Himself);0i00czvq:Graeme Garden (Himself);tn2a91cb:Tim Brooke-Taylor (Himself);3pq3saf7:Victoria Wood (Herself);,
60x04,2013-12-02,goz3ofbt:Jack Dee (Himself - Host);t4r1ivmw:Barry Cryer (Himself);0i00czvq:Graeme Garden (Himself);tn2a91cb:Tim Brooke-Taylor (Himself);3pq3saf7:Victoria Wood (Herself);,
60x05,2013-12-09,goz3ofbt:Jack Dee (Himself - Host);t4r1ivmw:Barry Cryer (Himself);0i00czvq:Graeme Garden (Himself);tn2a91cb:Tim Brooke-Taylor (Himself);m2nw4eae:David Mitchell (Himself);,
60x06,2013-12-16,goz3ofbt:Jack Dee (Himself - Host);m2nw4eae:David Mitchell (Himself);tn2a91cb:Tim Brooke-Taylor (Himself);0i00czvq:Graeme Garden (Himself);t4r1ivmw:Barry Cryer (Himself);,
61x01,2014-06-30,goz3ofbt:Jack Dee (Himself - Host);t4r1ivmw:Barry Cryer (Himself);tn2a91cb:Tim Brooke-Taylor (Himself);nlbhhrhx:Susan Calman (Herself);0i00czvq:Graeme Garden (Himself);,
61x02,2014-07-07,goz3ofbt:Jack Dee (Himself - Host);t4r1ivmw:Barry Cryer (Himself);0i00czvq:Graeme Garden (Himself);tn2a91cb:Tim Brooke-Taylor (Himself);nlbhhrhx:Susan Calman (Herself);,
61x03,2014-07-14,tkd7ts9x:Harry Hill (Himself);tn2a91cb:Tim Brooke-Taylor (Himself);0i00czvq:Graeme Garden (Himself);t4r1ivmw:Barry Cryer (Himself);goz3ofbt:Jack Dee (Himself - Host);,
61x04,2014-07-21,tkd7ts9x:Harry Hill (Himself);tn2a91cb:Tim Brooke-Taylor (Himself);0i00czvq:Graeme Garden (Himself);t4r1ivmw:Barry Cryer (Himself);goz3ofbt:Jack Dee (Himself - Host);,
61x05,2014-07-28,0i00czvq:Graeme Garden (Himself);goz3ofbt:Jack Dee (Himself - Host);t4r1ivmw:Barry Cryer (Himself);tn2a91cb:Tim Brooke-Taylor (Himself);4mzh48iq:Andy Hamilton (Himself);,
61x06,2014-08-04,4mzh48iq:Andy Hamilton (Himself);tn2a91cb:Tim Brooke-Taylor (Himself);0i00czvq:Graeme Garden (Himself);t4r1ivmw:Barry Cryer (Himself);goz3ofbt:Jack Dee (Himself - Host);,
62x01,2014-11-17,goz3ofbt:Jack Dee (Himself - Host);t4r1ivmw:Barry Cryer (Himself);b93y6vnu:Jo Brand (Herself);0i00czvq:Graeme Garden (Himself);tn2a91cb:Tim Brooke-Taylor (Himself);,
62x02,2014-11-24,tn2a91cb:Tim Brooke-Taylor (Himself);0i00czvq:Graeme Garden (Himself);t4r1ivmw:Barry Cryer (Himself);goz3ofbt:Jack Dee (Himself - Host);b93y6vnu:Jo Brand (Herself);,
62x03,2014-12-01,t4r1ivmw:Barry Cryer (Himself);0i00czvq:Graeme Garden (Himself);tn2a91cb:Tim Brooke-Taylor (Himself);q6xkq8v3:Omid Djalili (Himself);goz3ofbt:Jack Dee (Himself - Host);,
62x04,2014-12-08,q6xkq8v3:Omid Djalili (Himself);tn2a91cb:Tim Brooke-Taylor (Himself);t4r1ivmw:Barry Cryer (Himself);goz3ofbt:Jack Dee (Himself - Host);0i00czvq:Graeme Garden (Himself);,
62x05,2014-12-15,nlbhhrhx:Susan Calman (Herself);goz3ofbt:Jack Dee (Himself - Host);df8k5tz6:John Finnemore (Himself);ltky6r8w:Tony Hawks (Himself);0i00czvq:Graeme Garden (Himself);,
62x06,2014-12-22,0i00czvq:Graeme Garden (Himself);nlbhhrhx:Susan Calman (Herself);ltky6r8w:Tony Hawks (Himself);t4r1ivmw:Barry Cryer (Himself);goz3ofbt:Jack Dee (Himself - Host);,
63x01,2015-07-13,tn2a91cb:Tim Brooke-Taylor (Himself);0i00czvq:Graeme Garden (Himself);t4r1ivmw:Barry Cryer (Himself);lcx9zc14:Miles Jupp (Himself);goz3ofbt:Jack Dee (Himself - Host);,
63x02,2015-07-20,tn2a91cb:Tim Brooke-Taylor (Himself);0i00czvq:Graeme Garden (Himself);t4r1ivmw:Barry Cryer (Himself);lcx9zc14:Miles Jupp (Himself);goz3ofbt:Jack Dee (Himself - Host);,
63x03,2015-07-27,tn2a91cb:Tim Brooke-Taylor (Himself);0i00czvq:Graeme Garden (Himself);t4r1ivmw:Barry Cryer (Himself);q6xkq8v3:Omid Djalili (Himself);goz3ofbt:Jack Dee (Himself - Host);,
63x04,2015-08-03,tn2a91cb:Tim Brooke-Taylor (Himself);0i00czvq:Graeme Garden (Himself);t4r1ivmw:Barry Cryer (Himself);q6xkq8v3:Omid Djalili (Himself);goz3ofbt:Jack Dee (Himself - Host);,
63x05,2015-08-10,tn2a91cb:Tim Brooke-Taylor (Himself);0i00czvq:Graeme Garden (Himself);t4r1ivmw:Barry Cryer (Himself);goz3ofbt:Jack Dee (Himself - Host);nlbhhrhx:Susan Calman (Herself);,
63x06,2015-08-17,tn2a91cb:Tim Brooke-Taylor (Himself);0i00czvq:Graeme Garden (Himself);t4r1ivmw:Barry Cryer (Himself);goz3ofbt:Jack Dee (Himself - Host);4mzh48iq:Andy Hamilton (Himself);,
64x01,2015-11-30,goz3ofbt:Jack Dee (Himself - Host);tn2a91cb:Tim Brooke-Taylor (Himself);0i00czvq:Graeme Garden (Himself);t4r1ivmw:Barry Cryer (Himself);ltky6r8w:Tony Hawks (Himself);,
64x02,2015-12-07,goz3ofbt:Jack Dee (Himself - Host);tn2a91cb:Tim Brooke-Taylor (Himself);0i00czvq:Graeme Garden (Himself);t4r1ivmw:Barry Cryer (Himself);ltky6r8w:Tony Hawks (Himself);,
64x03,2015-12-14,goz3ofbt:Jack Dee (Himself - Host);tn2a91cb:Tim Brooke-Taylor (Himself);0i00czvq:Graeme Garden (Himself);t4r1ivmw:Barry Cryer (Himself);nch01m5e:Sandi Toksvig (Herself);,
64x04,2015-12-21,goz3ofbt:Jack Dee (Himself - Host);tn2a91cb:Tim Brooke-Taylor (Himself);0i00czvq:Graeme Garden (Himself);t4r1ivmw:Barry Cryer (Himself);nch01m5e:Sandi Toksvig (Herself);,
64x05,2015-12-28,goz3ofbt:Jack Dee (Himself - Host);tn2a91cb:Tim Brooke-Taylor (Himself);9hgf4amz:Rob Brydon (Himself);t4r1ivmw:Barry Cryer (Himself);87ulicd3:Jeremy Hardy (Himself);,
64x06,2016-01-04,goz3ofbt:Jack Dee (Himself - Host);tn2a91cb:Tim Brooke-Taylor (Himself);9hgf4amz:Rob Brydon (Himself);t4r1ivmw:Barry Cryer (Himself);87ulicd3:Jeremy Hardy (Himself);,